"Open","High","Low","Close","Volume","Adjusted","Date"
17.66,17.66,17.66,17.66,0,17.66,"1927-12-30"
17.76,17.76,17.26,17.57,0,17.57,"1928-01-31"
17.530001,17.629999,16.950001,17.26,0,17.26,"1928-02-29"
17.299999,19.280001,17.299999,19.280001,0,19.280001,"1928-03-30"
18.91,19.75,18.91,19.75,0,19.75,"1928-04-30"
19.780001,20.440001,19.360001,20,0,20,"1928-05-31"
20.07,20.07,18.34,19.139999,0,19.139999,"1928-06-29"
18.98,19.48,18.700001,19.43,0,19.43,"1928-07-31"
19.42,20.870001,19.129999,20.870001,0,20.870001,"1928-08-31"
20.969999,21.43,20.92,21.139999,0,21.139999,"1928-09-28"
21.360001,22,21.110001,21.68,0,21.68,"1928-10-31"
21.99,24.280001,21.950001,24.280001,0,24.280001,"1928-11-30"
23.85,24.35,22.309999,24.35,0,24.35,"1928-12-31"
24.809999,25.74,24.17,25.74,0,25.74,"1929-01-31"
25.84,25.84,24.35,25.59,0,25.59,"1929-02-28"
25.83,26.08,24.35,25.530001,0,25.530001,"1929-03-28"
24.879999,25.940001,24.629999,25.940001,0,25.940001,"1929-04-30"
25.99,26.370001,24.200001,24.83,0,24.83,"1929-05-31"
25.27,27.41,25.27,27.41,0,27.41,"1929-06-28"
27.77,28.879999,27.77,28.879999,0,28.879999,"1929-07-31"
29.08,31.709999,28.379999,31.709999,0,31.709999,"1929-08-30"
31.82,31.860001,30.16,30.16,0,30.16,"1929-09-30"
29.98,30.809999,20.43,24.15,0,24.15,"1929-10-31"
22.879999,22.879999,17.66,20.92,0,20.92,"1929-11-27"
20.950001,22.57,20.16,21.450001,0,21.450001,"1929-12-31"
21.18,22.790001,21.18,22.790001,0,22.790001,"1930-01-31"
22.74,23.360001,22.639999,23.280001,0,23.280001,"1930-02-28"
23.360001,24.85,23.360001,24.15,0,24.15,"1930-03-31"
25.370001,25.92,24.73,24.9,0,24.9,"1930-04-30"
24.299999,24.57,22.98,24.49,0,24.49,"1930-05-29"
24.4,24.4,19.389999,20.459999,0,20.459999,"1930-06-30"
20.24,21.82,19.83,21.209999,0,21.209999,"1930-07-31"
21.110001,21.52,19.879999,21.370001,0,21.370001,"1930-08-29"
21.379999,21.860001,18.59,18.59,0,18.59,"1930-09-30"
19.42,19.42,16.9,16.940001,0,16.940001,"1930-10-31"
17.129999,17.200001,15.54,16.379999,0,16.379999,"1930-11-28"
16.799999,16.959999,14.44,15.34,0,15.34,"1930-12-31"
15.85,16.42,15.09,16.190001,0,16.190001,"1931-01-30"
16.16,18.17,16.16,18.030001,0,18.030001,"1931-02-27"
17.52,18.059999,16.66,16.690001,0,16.690001,"1931-03-31"
16.52,16.719999,14.37,15.09,0,15.09,"1931-04-30"
14.65,15.44,13.02,13.02,0,13.02,"1931-05-29"
12.4,15.35,12.2,14.83,0,14.83,"1931-06-30"
15.07,15.26,13.73,13.73,0,13.73,"1931-07-31"
13.93,14.29,13.55,13.86,0,13.86,"1931-08-31"
13.92,13.92,9.71,9.71,0,9.71,"1931-09-30"
9.53,10.96,8.82,10.43,0,10.43,"1931-10-30"
10.5,11.52,9.31,9.5,0,9.5,"1931-11-30"
9.38,9.38,7.72,8.12,0,8.12,"1931-12-31"
7.56,8.92,7.55,7.94,0,7.94,"1932-01-29"
8.23,8.84,7.5,8.29,0,8.29,"1932-02-29"
8.35,8.98,7.31,7.31,0,7.31,"1932-03-31"
7.18,7.18,5.83,5.83,0,5.83,"1932-04-29"
5.74,6.09,4.47,4.47,0,4.47,"1932-05-31"
4.4,5.12,4.4,4.43,0,4.43,"1932-06-30"
4.6,6.03,4.41,6.03,0,6.03,"1932-07-29"
6.11,8.58,5.87,8.39,0,8.39,"1932-08-31"
8.47,9.31,7.34,8.08,0,8.08,"1932-09-30"
8.06,8.06,6.42,6.96,0,6.96,"1932-10-31"
6.76,7.68,6.48,6.55,0,6.55,"1932-11-30"
6.73,7.12,6.47,6.92,0,6.92,"1932-12-30"
6.83,7.34,6.83,6.94,0,6.94,"1933-01-31"
6.67,6.76,5.53,5.66,0,5.66,"1933-02-28"
5.77,6.93,5.65,5.85,0,5.85,"1933-03-31"
5.87,7.91,5.87,7.83,0,7.83,"1933-04-28"
8.43,9.78,8.34,9.64,0,9.64,"1933-05-31"
9.74,10.98,9.74,10.91,0,10.91,"1933-06-30"
11.62,12.2,9.65,9.95,0,9.95,"1933-07-31"
10.25,11.28,10.05,11.09,0,11.09,"1933-08-31"
11.23,11.23,9.65,9.72,0,9.72,"1933-09-29"
9.62,10.32,8.61,8.96,0,8.96,"1933-10-31"
9.12,10.23,9.12,9.88,0,9.88,"1933-11-29"
9.91,10.31,9.55,9.97,0,9.97,"1933-12-29"
10.11,11.33,9.76,11.17,0,11.17,"1934-01-31"
11.46,11.82,10.69,10.76,0,10.76,"1934-02-28"
10.72,11.07,10.42,10.62,0,10.62,"1934-03-29"
10.76,11.16,10.46,10.46,0,10.46,"1934-04-30"
10.46,10.46,9.45,9.61,0,9.61,"1934-05-31"
9.38,10.37,9.38,9.81,0,9.81,"1934-06-29"
9.69,9.99,8.36,8.68,0,8.68,"1934-07-31"
8.95,9.52,8.69,9.15,0,9.15,"1934-08-31"
9.06,9.21,8.45,9.08,0,9.08,"1934-09-28"
8.83,9.19,8.76,8.81,0,8.81,"1934-10-31"
8.77,9.54,8.77,9.54,0,9.54,"1934-11-30"
9.41,9.56,9.02,9.5,0,9.5,"1934-12-31"
9.51,9.58,8.96,9.1,0,9.1,"1935-01-31"
9.05,9.34,8.74,8.74,0,8.74,"1935-02-28"
8.79,8.79,8.06,8.45,0,8.45,"1935-03-29"
8.54,9.44,8.22,9.28,0,9.28,"1935-04-30"
9.23,10.07,9.15,9.58,0,9.58,"1935-05-31"
9.67,10.47,9.67,10.24,0,10.24,"1935-06-28"
10.28,11.08,10.28,11.08,0,11.08,"1935-07-31"
11.04,11.67,10.62,11.24,0,11.24,"1935-08-30"
11.21,11.92,11.21,11.59,0,11.59,"1935-09-30"
11.48,12.46,11.1,12.46,0,12.46,"1935-10-31"
12.61,13.46,12.61,12.94,0,12.94,"1935-11-29"
12.75,13.43,12.75,13.43,0,13.43,"1935-12-31"
13.4,14.31,13.4,14.31,0,14.31,"1936-01-31"
14.44,14.87,14.32,14.6,0,14.6,"1936-02-28"
14.77,15.1,14.24,14.92,0,14.92,"1936-03-31"
15.19,15.51,13.53,13.77,0,13.77,"1936-04-30"
13.87,14.45,13.82,14.4,0,14.4,"1936-05-29"
14.39,15.16,14.12,14.84,0,14.84,"1936-06-30"
14.9,16.15,14.81,15.85,0,15.85,"1936-07-31"
15.91,16.200001,15.32,15.99,0,15.99,"1936-08-31"
15.95,16.290001,15,16.01,0,16.01,"1936-09-30"
16.040001,17.23,16.040001,17.23,0,17.23,"1936-10-30"
17.17,17.690001,16.889999,17.280001,0,17.280001,"1936-11-30"
17.139999,17.32,16.65,17.18,0,17.18,"1936-12-31"
16.93,17.959999,16.93,17.77,0,17.77,"1937-01-29"
17.879999,18.370001,17.860001,18.059999,0,18.059999,"1937-02-26"
18.09,18.67,17.219999,17.92,0,17.92,"1937-03-31"
17.709999,17.709999,15.99,16.43,0,16.43,"1937-04-30"
16.469999,16.73,15.62,16.26,0,16.26,"1937-05-28"
15.96,16.280001,15.12,15.4,0,15.4,"1937-06-30"
15.47,17.059999,15.47,16.77,0,16.77,"1937-07-30"
17.07,17.27,15.88,16.040001,0,16.040001,"1937-08-31"
15.61,15.61,13.2,13.76,0,13.76,"1937-09-30"
13.72,13.72,10.76,12.35,0,12.35,"1937-10-29"
12.08,12.08,10.17,11.11,0,11.11,"1937-11-30"
10.97,11.42,10.31,10.55,0,10.55,"1937-12-31"
10.52,11.95,10.52,10.69,0,10.69,"1938-01-31"
10.89,11.68,10.34,11.34,0,11.34,"1938-02-28"
11.46,11.46,8.5,8.5,0,8.5,"1938-03-31"
8.91,10.45,8.91,9.78,0,9.78,"1938-04-29"
9.59,10.63,9.27,9.27,0,9.27,"1938-05-31"
9.57,11.72,9.42,11.56,0,11.56,"1938-06-30"
11.91,12.8,11.73,12.33,0,12.33,"1938-07-29"
12.25,12.73,11.85,12.06,0,12.06,"1938-08-31"
11.92,12.41,10.99,12.24,0,12.24,"1938-09-30"
12.52,13.91,12.48,13.17,0,13.17,"1938-10-31"
13.1,13.79,12.37,12.73,0,12.73,"1938-11-30"
12.61,13.14,12.32,13.14,0,13.14,"1938-12-30"
13.08,13.23,11.53,12.3,0,12.3,"1939-01-31"
12.12,12.7,12.12,12.7,0,12.7,"1939-02-28"
12.7,13.1,10.98,10.98,0,10.98,"1939-03-31"
11.26,11.26,10.42,10.93,0,10.93,"1939-04-28"
10.86,11.65,10.86,11.6,0,11.6,"1939-05-31"
11.42,11.8,10.79,10.86,0,10.86,"1939-06-30"
11,12.18,11,12.04,0,12.04,"1939-07-31"
12.04,12.16,10.86,11.18,0,11.18,"1939-08-31"
11.3,13.17,11.3,12.79,0,12.79,"1939-09-29"
12.88,13.21,12.73,12.83,0,12.83,"1939-10-31"
12.82,12.95,12.2,12.2,0,12.2,"1939-11-30"
12.29,12.46,12.19,12.46,0,12.46,"1939-12-29"
12.63,12.77,12.05,12.05,0,12.05,"1940-01-31"
12.05,12.37,12.04,12.13,0,12.13,"1940-02-29"
12.06,12.27,12,12.18,0,12.18,"1940-03-29"
12.21,12.59,12.04,12.19,0,12.19,"1940-04-30"
12.03,12.12,9.14,9.27,0,9.27,"1940-05-31"
9.11,10.1,8.99,9.98,0,9.98,"1940-06-28"
9.87,10.33,9.85,10.29,0,10.29,"1940-07-31"
10.26,10.5,9.84,10.5,0,10.5,"1940-08-30"
10.56,10.93,10.3,10.66,0,10.66,"1940-09-30"
10.81,11.08,10.47,11.08,0,11.08,"1940-10-31"
11.08,11.39,10.56,10.57,0,10.57,"1940-11-29"
10.62,10.69,10.38,10.58,0,10.58,"1940-12-31"
10.48,10.86,10.04,10.07,0,10.07,"1941-01-31"
9.96,10.19,9.53,9.92,0,9.92,"1941-02-28"
9.77,10.1,9.76,9.96,0,9.96,"1941-03-31"
9.97,10.16,9.31,9.31,0,9.31,"1941-04-30"
9.3,9.56,9.3,9.38,0,9.38,"1941-05-29"
9.36,9.95,9.36,9.85,0,9.85,"1941-06-30"
9.82,10.47,9.82,10.39,0,10.39,"1941-07-31"
10.34,10.36,10.03,10.28,0,10.28,"1941-08-29"
10.34,10.47,10.09,10.2,0,10.2,"1941-09-30"
10.17,10.17,9.5,9.5,0,9.5,"1941-10-31"
9.59,9.66,9.12,9.12,0,9.12,"1941-11-28"
9.07,9.38,8.37,8.69,0,8.69,"1941-12-31"
8.89,9.09,8.81,8.85,0,8.85,"1942-01-30"
8.84,8.97,8.46,8.59,0,8.59,"1942-02-27"
8.47,8.6,7.98,8.01,0,8.01,"1942-03-31"
8.05,8.2,7.47,7.66,0,7.66,"1942-04-30"
7.71,8.18,7.71,8.15,0,8.15,"1942-05-29"
8.19,8.53,8.18,8.3,0,8.3,"1942-06-30"
8.23,8.83,8.23,8.56,0,8.56,"1942-07-31"
8.57,8.73,8.46,8.62,0,8.62,"1942-08-31"
8.62,8.9,8.54,8.85,0,8.85,"1942-09-30"
8.92,9.48,8.92,9.36,0,9.36,"1942-10-30"
9.48,9.69,9.29,9.29,0,9.29,"1942-11-30"
9.28,9.77,9.28,9.77,0,9.77,"1942-12-31"
9.92,10.44,9.89,10.44,0,10.44,"1943-01-29"
10.52,10.97,10.43,10.97,0,10.97,"1943-02-26"
10.92,11.59,10.84,11.58,0,11.58,"1943-03-31"
11.59,11.76,11.14,11.59,0,11.59,"1943-04-30"
11.82,12.05,11.7,12.05,0,12.05,"1943-05-28"
12.18,12.35,11.88,12.35,0,12.35,"1943-06-30"
12.36,12.64,11.85,11.85,0,11.85,"1943-07-30"
11.47,11.92,11.47,11.8,0,11.8,"1943-08-31"
11.84,12.24,11.78,12.08,0,12.08,"1943-09-30"
12.09,12.09,11.67,11.91,0,11.91,"1943-10-29"
11.92,11.92,10.99,11.02,0,11.02,"1943-11-30"
11.13,11.69,11.13,11.67,0,11.67,"1943-12-31"
11.66,11.94,11.66,11.85,0,11.85,"1944-01-31"
11.83,11.89,11.56,11.82,0,11.82,"1944-02-29"
11.87,12.31,11.87,12.02,0,12.02,"1944-03-31"
11.96,12.06,11.67,11.87,0,11.87,"1944-04-28"
11.96,12.35,11.95,12.35,0,12.35,"1944-05-31"
12.31,13.02,12.23,12.98,0,12.98,"1944-06-30"
13.11,13.27,12.7,12.71,0,12.71,"1944-07-31"
12.78,13.04,12.61,12.82,0,12.82,"1944-08-31"
12.86,12.86,12.35,12.74,0,12.74,"1944-09-29"
12.8,13.07,12.73,12.78,0,12.78,"1944-10-31"
12.83,12.98,12.67,12.83,0,12.83,"1944-11-30"
12.8,13.28,12.8,13.28,0,13.28,"1944-12-29"
13.33,13.69,13.21,13.47,0,13.47,"1945-01-31"
13.5,14.3,13.5,14.3,0,14.3,"1945-02-28"
14.32,14.38,13.39,13.61,0,13.61,"1945-03-29"
13.77,14.84,13.67,14.84,0,14.84,"1945-04-30"
14.79,15.11,14.62,15.01,0,15.01,"1945-05-31"
15.03,15.37,14.87,14.87,0,14.87,"1945-06-29"
15.03,15.1,14.38,14.66,0,14.66,"1945-07-31"
14.68,15.51,14.4,15.51,0,15.51,"1945-08-31"
15.51,16.049999,15.51,16.049999,0,16.049999,"1945-09-28"
16.33,16.719999,16.299999,16.65,0,16.65,"1945-10-31"
16.870001,17.27,16.85,17.190001,0,17.190001,"1945-11-30"
17.440001,17.68,16.940001,17.360001,0,17.360001,"1945-12-31"
17.25,18.67,17.23,18.57,0,18.57,"1946-01-31"
18.639999,18.700001,16.809999,17.280001,0,17.280001,"1946-02-28"
17.209999,18.07,17.09,18.040001,0,18.040001,"1946-03-29"
18.059999,18.9,18.059999,18.76,0,18.76,"1946-04-30"
18.709999,19.25,18.26,19.18,0,19.18,"1946-05-31"
19.049999,19.049999,18.030001,18.43,0,18.43,"1946-06-28"
18.540001,18.540001,17.389999,17.959999,0,17.959999,"1946-07-31"
18.01,18.23,16.65,16.65,0,16.65,"1946-08-30"
15,15.99,14.33,14.96,0,14.96,"1946-09-30"
14.92,15.3,14.12,14.84,0,14.84,"1946-10-31"
15.07,15.33,14.13,14.68,0,14.68,"1946-11-29"
14.44,15.5,14.44,15.3,0,15.3,"1946-12-31"
15.2,15.66,14.77,15.66,0,15.66,"1947-01-31"
15.8,16.139999,15.3,15.43,0,15.43,"1947-02-28"
15.41,15.65,14.78,15.17,0,15.17,"1947-03-31"
15.23,15.23,14.09,14.58,0,14.58,"1947-04-30"
14.69,14.85,13.77,14.45,0,14.45,"1947-05-29"
14.3,15.24,14.3,15.21,0,15.21,"1947-06-30"
15.46,16.120001,15.44,15.76,0,15.76,"1947-07-31"
15.8,15.8,15.22,15.32,0,15.32,"1947-08-29"
15.37,15.37,14.85,15.11,0,15.11,"1947-09-30"
15.16,15.79,15.16,15.43,0,15.43,"1947-10-31"
15.46,15.46,14.98,14.98,0,14.98,"1947-11-28"
15.07,15.3,14.63,15.3,0,15.3,"1947-12-31"
15.34,15.34,14.32,14.68,0,14.68,"1948-01-30"
14.71,14.71,13.85,13.93,0,13.93,"1948-02-27"
14.07,15.08,13.84,15.08,0,15.08,"1948-03-31"
15.12,15.78,15.12,15.48,0,15.48,"1948-04-30"
15.6,16.690001,15.5,16.690001,0,16.690001,"1948-05-28"
16.74,17.059999,16.540001,16.74,0,16.74,"1948-06-30"
16.700001,16.92,15.72,15.85,0,15.85,"1948-07-30"
15.85,16.15,15.67,15.97,0,15.97,"1948-08-31"
16.16,16.35,15.19,15.49,0,15.49,"1948-09-30"
15.67,16.610001,15.67,16.5,0,16.5,"1948-10-29"
16.700001,16.700001,14.75,14.75,0,14.75,"1948-11-30"
15.01,15.33,15,15.2,0,15.2,"1948-12-31"
14.95,15.61,14.95,15.22,0,15.22,"1949-01-31"
15.34,15.35,14.38,14.62,0,14.62,"1949-02-28"
14.71,15.22,14.65,15.06,0,15.06,"1949-03-31"
14.94,15.07,14.68,14.71,0,14.71,"1949-04-29"
14.78,15.02,14.19,14.19,0,14.19,"1949-05-31"
14.14,14.16,13.55,14.16,0,14.16,"1949-06-30"
14.26,15.06,14.26,15.04,0,15.04,"1949-07-29"
15.12,15.51,15.12,15.22,0,15.22,"1949-08-31"
15.31,15.74,15.19,15.58,0,15.58,"1949-09-30"
15.6,16.15,15.6,16.040001,0,16.040001,"1949-10-31"
16.200001,16.33,15.75,16.059999,0,16.059999,"1949-11-30"
16.15,16.790001,16.15,16.790001,0,16.790001,"1949-12-30"
16.66,17.09,16.66,17.049999,38770000,17.049999,"1950-01-31"
17.049999,17.32,16.99,17.219999,30200000,17.219999,"1950-02-28"
17.24,17.559999,17.07,17.290001,37450000,17.290001,"1950-03-31"
17.530001,18.049999,17.530001,17.959999,42630000,17.959999,"1950-04-28"
18.219999,18.780001,18.110001,18.780001,42230000,18.780001,"1950-05-31"
18.77,19.4,17.440001,17.690001,45660000,17.690001,"1950-06-30"
17.639999,17.91,16.68,17.84,44570000,17.84,"1950-07-31"
18.02,18.82,17.950001,18.42,38900000,18.42,"1950-08-31"
18.549999,19.450001,18.540001,19.450001,38590000,19.450001,"1950-09-29"
19.690001,20.120001,19.530001,19.530001,45190000,19.530001,"1950-10-31"
19.559999,20.32,19.360001,19.51,40840000,19.51,"1950-11-30"
19.66,20.43,19,20.43,55270000,20.43,"1950-12-29"
20.77,21.74,20.690001,21.66,65420000,21.66,"1951-01-31"
21.77,22.200001,21.76,21.799999,37260000,21.799999,"1951-02-28"
21.85,21.950001,21.25,21.48,32430000,21.48,"1951-03-30"
21.32,22.43,21.26,22.43,31750000,22.43,"1951-04-30"
22.530001,22.809999,21.030001,21.52,36170000,21.52,"1951-05-31"
21.48,22.049999,20.959999,20.959999,36220000,20.959999,"1951-06-29"
21.1,22.629999,21.1,22.4,27990000,22.4,"1951-07-31"
22.51,23.280001,22.51,23.280001,33630000,23.280001,"1951-08-31"
23.280001,23.709999,23.26,23.26,36420000,23.26,"1951-09-28"
23.469999,23.85,22.66,22.940001,39250000,22.940001,"1951-10-31"
23.1,23.1,22.4,22.879999,23580000,22.879999,"1951-11-30"
23.01,23.77,23.01,23.77,27560000,23.77,"1951-12-31"
23.799999,24.66,23.74,24.139999,34520000,24.139999,"1952-01-31"
24.299999,24.299999,23.09,23.26,25180000,23.26,"1952-02-29"
23.290001,24.370001,23.290001,24.370001,26580000,24.370001,"1952-03-31"
24.18,24.18,23.32,23.32,27060000,23.32,"1952-04-30"
23.17,23.940001,23.17,23.860001,22450000,23.860001,"1952-05-29"
23.799999,24.959999,23.780001,24.959999,25530000,24.959999,"1952-06-30"
25.120001,25.4,24.809999,25.4,24100000,25.4,"1952-07-31"
25.450001,25.549999,24.83,25.030001,20890000,25.030001,"1952-08-29"
25.15,25.25,24.450001,24.540001,24100000,24.540001,"1952-09-30"
24.48,24.58,23.799999,24.52,25940000,24.52,"1952-10-31"
24.6,25.66,24.6,25.66,30210000,25.66,"1952-11-28"
25.68,26.59,25.610001,26.57,40480000,26.57,"1952-12-31"
26.540001,26.66,25.860001,26.379999,34060000,26.379999,"1953-01-30"
26.51,26.540001,25.48,25.9,30170000,25.9,"1953-02-27"
25.93,26.33,25.290001,25.290001,42510000,25.290001,"1953-03-31"
25.25,25.25,24.190001,24.620001,34370000,24.620001,"1953-04-30"
24.73,25.059999,24.459999,24.540001,25730000,24.540001,"1953-05-29"
24.15,24.219999,23.540001,24.139999,26080000,24.139999,"1953-06-30"
24.24,24.75,24.07,24.75,22240000,24.75,"1953-07-31"
24.84,24.84,23.32,23.32,23890000,23.32,"1953-08-31"
23.42,23.65,22.709999,23.35,27150000,23.35,"1953-09-30"
23.49,24.58,23.389999,24.540001,25710000,24.540001,"1953-10-30"
24.66,24.76,24.25,24.76,26640000,24.76,"1953-11-30"
24.780001,24.99,24.549999,24.809999,36150000,24.809999,"1953-12-31"
24.950001,26.09,24.799999,26.08,33420000,26.08,"1954-01-29"
25.99,26.299999,25.809999,26.15,33260000,26.15,"1954-02-26"
26.25,26.940001,26.25,26.940001,44050000,26.940001,"1954-03-31"
27.17,28.26,27.01,28.26,43500000,28.26,"1954-04-30"
28.209999,29.190001,28.209999,29.190001,41900000,29.190001,"1954-05-28"
29.190001,29.43,28.15,29.209999,42230000,29.209999,"1954-06-30"
29.209999,30.879999,29.209999,30.879999,51840000,30.879999,"1954-07-30"
30.99,31.209999,29.83,29.83,56900000,29.83,"1954-08-31"
30.040001,32.689999,30.040001,32.310001,41220000,32.310001,"1954-09-30"
32.290001,32.759998,31.68,31.68,44170000,31.68,"1954-10-29"
31.790001,34.549999,31.790001,34.240002,63010000,34.240002,"1954-11-30"
33.990002,35.98,33.990002,35.98,76480000,35.98,"1954-12-31"
36.75,36.75,34.580002,36.630001,74650000,36.630001,"1955-01-31"
36.720001,37.150002,36.439999,36.759998,60810000,36.759998,"1955-02-28"
36.830002,37.52,34.959999,36.580002,65780000,36.580002,"1955-03-31"
36.950001,38.32,36.830002,37.959999,53790000,37.959999,"1955-04-29"
38.040001,38.040001,36.970001,37.91,45450000,37.91,"1955-05-31"
37.959999,41.029999,37.959999,41.029999,58120000,41.029999,"1955-06-30"
41.189999,43.759998,41.189999,43.52,48470000,43.52,"1955-07-29"
42.93,43.18,41.740002,43.18,41800000,43.18,"1955-08-31"
43.369999,45.630001,42.610001,43.669998,60080000,43.669998,"1955-09-30"
42.490002,42.990002,40.799999,42.34,42150000,42.34,"1955-10-31"
42.279999,46.41,42.279999,45.509998,46360000,45.509998,"1955-11-30"
45.349998,45.889999,44.950001,45.48,50990000,45.48,"1955-12-30"
45.16,45.16,43.110001,43.82,47160000,43.82,"1956-01-31"
44.029999,45.43,43.419998,45.34,46370000,45.34,"1956-02-29"
45.540001,48.869999,45.540001,48.48,60310000,48.48,"1956-03-29"
48.700001,48.849998,47.09,48.380001,54100000,48.380001,"1956-04-30"
48.16,48.509998,44.099998,45.200001,53210000,45.200001,"1956-05-31"
45.580002,47.130001,45.139999,46.970001,37180000,46.970001,"1956-06-29"
46.93,49.48,46.93,49.389999,45650000,49.389999,"1956-07-31"
49.619999,49.639999,46.939999,47.509998,44450000,47.509998,"1956-08-31"
47.889999,48.099998,45.349998,45.349998,37220000,45.349998,"1956-09-28"
44.700001,47,44.700001,45.580002,40300000,45.580002,"1956-10-31"
46.52,47.599998,44.380001,45.080002,43550000,45.080002,"1956-11-30"
45.98,47.040001,45.84,46.669998,46330000,46.669998,"1956-12-31"
46.200001,46.66,44.400002,44.720001,48140000,44.720001,"1957-01-31"
44.619999,44.619999,42.389999,43.259998,37530000,43.259998,"1957-02-28"
43.740002,44.23,43.740002,44.110001,35620000,44.110001,"1957-03-29"
44.139999,45.740002,44.139999,45.740002,48290000,45.740002,"1957-04-30"
46.02,47.43,46.02,47.43,52560000,47.43,"1957-05-31"
47.369999,48.240002,46.779999,47.369999,43470000,47.369999,"1957-06-28"
47.43,49.130001,47.43,47.91,48230000,47.91,"1957-07-31"
47.790001,47.790001,43.889999,45.220001,41390000,45.220001,"1957-08-30"
45.439999,45.439999,42.419998,42.419998,36890000,42.419998,"1957-09-30"
42.759998,43.139999,38.98,41.060001,63960000,41.060001,"1957-10-31"
40.439999,41.720001,39.439999,41.720001,48200000,41.720001,"1957-11-29"
41.360001,41.540001,39.380001,39.990002,54440000,39.990002,"1957-12-31"
40.330002,41.880001,40.330002,41.700001,49830000,41.700001,"1958-01-31"
42.040001,42.459999,40.610001,40.84,40190000,40.84,"1958-02-28"
41.130001,42.580002,41.130001,42.099998,46680000,42.099998,"1958-03-31"
41.93,43.439999,41.330002,43.439999,50270000,43.439999,"1958-04-30"
43.540001,44.09,43.119999,44.09,54100000,44.09,"1958-05-29"
44.310001,45.34,44.310001,45.240002,56610000,45.240002,"1958-06-30"
45.279999,47.189999,45.110001,47.189999,69430000,47.189999,"1958-07-31"
47.490002,48.16,47.220001,47.75,62300000,47.75,"1958-08-29"
48,50.060001,47.970001,50.060001,71940000,50.060001,"1958-09-30"
49.98,51.619999,49.98,51.330002,95020000,51.330002,"1958-10-31"
51.560001,53.240002,51.02,52.48,74350000,52.48,"1958-11-28"
52.689999,55.209999,52.459999,55.209999,75940000,55.209999,"1958-12-31"
55.439999,56.040001,54.889999,55.450001,83240000,55.450001,"1959-01-30"
55.209999,55.52,53.580002,55.41,65790000,55.41,"1959-02-27"
55.73,56.669998,55.439999,55.439999,82430000,55.439999,"1959-03-31"
55.689999,58.169998,55.689999,57.59,75840000,57.59,"1959-04-30"
57.650002,58.68,56.880001,58.68,70950000,58.68,"1959-05-29"
58.630001,58.630001,56.360001,58.470001,64310000,58.470001,"1959-06-30"
58.970001,60.619999,58.91,60.509998,70900000,60.509998,"1959-07-31"
60.709999,60.709999,58.27,59.599998,51050000,59.599998,"1959-08-31"
58.869999,58.919998,55.139999,56.880001,57500000,56.880001,"1959-09-30"
56.939999,57.52,56,57.52,61330000,57.52,"1959-10-30"
57.41,58.279999,56.220001,58.279999,64500000,58.279999,"1959-11-30"
58.700001,59.889999,58.599998,59.889999,72210000,59.889999,"1959-12-31"
59.91,60.389999,55.610001,55.610001,63920000,55.610001,"1960-01-29"
55.959999,56.82,54.73,56.119999,60500000,56.119999,"1960-02-29"
56.009998,56.009998,53.470001,55.34,65710000,55.34,"1960-03-31"
55.43,56.59,54.369999,54.369999,57300000,54.369999,"1960-04-29"
54.130001,55.830002,54.130001,55.830002,68790000,55.830002,"1960-05-31"
55.889999,58,55.889999,56.919998,76480000,56.919998,"1960-06-30"
57.060001,57.380001,54.169998,55.509998,53860000,55.509998,"1960-07-29"
55.529999,58.07,54.720001,56.959999,65330000,56.959999,"1960-08-31"
57.09,57.09,52.48,53.52,60840000,53.52,"1960-09-30"
53.360001,54.860001,52.200001,53.389999,54370000,53.389999,"1960-10-31"
53.939999,56.43,53.939999,55.540001,62010000,55.540001,"1960-11-30"
55.299999,58.110001,55.299999,58.110001,77330000,58.110001,"1960-12-30"
57.57,61.970001,57.57,61.779999,89010000,61.779999,"1961-01-31"
61.900002,63.439999,61.139999,63.439999,92730000,63.439999,"1961-02-28"
63.43,65.059998,63.380001,65.059998,115050000,65.059998,"1961-03-30"
65.599998,68.68,64.400002,65.309998,101760000,65.309998,"1961-04-28"
65.169998,67.389999,65.169998,66.559998,96940000,66.559998,"1961-05-31"
66.559998,67.080002,64.470001,64.639999,73090000,64.639999,"1961-06-30"
65.209999,66.760002,64.410004,66.760002,60840000,66.760002,"1961-07-31"
67.370003,68.440002,66.940002,68.07,81490000,68.07,"1961-08-31"
68.190002,68.459999,65.769997,66.730003,63820000,66.730003,"1961-09-29"
66.769997,68.620003,66.730003,68.620003,72980000,68.620003,"1961-10-31"
68.730003,71.849998,68.730003,71.32,87770000,71.32,"1961-11-30"
71.779999,72.639999,70.860001,71.550003,82380000,71.550003,"1961-12-29"
0,71.959999,67.550003,68.839996,80790000,68.839996,"1962-01-31"
0,71.129997,68.559998,69.959999,66130000,69.959999,"1962-02-28"
0,71.440002,69.160004,69.550003,68440000,69.550003,"1962-03-30"
0,69.82,64.949997,65.239998,65240000,65.239998,"1962-04-30"
0,66.93,53.130001,59.630001,111030000,59.630001,"1962-05-31"
0,59.959999,51.349998,54.75,100160000,54.75,"1962-06-29"
0,58.669998,54.470001,58.23,74160000,58.23,"1962-07-31"
0,60.330002,56.759998,59.119999,80400000,59.119999,"1962-08-31"
0,59.540001,55.529999,56.27,62890000,56.27,"1962-09-28"
0,57.830002,52.549999,56.52,78690000,56.52,"1962-10-31"
0,62.779999,55.900002,62.259998,96020000,62.259998,"1962-11-30"
0,63.5,61.279999,63.099998,80870000,63.099998,"1962-12-31"
0,66.589996,62.32,66.199997,101970000,66.199997,"1963-01-31"
66.309998,66.959999,64.080002,64.290001,79120000,64.290001,"1963-02-28"
0,67.010002,63.799999,66.57,74760000,66.57,"1963-03-29"
0,70.18,66.230003,69.800003,106290000,69.800003,"1963-04-30"
0,71.139999,69.029999,70.800003,105070000,70.800003,"1963-05-31"
0,71.239998,68.779999,69.370003,90580000,69.370003,"1963-06-28"
0,70.480003,67.540001,69.129997,76310000,69.129997,"1963-07-31"
0,72.709999,68.639999,72.5,91650000,72.5,"1963-08-30"
0,73.870003,71.279999,71.699997,106620000,71.699997,"1963-09-30"
0,75.18,71.57,74.010002,122360000,74.010002,"1963-10-31"
0,74.440002,69.480003,73.230003,93990000,73.230003,"1963-11-29"
0,75.360001,73.019997,75.019997,98660000,75.019997,"1963-12-31"
0,77.779999,74.82,77.040001,116620000,77.040001,"1964-01-31"
0,78.309998,76.360001,77.800003,88110000,77.800003,"1964-02-28"
0,79.889999,77.5,78.980003,113760000,78.980003,"1964-03-31"
0,81.199997,78.669998,79.459999,123490000,79.459999,"1964-04-30"
0,81.809998,79.459999,80.370003,99150000,80.370003,"1964-05-28"
0,82.099998,78.150002,81.690002,96150000,81.690002,"1964-06-30"
0,84.330002,81.459999,83.18,102590000,83.18,"1964-07-31"
0,83.489998,80.800003,81.830002,82280000,81.830002,"1964-08-31"
0,84.800003,81.57,84.18,109770000,84.18,"1964-09-30"
0,85.699997,83.650002,84.860001,106550000,84.860001,"1964-10-30"
0,86.800003,84.099998,84.419998,93640000,84.419998,"1964-11-30"
0,85.18,82.650002,84.75,104010000,84.75,"1964-12-31"
0,88.190002,83.769997,87.559998,109130000,87.559998,"1965-01-29"
0,88.059998,85.25,87.43,112280000,87.43,"1965-02-26"
0,87.93,85.650002,86.160004,124830000,86.160004,"1965-03-31"
0,89.639999,85.870003,89.110001,119120000,89.110001,"1965-04-30"
0,90.68,87.239998,88.419998,110190000,88.419998,"1965-05-28"
0,88.800003,80.730003,84.120003,128160000,84.120003,"1965-06-30"
0,86.470001,83.300003,85.25,85150000,85.25,"1965-07-30"
0,87.790001,84.800003,87.169998,109070000,87.169998,"1965-08-31"
0,91.129997,86.690002,89.959999,155180000,89.959999,"1965-09-30"
0,93.190002,89.300003,92.419998,164090000,92.419998,"1965-10-29"
0,93.300003,90.809998,91.610001,147110000,91.610001,"1965-11-30"
0,93.07,89.199997,92.43,191050000,92.43,"1965-12-31"
0,94.639999,91.629997,92.879997,182910000,92.879997,"1966-01-31"
0,94.720001,90.43,91.220001,165790000,91.220001,"1966-02-28"
0,91.650002,86.690002,89.230003,191360000,89.230003,"1966-03-31"
0,93.019997,88.959999,91.059998,186160000,91.059998,"1966-04-29"
0,91.75,83.18,86.129997,171290000,86.129997,"1966-05-31"
0,87.739998,83.75,84.739998,140450000,84.739998,"1966-06-30"
0,88.190002,83.050003,83.599998,119810000,83.599998,"1966-07-29"
0,84.699997,73.910004,77.099998,162430000,77.099998,"1966-08-31"
0,80.809998,75.029999,76.559998,120030000,76.559998,"1966-09-30"
0,80.910004,72.279999,80.199997,146210000,80.199997,"1966-10-31"
0,83.010002,78.889999,80.449997,145780000,80.449997,"1966-11-30"
0,83.879997,79.489998,80.330002,165070000,80.330002,"1966-12-30"
0,88.169998,79.43,86.610001,207410000,86.610001,"1967-01-31"
0,89,85.610001,86.779999,182950000,86.779999,"1967-02-28"
0,91.720001,86.669998,90.199997,224640000,90.199997,"1967-03-31"
0,94.769997,87.860001,94.010002,187650000,94.010002,"1967-04-28"
0,95.25,88.709999,89.080002,218420000,89.080002,"1967-05-31"
0,93.279999,87.190002,90.639999,212590000,90.639999,"1967-06-30"
0,95.510002,90.120003,94.75,216730000,94.75,"1967-07-31"
0,96.669998,92.010002,93.639999,207800000,93.639999,"1967-08-31"
0,98.309998,93,96.709999,204960000,96.709999,"1967-09-29"
0,98.25,93.290001,93.300003,224780000,93.300003,"1967-10-31"
0,95.510002,90.089996,94,211430000,94,"1967-11-30"
0,96.900002,93.410004,96.470001,229460000,96.470001,"1967-12-29"
0,97.839996,91.269997,92.239998,262770000,92.239998,"1968-01-31"
0,93.440002,86.730003,89.360001,174380000,89.360001,"1968-02-29"
0,91.089996,86.989998,90.199997,192610000,90.199997,"1968-03-29"
0,98.610001,91.110001,97.459999,295420000,97.459999,"1968-04-30"
0,100.190002,95.800003,98.68,291980000,98.68,"1968-05-31"
0,102.839996,98.720001,99.580002,257290000,99.580002,"1968-06-28"
0,103.669998,96.839996,97.739998,242450000,97.739998,"1968-07-30"
0,99.669998,95.790001,98.860001,193970000,98.860001,"1968-08-30"
0,103.629997,98.309998,102.669998,228300000,102.669998,"1968-09-30"
0,105.779999,101.800003,103.410004,272200000,103.410004,"1968-10-31"
0,109.089996,101.849998,108.370003,251850000,108.370003,"1968-11-29"
0,109.370003,102.980003,103.860001,267480000,103.860001,"1968-12-31"
0,104.870003,96.629997,103.010002,266600000,103.010002,"1969-01-31"
0,104.610001,97.360001,98.129997,207490000,98.129997,"1969-02-28"
0,102.349998,97.059998,101.510002,199110000,101.510002,"1969-03-28"
0,104.559998,99.080002,103.690002,236930000,103.690002,"1969-04-30"
0,106.739998,102.290001,103.459999,256580000,103.459999,"1969-05-29"
0,103.75,95.209999,97.709999,235130000,97.709999,"1969-06-30"
0,100.330002,88.040001,91.830002,228250000,91.830002,"1969-07-31"
0,96.43,91.480003,95.510002,201680000,95.510002,"1969-08-29"
0,96.620003,91.769997,93.120003,219150000,93.120003,"1969-09-30"
0,98.830002,91.660004,97.120003,310110000,97.120003,"1969-10-31"
0,99.230003,92.239998,93.809998,213600000,93.809998,"1969-11-28"
0,94.470001,88.620003,92.059998,272350000,92.059998,"1969-12-31"
0,94.25,84.419998,85.019997,221090000,85.019997,"1970-01-30"
0,90.330002,84.639999,89.5,228380000,89.5,"1970-02-27"
0,91.07,86.190002,89.629997,212880000,89.629997,"1970-03-31"
0,90.699997,79.309998,81.519997,223120000,81.519997,"1970-04-30"
0,82.32,68.610001,76.550003,258220000,76.550003,"1970-05-29"
0,79.959999,72.25,72.720001,226420000,72.720001,"1970-06-30"
0,79.029999,70.690002,78.050003,227740000,78.050003,"1970-07-31"
0,82.470001,74.129997,81.519997,218690000,81.519997,"1970-08-31"
0,84.989998,79.949997,84.300003,303290000,84.300003,"1970-09-30"
0,87.75,82.290001,83.25,261370000,83.25,"1970-10-30"
0,87.599998,82.230003,87.199997,230290000,87.199997,"1970-11-30"
0,92.989998,86.110001,92.150002,335240000,92.150002,"1970-12-31"
0,96.489998,90.639999,95.879997,348490000,95.879997,"1971-01-29"
0,99.589996,94.919998,96.75,371190000,96.75,"1971-02-26"
0,102.029999,96.110001,100.309998,389880000,100.309998,"1971-03-31"
0,105.599998,99.629997,103.949997,401580000,103.949997,"1971-04-30"
0,104.419998,98.68,99.629997,307360000,99.629997,"1971-05-28"
0,102.07,96.919998,98.699997,303590000,98.699997,"1971-06-30"
0,101.519997,95.080002,95.580002,265240000,95.580002,"1971-07-30"
0,101.510002,92.809998,99.029999,320520000,99.029999,"1971-08-31"
0,102.25,96.970001,98.339996,252720000,98.339996,"1971-09-30"
0,100.959999,92.959999,94.230003,280080000,94.230003,"1971-10-29"
0,96.080002,89.339996,93.989998,276410000,93.989998,"1971-11-30"
0,102.209999,93.949997,102.089996,377680000,102.089996,"1971-12-31"
0,105,100.870003,103.940002,379490000,103.940002,"1972-01-31"
0,107.160004,103.099998,106.57,376260000,106.57,"1972-02-29"
0,109.75,105.860001,107.199997,403650000,107.199997,"1972-03-30"
0,111.110001,106.18,107.669998,367990000,107.669998,"1972-04-28"
0,111.480003,103.830002,109.529999,335850000,109.529999,"1972-05-31"
0,110.510002,105.940002,107.139999,314510000,107.139999,"1972-06-30"
0,110.269997,104.43,107.389999,288900000,107.389999,"1972-07-31"
0,113.449997,107.059998,111.089996,356930000,111.089996,"1972-08-31"
0,112.120003,107.349998,110.550003,246190000,110.550003,"1972-09-29"
0,112.260002,106.269997,111.580002,317300000,111.580002,"1972-10-31"
0,117.910004,111.32,116.669998,405570000,116.669998,"1972-11-30"
0,119.790001,114.629997,118.050003,344730000,118.050003,"1972-12-29"
0,121.739998,114.970001,116.029999,393750000,116.029999,"1973-01-31"
0,118.980003,109.800003,111.68,318190000,111.68,"1973-02-28"
0,115.610001,107.410004,111.519997,343400000,111.519997,"1973-03-30"
0,113.650002,105.440002,106.970001,277990000,106.970001,"1973-04-30"
0,112.25,101.360001,104.949997,337260000,104.949997,"1973-05-31"
0,109.519997,101.449997,104.260002,268700000,104.260002,"1973-06-29"
0,111.040001,100.440002,108.220001,307780000,108.220001,"1973-07-31"
0,108.169998,99.739998,104.25,274460000,104.25,"1973-08-31"
0,110.449997,102.129997,108.43,329070000,108.43,"1973-09-28"
0,112.82,107.080002,108.290001,422900000,108.290001,"1973-10-31"
0,109.199997,94.879997,95.959999,399900000,95.959999,"1973-11-30"
0,99.089996,91.050003,97.550003,384380000,97.550003,"1973-12-31"
0,100.940002,91.620003,96.57,363150000,96.57,"1974-01-31"
0,97.43,89.529999,96.220001,256810000,96.220001,"1974-02-28"
0,101.050003,93.440002,93.980003,309600000,93.980003,"1974-03-29"
0,95.419998,88.620003,90.309998,254270000,90.309998,"1974-04-30"
0,93.589996,85.870003,87.279999,275150000,87.279999,"1974-05-31"
0,93.760002,85.129997,86,245340000,86,"1974-06-28"
0,86.889999,78.959999,79.309998,274090000,79.309998,"1974-07-31"
0,83.529999,69.370003,72.150002,280100000,72.150002,"1974-08-30"
0,73.010002,62.52,63.540001,280050000,63.540001,"1974-09-30"
0,75.900002,60.959999,73.900002,377100000,73.900002,"1974-10-31"
0,77.410004,66.849998,69.970001,286790000,69.970001,"1974-11-29"
0,69.800003,64.129997,68.559998,315150000,68.559998,"1974-12-31"
0,78.690002,68.650002,76.980003,432550000,76.980003,"1975-01-31"
0,83.559998,76,81.589996,423640000,81.589996,"1975-02-28"
0,87.080002,80.080002,83.360001,453610000,83.360001,"1975-03-31"
0,88.790001,79.660004,87.300003,451350000,87.300003,"1975-04-30"
0,93.510002,86.940002,91.150002,457490000,91.150002,"1975-05-30"
0,95.849998,89.300003,95.190002,4.47e+08,95.190002,"1975-06-30"
0,96.580002,87.68,88.75,441680000,88.75,"1975-07-31"
0,89.040001,82.209999,86.879997,281470000,86.879997,"1975-08-29"
0,87.419998,81.57,83.870003,275120000,83.870003,"1975-09-30"
0,91.75,82.57,89.040001,365540000,89.040001,"1975-10-31"
0,92.330002,87.629997,91.239998,318810000,91.239998,"1975-11-28"
0,91.900002,86.150002,90.190002,348970000,90.190002,"1975-12-31"
0,101.989998,89.809998,100.860001,635830000,100.860001,"1976-01-30"
0,103.07,98.5,99.709999,596130000,99.709999,"1976-02-27"
0,104.389999,98.230003,102.769997,529600000,102.769997,"1976-03-31"
0,104.629997,99.57,101.639999,392260000,101.639999,"1976-04-30"
0,103.989998,98.260002,100.18,355910000,100.18,"1976-05-28"
0,105.07,97.970001,104.279999,417230000,104.279999,"1976-06-30"
0,106.779999,102.309998,103.440002,393760000,103.440002,"1976-07-30"
0,105.410004,100.43,102.910004,346680000,102.910004,"1976-08-31"
0,108.720001,102.599998,105.239998,414750000,105.239998,"1976-09-30"
0,105.75,99.209999,102.900002,361390000,102.900002,"1976-10-29"
0,103.779999,98.18,102.099998,381020000,102.099998,"1976-11-30"
0,107.82,101.620003,107.459999,534550000,107.459999,"1976-12-31"
0,107.970001,100.910004,102.029999,501620000,102.029999,"1977-01-31"
0,103.32,98.82,99.82,398440000,99.82,"1977-02-28"
0,102.699997,97.800003,98.419998,434690000,98.419998,"1977-03-31"
0,102.07,96.529999,98.440002,403060000,98.440002,"1977-04-29"
0,100.93,95.519997,96.120003,425820000,96.120003,"1977-05-31"
0,101.650002,95.889999,100.480003,485150000,100.480003,"1977-06-30"
0,102.57,97.709999,98.849998,452480000,98.849998,"1977-07-29"
0,99.839996,95.040001,96.769997,433650000,96.769997,"1977-08-31"
0,98.43,94.440002,96.529999,383670000,96.529999,"1977-09-30"
0,97.269997,90.199997,92.339996,413470000,92.339996,"1977-10-31"
0,97.110001,90.010002,94.830002,494680000,94.830002,"1977-11-30"
0,95.669998,91.760002,95.099998,450970000,95.099998,"1977-12-30"
0,95.150002,88.019997,89.25,428140000,89.25,"1978-01-31"
0,91.32,86.580002,87.040001,368600000,87.040001,"1978-02-28"
0,91.349998,86.449997,89.209999,497580000,89.209999,"1978-03-31"
0,97.910004,88.07,96.830002,695600000,96.830002,"1978-04-28"
0,100.32,94.57,97.239998,775750000,97.239998,"1978-05-31"
0,101.839996,93.989998,95.529999,666290000,95.529999,"1978-06-30"
0,101.18,93.589996,100.68,541490000,100.68,"1978-07-31"
0,106.269997,99.949997,103.290001,864950000,103.290001,"1978-08-31"
0,108.050003,100.660004,102.540001,672290000,102.540001,"1978-09-29"
0,106.230003,91.650002,93.150002,682340000,93.150002,"1978-10-31"
0,97.410004,91.769997,94.699997,514610000,94.699997,"1978-11-30"
0,98.580002,92.639999,96.110001,492440000,96.110001,"1978-12-29"
0,102.589996,95.220001,99.93,615730000,99.93,"1979-01-31"
0,100.519997,95.379997,96.279999,475710000,96.279999,"1979-02-28"
0,103.309998,95.980003,101.589996,649800000,101.589996,"1979-03-30"
0,103.949997,100.139999,101.760002,620650000,101.760002,"1979-04-30"
0,102.57,97.489998,99.080002,623740000,99.080002,"1979-05-31"
0,103.669998,98.57,102.910004,735710000,102.910004,"1979-06-29"
0,105.169998,100.349998,103.809998,680740000,103.809998,"1979-07-31"
0,109.839996,103.139999,109.32,825050000,109.32,"1979-08-31"
0,111.580002,105.379997,109.32,713940000,109.32,"1979-09-28"
0,112.160004,99.059998,101.82,857930000,101.82,"1979-10-31"
0,107.889999,99.419998,106.160004,653650000,106.160004,"1979-11-30"
0,110.330002,105.07,107.940002,710210000,107.940002,"1979-12-31"
0,117.169998,103.260002,114.160004,1158240000,114.160004,"1980-01-31"
0,120.220001,111.330002,113.660004,956530000,113.660004,"1980-02-29"
0,114.339996,94.230003,102.089996,876450000,102.089996,"1980-03-31"
0,106.790001,98.949997,106.290001,674140000,106.290001,"1980-04-30"
0,112.720001,103.5,111.239998,764920000,111.239998,"1980-05-30"
0,117.980003,109.769997,114.239998,829660000,114.239998,"1980-06-30"
0,123.93,113.540001,121.669998,1021770000,121.669998,"1980-07-31"
0,127.779999,119.419998,122.379997,965660000,122.379997,"1980-08-29"
0,132.169998,121.790001,125.459999,1057710000,125.459999,"1980-09-30"
0,135.880005,124.660004,127.470001,1031790000,127.470001,"1980-10-31"
0,141.960007,127.230003,140.520004,988110000,140.520004,"1980-11-28"
0,140.660004,125.32,135.759995,1025650000,135.759995,"1980-12-31"
0,140.320007,128.570007,129.550003,955520000,129.550003,"1981-01-30"
0,132.020004,124.660004,131.270004,816310000,131.270004,"1981-02-27"
0,138.380005,128.559998,136,1174530000,136,"1981-03-31"
0,137.720001,131.580002,132.809998,1123470000,132.809998,"1981-04-30"
0,134.919998,128.779999,132.589996,905430000,132.589996,"1981-05-29"
0,135.669998,128.770004,131.210007,1100970000,131.210007,"1981-06-30"
0,131.779999,125.959999,130.919998,953970000,130.919998,"1981-07-31"
0,135.179993,122.290001,122.790001,920550000,122.790001,"1981-08-31"
0,124.580002,110.190002,116.18,959140000,116.18,"1981-09-30"
0,123.279999,115,121.889999,997560000,121.889999,"1981-10-30"
0,126.970001,119.129997,126.349998,987920000,126.349998,"1981-11-30"
0,127.32,121.040001,122.550003,959470000,122.550003,"1981-12-31"
0,123.720001,113.629997,120.400002,968340000,120.400002,"1982-01-29"
0,119.809998,110.029999,113.110001,972190000,113.110001,"1982-02-26"
0,114.800003,104.459999,111.959999,1268690000,111.959999,"1982-03-31"
0,119.330002,111.480003,116.440002,1136490000,116.440002,"1982-04-30"
115.959999,119.919998,111.660004,111.879997,1026460000,111.879997,"1982-05-28"
111.970001,112.480003,107.010002,109.610001,1110530000,109.610001,"1982-06-30"
109.519997,112.389999,105.57,107.089996,1145190000,107.089996,"1982-07-30"
107.709999,120.260002,102.199997,119.510002,1672770000,119.510002,"1982-08-31"
119.519997,126.43,117.839996,120.419998,1548040000,120.419998,"1982-09-30"
120.400002,140.399994,120.150002,133.720001,2068560000,133.720001,"1982-10-29"
133.720001,144.360001,132.889999,138.529999,1857040000,138.529999,"1982-11-30"
138.559998,143.679993,134.789993,140.639999,1682080000,140.639999,"1982-12-31"
140.649994,148.360001,138.080002,145.300003,1857600000,145.300003,"1983-01-31"
145.289993,150.880005,141.899994,148.059998,1615450000,148.059998,"1983-02-28"
148.070007,155.020004,148.070007,152.960007,1901920000,152.960007,"1983-03-31"
152.919998,164.429993,150.169998,164.429993,1786870000,164.429993,"1983-04-29"
164.410004,166.990005,160.289993,162.389999,1953130000,162.389999,"1983-05-31"
162.380005,171.600006,160.800003,167.639999,1973860000,167.639999,"1983-06-30"
168.110001,170.720001,161.5,162.559998,1590170000,162.559998,"1983-07-29"
162.339996,165.910004,158.5,164.399994,1706430000,164.399994,"1983-08-31"
164.399994,170.410004,163.949997,166.070007,1739810000,166.070007,"1983-09-30"
165.990005,172.649994,162.860001,163.550003,1794620000,163.550003,"1983-10-31"
163.550003,168.070007,161.630005,166.399994,1814610000,166.399994,"1983-11-30"
166.369995,166.770004,161.580002,164.929993,1848860000,164.929993,"1983-12-30"
164.929993,169.539993,162.029999,163.410004,2215660000,163.410004,"1984-01-31"
163.410004,164,152.130005,157.059998,1932810000,157.059998,"1984-02-29"
157.059998,160.460007,153.770004,159.179993,1854920000,159.179993,"1984-03-30"
159.179993,160.690002,154.119995,160.050003,1717530000,160.050003,"1984-04-30"
160.050003,162.110001,148.679993,150.550003,1939550000,150.550003,"1984-05-31"
150.550003,155.639999,148.529999,153.179993,1812870000,153.179993,"1984-06-29"
153.160004,153.869995,147.259995,150.660004,1662200000,150.660004,"1984-07-31"
150.660004,168.800003,150.660004,166.679993,2526920000,166.679993,"1984-08-31"
166.679993,169.649994,163.059998,166.100006,1768660000,166.100006,"1984-09-28"
166.100006,169.619995,160.020004,166.089996,2110230000,166.089996,"1984-10-31"
166.089996,170.410004,162.990005,163.580002,1757280000,163.580002,"1984-11-30"
163.580002,169.029999,161.539993,167.240005,1.781e+09,167.240005,"1984-12-31"
167.199997,180.270004,163.360001,179.630005,2673710000,179.630005,"1985-01-31"
179.630005,183.949997,177.75,181.179993,2194620000,181.179993,"1985-02-28"
181.179993,183.889999,176.529999,180.660004,2153090000,180.660004,"1985-03-29"
180.660004,183.610001,177.860001,179.830002,1981880000,179.830002,"1985-04-30"
179.830002,189.979996,178.350006,189.550003,2350340000,189.550003,"1985-05-31"
189.550003,191.850006,185.029999,191.850006,2.117e+09,191.850006,"1985-06-28"
191.850006,196.070007,189.300003,190.919998,2463070000,190.919998,"1985-07-31"
190.919998,192.169998,186.100006,188.630005,1923200000,188.630005,"1985-08-30"
188.630005,188.800003,179.449997,182.080002,1860160000,182.080002,"1985-09-30"
182.059998,190.149994,181.160004,189.820007,2543240000,189.820007,"1985-10-31"
189.820007,203.399994,189.369995,202.169998,2445370000,202.169998,"1985-11-29"
202.169998,213.080002,200.100006,211.279999,2804380000,211.279999,"1985-12-31"
211.279999,214.570007,202.600006,211.779999,2879010000,211.779999,"1986-01-31"
211.779999,227.919998,210.820007,226.919998,2899100000,226.919998,"1986-02-28"
226.919998,240.110001,222.179993,238.899994,3214600000,238.899994,"1986-03-31"
238.899994,245.470001,226.300003,235.520004,3240400000,235.520004,"1986-04-30"
235.520004,249.190002,232.259995,247.350006,2680240000,247.350006,"1986-05-30"
246.039993,251.809998,238.229996,250.839996,2649600000,250.839996,"1986-06-30"
250.669998,253.199997,233.070007,236.119995,3029900000,236.119995,"1986-07-31"
236.119995,254.240005,231.919998,252.929993,2701900000,252.929993,"1986-08-29"
252.929993,254.130005,228.080002,231.320007,3166300000,231.320007,"1986-09-30"
231.320007,244.509995,231.320007,243.979996,3016740000,243.979996,"1986-10-31"
243.970001,249.220001,235.509995,249.220001,2940830000,249.220001,"1986-11-28"
249.220001,254.869995,241.279999,242.169998,3260870000,242.169998,"1986-12-31"
242.169998,280.959991,242.169998,274.079987,4040880000,274.079987,"1987-01-30"
274.079987,287.549988,273.160004,284.200012,3485300000,284.200012,"1987-02-27"
284.170013,302.720001,282.299988,291.700012,3965100000,291.700012,"1987-03-31"
291.589996,303.649994,275.670013,288.359985,3931700000,288.359985,"1987-04-30"
286.98999,298.690002,277.01001,290.100006,3417700000,290.100006,"1987-05-29"
290.119995,310.269989,286.929993,304,3.595e+09,304,"1987-06-30"
303.98999,318.850006,302.529999,318.660004,3966400000,318.660004,"1987-07-31"
318.619995,337.890015,314.51001,329.799988,4062400000,329.799988,"1987-08-31"
329.809998,332.179993,308.559998,321.829987,3723200000,321.829987,"1987-09-30"
321.829987,328.940002,216.460007,251.789993,6094500000,251.789993,"1987-10-30"
251.729996,257.209991,225.75,230.300003,3589530000,230.300003,"1987-11-30"
230.320007,253.350006,221.240005,247.080002,3926750000,247.080002,"1987-12-31"
247.100006,261.779999,240.169998,257.070007,3494700000,257.070007,"1988-01-29"
257.049988,267.820007,247.820007,267.820007,3693240000,267.820007,"1988-02-29"
267.820007,272.640015,256.070007,258.890015,4052970000,258.890015,"1988-03-31"
258.890015,272.049988,254.710007,261.329987,3260760000,261.329987,"1988-04-29"
261.359985,263.700012,248.850006,262.160004,3231370000,262.160004,"1988-05-31"
262.160004,276.880005,262.100006,273.5,4306710000,273.5,"1988-06-30"
273.5,276.359985,262.480011,272.019989,3338470000,272.019989,"1988-07-29"
272.029999,274.200012,256.529999,261.519989,3327470000,261.519989,"1988-08-31"
261.519989,274.869995,256.980011,271.910004,3059450000,271.910004,"1988-09-30"
271.890015,283.950012,268.839996,278.970001,3415160000,278.970001,"1988-10-31"
278.970001,280.369995,262.850006,273.700012,2822820000,273.700012,"1988-11-30"
273.679993,280.450012,270.470001,277.720001,2844900000,277.720001,"1988-12-30"
277.720001,297.51001,273.809998,297.470001,3532220000,297.470001,"1989-01-31"
297.470001,300.570007,286.26001,288.859985,3216280000,288.859985,"1989-02-28"
288.859985,299.98999,286.459991,294.869995,3504530000,294.869995,"1989-03-31"
294.869995,310.450012,294.350006,309.640015,3237250000,309.640015,"1989-04-28"
309.640015,323.059998,304.059998,320.519989,3747320000,320.519989,"1989-05-31"
320.51001,329.190002,314.380005,317.980011,3966590000,317.980011,"1989-06-30"
317.980011,346.079987,317.26001,346.079987,3249030000,346.079987,"1989-07-31"
346.079987,352.730011,339,351.450012,3949100000,351.450012,"1989-08-31"
351.450012,354.130005,341.369995,349.149994,3035020000,349.149994,"1989-09-29"
349.149994,360.440002,327.119995,340.359985,4012670000,340.359985,"1989-10-31"
340.359985,346.5,330.910004,345.98999,3032160000,345.98999,"1989-11-30"
346.01001,354.100006,339.630005,353.399994,3213420000,353.399994,"1989-12-29"
353.399994,360.589996,319.829987,329.079987,3793250000,329.079987,"1990-01-31"
329.079987,336.089996,322.100006,331.890015,2961970000,331.890015,"1990-02-28"
331.890015,344.48999,331.079987,339.940002,3283280000,339.940002,"1990-03-30"
339.940002,347.299988,327.76001,330.799988,2801220000,330.799988,"1990-04-30"
330.799988,362.26001,330.799988,361.230011,3596680000,361.230011,"1990-05-31"
361.26001,368.779999,351.230011,358.019989,3226280000,358.019989,"1990-06-29"
358.019989,369.779999,350.089996,356.149994,3373540000,356.149994,"1990-07-31"
356.149994,357.350006,306.179993,322.559998,4020730000,322.559998,"1990-08-31"
322.559998,326.529999,295.980011,306.049988,2687280000,306.049988,"1990-09-28"
306.100006,319.690002,294.51001,304,3671900000,304,"1990-10-31"
303.98999,323.019989,301.609985,322.220001,3149770000,322.220001,"1990-11-30"
322.230011,333.980011,321.970001,330.220001,3116830000,330.220001,"1990-12-31"
330.200012,343.929993,309.350006,343.929993,3660240000,343.929993,"1991-01-31"
343.910004,370.959991,340.369995,367.070007,4303170000,367.070007,"1991-02-28"
367.070007,379.660004,363.730011,375.220001,3927920000,375.220001,"1991-03-28"
375.220001,391.26001,370.269989,375.339996,4017200000,375.339996,"1991-04-30"
375.350006,389.850006,365.829987,389.829987,3739700000,389.829987,"1991-05-31"
389.809998,389.809998,367.980011,371.160004,3258730000,371.160004,"1991-06-28"
371.179993,387.809998,370.920013,387.809998,3481570000,387.809998,"1991-07-31"
387.809998,396.820007,374.089996,395.429993,3713820000,395.429993,"1991-08-30"
395.429993,397.619995,382.769989,387.859985,3260990000,387.859985,"1991-09-30"
387.859985,393.809998,376.109985,392.450012,4082380000,392.450012,"1991-10-31"
392.459991,398.220001,371.630005,375.220001,3737620000,375.220001,"1991-11-29"
375.109985,418.320007,371.359985,417.089996,4155310000,417.089996,"1991-12-31"
417.029999,421.179993,408.640015,408.779999,5286280000,408.779999,"1992-01-31"
408.790009,418.079987,406.339996,412.700012,4267610000,412.700012,"1992-02-28"
412.679993,413.779999,401.940002,403.690002,4066240000,403.690002,"1992-03-31"
403.670013,416.279999,392.410004,414.950012,4315840000,414.950012,"1992-04-30"
414.950012,418.75,409.850006,415.350006,3643980000,415.350006,"1992-05-29"
415.350006,417.299988,399.920013,408.140015,4259830000,408.140015,"1992-06-30"
408.200012,424.799988,407.200012,424.209991,4265220000,424.209991,"1992-07-31"
424.190002,425.140015,408.299988,414.029999,3653820000,414.029999,"1992-08-31"
414.029999,425.269989,412.709991,417.799988,4023850000,417.799988,"1992-09-30"
417.799988,421.160004,396.799988,418.679993,4507010000,418.679993,"1992-10-30"
418.660004,431.929993,415.579987,431.350006,4148770000,431.350006,"1992-11-30"
431.350006,442.649994,428.609985,435.709991,4876150000,435.709991,"1992-12-31"
435.700012,442.660004,426.880005,438.779999,5280850000,438.779999,"1993-01-29"
438.779999,450.040009,428.25,443.380005,5442450000,443.380005,"1993-02-26"
443.380005,456.76001,441.070007,451.670013,5766950000,451.670013,"1993-03-31"
451.670013,452.630005,432.299988,440.190002,5853170000,440.190002,"1993-04-30"
440.190002,454.549988,436.859985,450.190002,5108640000,450.190002,"1993-05-28"
450.230011,455.630005,442.5,450.529999,5544400000,450.529999,"1993-06-30"
450.540009,451.149994,441.399994,448.130005,5308530000,448.130005,"1993-07-30"
448.130005,463.559998,446.940002,463.559998,5506200000,463.559998,"1993-08-31"
463.549988,463.799988,449.640015,458.929993,5552720000,458.929993,"1993-09-30"
458.929993,471.100006,456.399994,467.829987,5940460000,467.829987,"1993-10-29"
467.829987,469.109985,454.359985,461.790009,5876610000,461.790009,"1993-11-30"
461.929993,471.290009,461.450012,466.450012,5791210000,466.450012,"1993-12-31"
466.51001,482.850006,464.359985,481.609985,6627390000,481.609985,"1994-01-31"
481.600006,482.230011,464.26001,467.140015,5853100000,467.140015,"1994-02-28"
467.190002,471.089996,436.160004,445.769989,7225010000,445.769989,"1994-03-31"
445.660004,452.790009,435.859985,450.910004,5735010000,450.910004,"1994-04-29"
450.910004,457.769989,440.779999,456.5,5675970000,456.5,"1994-05-31"
456.5,463.230011,439.829987,444.269989,5852670000,444.269989,"1994-06-30"
444.269989,459.329987,443.579987,458.26001,4980100000,458.26001,"1994-07-29"
458.279999,477.589996,456.079987,475.48999,6398750000,475.48999,"1994-08-31"
475.48999,475.48999,458.470001,462.709991,6152870000,462.709991,"1994-09-30"
462.690002,474.73999,449.269989,472.350006,6344700000,472.350006,"1994-10-31"
472.26001,472.26001,444.179993,453.690002,6251240000,453.690002,"1994-11-30"
453.549988,462.730011,442.880005,459.269989,6351530000,459.269989,"1994-12-30"
459.209991,471.359985,457.200012,470.420013,6852060000,470.420013,"1995-01-31"
470.420013,489.190002,469.290009,487.390015,6330100000,487.390015,"1995-02-28"
487.390015,508.149994,479.700012,500.709991,7792400000,500.709991,"1995-03-31"
500.700012,515.289978,500.200012,514.710022,6307030000,514.710022,"1995-04-28"
514.76001,533.409973,513.030029,533.400024,7555690000,533.400024,"1995-05-31"
533.400024,551.070007,526,544.75,7555650000,544.75,"1995-06-30"
544.75,565.400024,542.51001,562.059998,7307960000,562.059998,"1995-07-31"
562.059998,565.619995,553.039978,561.880005,7146620000,561.880005,"1995-08-31"
561.880005,587.609985,561.01001,584.409973,7052830000,584.409973,"1995-09-29"
584.409973,590.659973,571.549988,581.5,8043320000,581.5,"1995-10-31"
581.5,608.690002,581.039978,605.369995,7602150000,605.369995,"1995-11-30"
605.369995,622.880005,605.049988,615.929993,7697540000,615.929993,"1995-12-29"
615.929993,636.179993,597.289978,636.02002,9188050000,636.02002,"1996-01-31"
636.02002,664.22998,633.710022,640.429993,8749960000,640.429993,"1996-02-29"
640.429993,656.969971,627.630005,645.5,8984200000,645.5,"1996-03-29"
645.5,656.679993,624.140015,654.169983,8875580000,654.169983,"1996-04-30"
654.169983,681.099976,630.070007,669.119995,8921140000,669.119995,"1996-05-31"
669.119995,680.320007,658.75,670.630005,7930840000,670.630005,"1996-06-28"
670.630005,675.880005,605.880005,639.950012,8849860000,639.950012,"1996-07-31"
639.950012,670.679993,639.48999,651.98999,7380320000,651.98999,"1996-08-30"
651.98999,690.880005,643.969971,687.330017,8064070000,687.330017,"1996-09-30"
687.309998,714.099976,684.440002,705.27002,9703670000,705.27002,"1996-10-31"
705.27002,762.119995,701.299988,757.02002,8763850000,757.02002,"1996-11-29"
757.02002,761.75,716.690002,740.73999,9089170000,740.73999,"1996-12-31"
740.73999,794.669983,729.549988,786.159973,11635830000,786.159973,"1997-01-31"
786.159973,817.679993,773.429993,790.820007,9715930000,790.820007,"1997-02-28"
790.820007,814.900024,756.130005,757.119995,10120760000,757.119995,"1997-03-31"
757.119995,804.130005,733.539978,801.340027,10454880000,801.340027,"1997-04-30"
801.340027,851.869995,793.210022,848.280029,10106650000,848.280029,"1997-05-30"
848.280029,902.090027,838.820007,885.140015,10857950000,885.140015,"1997-06-30"
885.140015,957.72998,884.539978,954.309998,11958120000,954.309998,"1997-07-31"
954.289978,964.169983,893.340027,899.469971,10606100000,899.469971,"1997-08-29"
899.469971,960.590027,899.469971,947.280029,1.1383e+10,947.280029,"1997-09-30"
947.280029,983.119995,855.27002,914.619995,14017260000,914.619995,"1997-10-31"
914.619995,964.549988,900.609985,955.400024,10173620000,955.400024,"1997-11-28"
955.400024,986.25,924.919983,970.429993,11958880000,970.429993,"1997-12-31"
970.429993,992.650024,912.830017,980.280029,12733830000,980.280029,"1998-01-30"
980.280029,1051.660034,980.280029,1049.339966,11656550000,1049.339966,"1998-02-27"
1049.339966,1113.069946,1030.869995,1101.75,13719590000,1101.75,"1998-03-31"
1101.75,1132.97998,1076.699951,1111.75,13656060000,1111.75,"1998-04-30"
1111.75,1130.52002,1074.390015,1090.819946,11477140000,1090.819946,"1998-05-29"
1090.819946,1145.150024,1074.670044,1133.839966,13551970000,1133.839966,"1998-06-30"
1133.839966,1190.579956,1114.300049,1120.670044,14194800000,1120.670044,"1998-07-31"
1120.670044,1121.790039,957.280029,957.280029,15071550000,957.280029,"1998-08-31"
957.280029,1066.109985,939.97998,1017.01001,16714080000,1017.01001,"1998-09-30"
1017.01001,1103.780029,923.320007,1098.670044,18001650000,1098.670044,"1998-10-30"
1098.670044,1192.969971,1098.670044,1163.630005,13451280000,1163.630005,"1998-11-30"
1163.630005,1244.930054,1136.890015,1229.22998,15181450000,1229.22998,"1998-12-31"
1229.22998,1280.369995,1205.459961,1279.640015,16213500000,1279.640015,"1999-01-29"
1279.640015,1283.839966,1211.890015,1238.329956,14555860000,1238.329956,"1999-02-26"
1238.329956,1323.819946,1216.030029,1286.369995,18002500000,1286.369995,"1999-03-31"
1286.369995,1371.560059,1282.560059,1335.180054,18523200000,1335.180054,"1999-04-30"
1335.180054,1375.97998,1277.310059,1301.839966,15880260000,1301.839966,"1999-05-28"
1301.839966,1372.930054,1277.469971,1372.709961,16079170000,1372.709961,"1999-06-30"
1372.709961,1420.329956,1328.48999,1328.719971,15332930000,1328.719971,"1999-07-30"
1328.719971,1382.839966,1267.72998,1320.410034,15818550000,1320.410034,"1999-08-31"
1320.410034,1361.390015,1256.26001,1282.709961,16438700000,1282.709961,"1999-09-30"
1282.709961,1373.170044,1233.699951,1362.930054,1.8832e+10,1362.930054,"1999-10-29"
1362.930054,1425.310059,1346.410034,1388.910034,18384820000,1388.910034,"1999-11-30"
1388.910034,1473.099976,1387.380005,1469.25,19640690000,1469.25,"1999-12-31"
1469.25,1478,1350.140015,1394.459961,21494400000,1394.459961,"2000-01-31"
1394.459961,1444.550049,1325.069946,1366.420044,2.0912e+10,1366.420044,"2000-02-29"
1366.420044,1552.869995,1346.619995,1498.579956,26156200000,1498.579956,"2000-03-31"
1498.579956,1527.189941,1339.400024,1452.430054,20106460000,1452.430054,"2000-04-28"
1452.430054,1481.51001,1361.089966,1420.599976,19898300000,1420.599976,"2000-05-31"
1420.599976,1488.930054,1420.599976,1454.599976,21738300000,1454.599976,"2000-06-30"
1454.599976,1517.319946,1413.890015,1430.829956,19089100000,1430.829956,"2000-07-31"
1430.829956,1525.209961,1425.430054,1517.680054,20363700000,1517.680054,"2000-08-31"
1517.680054,1530.089966,1419.439941,1436.51001,20838300000,1436.51001,"2000-09-29"
1436.52002,1454.819946,1305.790039,1429.400024,25951400000,1429.400024,"2000-10-31"
1429.400024,1438.459961,1294.900024,1314.949951,20532300000,1314.949951,"2000-11-30"
1314.949951,1389.050049,1254.069946,1320.280029,23610800000,1320.280029,"2000-12-29"
1320.280029,1383.369995,1274.619995,1366.01001,27829800000,1366.01001,"2001-01-31"
1366.01001,1376.380005,1215.439941,1239.939941,21644400000,1239.939941,"2001-02-28"
1239.939941,1267.420044,1081.189941,1160.329956,27806610000,1160.329956,"2001-03-30"
1160.329956,1269.300049,1091.98999,1249.459961,25409990000,1249.459961,"2001-04-30"
1249.459961,1315.930054,1232,1255.819946,24525900000,1255.819946,"2001-05-31"
1255.819946,1286.619995,1203.030029,1224.380005,24748030000,1224.380005,"2001-06-29"
1224.420044,1239.780029,1165.540039,1211.22998,23793710000,1211.22998,"2001-07-31"
1211.22998,1226.27002,1124.869995,1133.579956,23359200000,1133.579956,"2001-08-31"
1133.579956,1155.400024,944.75,1040.939941,25025290000,1040.939941,"2001-09-28"
1040.939941,1110.609985,1026.76001,1059.780029,29951280000,1059.780029,"2001-10-31"
1059.780029,1163.380005,1054.310059,1139.449951,2.633e+10,1139.449951,"2001-11-30"
1139.449951,1173.619995,1114.530029,1148.079956,25128570000,1148.079956,"2001-12-31"
1148.079956,1176.969971,1081.660034,1130.199951,29746200000,1130.199951,"2002-01-31"
1130.199951,1130.199951,1074.359985,1106.72998,26047600000,1106.72998,"2002-02-28"
1106.72998,1173.939941,1106.72998,1147.390015,26563200000,1147.390015,"2002-03-28"
1147.390015,1147.839966,1063.459961,1076.920044,28568900000,1076.920044,"2002-04-30"
1076.920044,1106.589966,1048.959961,1067.140015,26905500000,1067.140015,"2002-05-31"
1067.140015,1070.73999,952.919983,989.820007,29981510000,989.820007,"2002-06-28"
989.820007,994.460022,775.679993,911.619995,42228720000,911.619995,"2002-07-31"
911.619995,965,833.440002,916.070007,29298400000,916.070007,"2002-08-30"
916.070007,924.02002,800.200012,815.280029,27723710000,815.280029,"2002-09-30"
815.280029,907.440002,768.630005,885.76001,37856310000,885.76001,"2002-10-31"
885.76001,941.820007,872.049988,936.309998,29200960000,936.309998,"2002-11-29"
936.309998,954.280029,869.450012,879.820007,25993640000,879.820007,"2002-12-31"
879.820007,935.049988,840.340027,855.700012,30749580000,855.700012,"2003-01-31"
855.700012,864.640015,806.289978,841.150024,25235300000,841.150024,"2003-02-28"
841.150024,895.900024,788.900024,848.179993,30080030000,848.179993,"2003-03-31"
848.179993,924.23999,847.849976,916.919983,29669610000,916.919983,"2003-04-30"
916.919983,965.380005,902.830017,963.590027,30952100000,963.590027,"2003-05-30"
963.590027,1015.330017,963.590027,974.5,31219400000,974.5,"2003-06-30"
974.5,1015.409973,962.099976,990.309998,31553200000,990.309998,"2003-07-31"
990.309998,1011.01001,960.840027,1008.01001,24881470000,1008.01001,"2003-08-29"
1008.01001,1040.290039,990.359985,995.969971,29940110000,995.969971,"2003-09-30"
995.969971,1053.790039,995.969971,1050.709961,32298500000,1050.709961,"2003-10-31"
1050.709961,1063.650024,1031.199951,1058.199951,24463220000,1058.199951,"2003-11-28"
1058.199951,1112.560059,1053.410034,1111.920044,27839130000,1111.920044,"2003-12-31"
1111.920044,1155.380005,1105.079956,1131.130005,3.282e+10,1131.130005,"2004-01-30"
1131.130005,1158.97998,1124.439941,1144.939941,27985600000,1144.939941,"2004-02-27"
1144.939941,1163.22998,1087.160034,1126.209961,33597900000,1126.209961,"2004-03-31"
1126.209961,1150.569946,1107.22998,1107.300049,31611900000,1107.300049,"2004-04-30"
1107.300049,1127.73999,1076.319946,1120.680054,29326400000,1120.680054,"2004-05-28"
1120.680054,1146.339966,1113.319946,1140.839966,27529500000,1140.839966,"2004-06-30"
1140.839966,1140.839966,1078.780029,1101.719971,29285600000,1101.719971,"2004-07-30"
1101.719971,1109.680054,1060.719971,1104.23999,26586800000,1104.23999,"2004-08-31"
1104.23999,1131.540039,1099.180054,1114.579956,26829870000,1114.579956,"2004-09-30"
1114.579956,1142.050049,1090.290039,1130.199951,3.1511e+10,1130.199951,"2004-10-29"
1130.199951,1188.459961,1127.599976,1173.819946,30460280000,1173.819946,"2004-11-30"
1173.780029,1217.329956,1173.780029,1211.920044,31102500000,1211.920044,"2004-12-31"
1211.920044,1217.800049,1163.75,1181.27002,31498800000,1181.27002,"2005-01-31"
1181.27002,1212.439941,1180.949951,1203.599976,29297410000,1203.599976,"2005-02-28"
1203.599976,1229.109985,1163.689941,1180.589966,39014150000,1180.589966,"2005-03-31"
1180.589966,1191.880005,1136.150024,1156.849976,43424270000,1156.849976,"2005-04-29"
1156.849976,1199.560059,1146.180054,1191.5,39321990000,1191.5,"2005-05-31"
1191.5,1219.589966,1188.300049,1191.329956,40334040000,1191.329956,"2005-06-30"
1191.329956,1245.150024,1183.550049,1234.180054,37464670000,1234.180054,"2005-07-29"
1234.180054,1245.859985,1201.069946,1220.329956,42030090000,1220.329956,"2005-08-31"
1220.329956,1243.130005,1205.349976,1228.810059,44777510000,1228.810059,"2005-09-30"
1228.810059,1233.339966,1168.199951,1207.01001,49793790000,1207.01001,"2005-10-31"
1207.01001,1270.640015,1201.069946,1249.47998,45102870000,1249.47998,"2005-11-30"
1249.47998,1275.800049,1246.589966,1248.290039,41756130000,1248.290039,"2005-12-30"
1248.290039,1294.900024,1245.73999,1280.079956,49211650000,1280.079956,"2006-01-31"
1280.079956,1297.569946,1253.609985,1280.660034,42859940000,1280.660034,"2006-02-28"
1280.660034,1310.880005,1268.420044,1294.869995,50905040000,1294.869995,"2006-03-31"
1302.880005,1318.160034,1280.73999,1310.609985,43308430000,1310.609985,"2006-04-28"
1310.609985,1326.699951,1245.339966,1270.089966,54312830000,1270.089966,"2006-05-31"
1270.050049,1290.680054,1219.290039,1270.199951,54873260000,1270.199951,"2006-06-30"
1270.060059,1280.420044,1224.540039,1276.660034,46348220000,1276.660034,"2006-07-31"
1278.530029,1306.73999,1261.300049,1303.819946,50485620000,1303.819946,"2006-08-31"
1303.800049,1340.280029,1290.930054,1335.849976,49001440000,1335.849976,"2006-09-29"
1335.819946,1389.449951,1327.099976,1377.939941,56793620000,1377.939941,"2006-10-31"
1377.76001,1407.890015,1360.97998,1400.630005,55343930000,1400.630005,"2006-11-30"
1400.630005,1431.810059,1385.930054,1418.300049,47578780000,1418.300049,"2006-12-29"
1418.030029,1441.609985,1403.969971,1438.23999,56686200000,1438.23999,"2007-01-31"
1437.900024,1461.569946,1389.420044,1406.819946,51844990000,1406.819946,"2007-02-28"
1406.800049,1438.890015,1363.97998,1420.859985,67622250000,1420.859985,"2007-03-30"
1420.829956,1498.02002,1416.369995,1482.369995,57032470000,1482.369995,"2007-04-30"
1482.369995,1535.560059,1476.699951,1530.619995,64958050000,1530.619995,"2007-05-31"
1530.619995,1540.560059,1484.180054,1503.349976,65322800000,1503.349976,"2007-06-29"
1504.660034,1555.900024,1454.25,1455.27002,70337430000,1455.27002,"2007-07-31"
1455.180054,1503.890015,1370.599976,1473.98999,91381760000,1473.98999,"2007-08-31"
1473.959961,1538.73999,1439.290039,1526.75,57809700000,1526.75,"2007-09-28"
1527.290039,1576.089966,1489.560059,1549.380005,76022580000,1549.380005,"2007-10-31"
1545.790039,1545.790039,1406.099976,1481.140015,86246950000,1481.140015,"2007-11-30"
1479.630005,1523.569946,1435.650024,1468.359985,64821670000,1468.359985,"2007-12-31"
1467.969971,1471.77002,1270.050049,1378.550049,98475340000,1378.550049,"2008-01-31"
1378.599976,1396.02002,1316.75,1330.630005,78536130000,1330.630005,"2008-02-29"
1330.449951,1359.680054,1256.97998,1322.699951,93189170000,1322.699951,"2008-03-31"
1326.410034,1404.569946,1324.349976,1385.589966,85978630000,1385.589966,"2008-04-30"
1385.969971,1440.23999,1373.069946,1400.380005,80990480000,1400.380005,"2008-05-30"
1399.619995,1404.050049,1272,1280,96614040000,1280,"2008-06-30"
1276.689941,1292.170044,1200.439941,1267.380005,124980570000,1267.380005,"2008-07-31"
1269.420044,1313.150024,1247.449951,1282.829956,86266010000,1282.829956,"2008-08-29"
1287.829956,1303.040039,1106.420044,1166.359985,140007320000,1166.359985,"2008-09-30"
1164.170044,1167.030029,839.799988,968.75,159823030000,968.75,"2008-10-31"
968.669983,1007.51001,741.02002,896.23999,115660210000,896.23999,"2008-11-28"
888.609985,918.849976,815.690002,903.25,112884470000,903.25,"2008-12-31"
902.98999,943.849976,804.299988,825.880005,112090640000,825.880005,"2009-01-30"
823.090027,875.01001,734.52002,735.090027,124492210000,735.090027,"2009-02-27"
729.570007,832.97998,666.789978,797.869995,161843640000,797.869995,"2009-03-31"
793.590027,888.700012,783.320007,872.809998,138855320000,872.809998,"2009-04-30"
872.73999,930.169983,866.099976,919.140015,131614940000,919.140015,"2009-05-29"
923.26001,956.22998,888.859985,919.320007,112653150000,919.320007,"2009-06-30"
920.820007,996.679993,869.320007,987.47998,106635790000,987.47998,"2009-07-31"
990.219971,1039.469971,978.51001,1020.619995,116059270000,1020.619995,"2009-08-31"
1019.52002,1080.150024,991.969971,1057.079956,112295490000,1057.079956,"2009-09-30"
1054.910034,1101.359985,1019.950012,1036.189941,113410990000,1036.189941,"2009-10-30"
1036.180054,1113.689941,1029.380005,1095.630005,84981530000,1095.630005,"2009-11-30"
1098.890015,1130.380005,1085.890015,1115.099976,89515330000,1115.099976,"2009-12-31"
1116.560059,1150.449951,1071.589966,1073.869995,90947580000,1073.869995,"2010-01-29"
1073.890015,1112.420044,1044.5,1104.48999,84561340000,1104.48999,"2010-02-26"
1105.359985,1180.689941,1105.359985,1169.430054,103683550000,1169.430054,"2010-03-31"
1171.22998,1219.800049,1170.689941,1186.689941,116741910000,1186.689941,"2010-04-30"
1188.579956,1205.130005,1040.780029,1089.410034,127662780000,1089.410034,"2010-05-28"
1087.300049,1131.22998,1028.329956,1030.709961,110106750000,1030.709961,"2010-06-30"
1031.099976,1120.949951,1010.909973,1101.599976,94778110000,1101.599976,"2010-07-30"
1107.530029,1129.23999,1039.699951,1049.329956,85738250000,1049.329956,"2010-08-31"
1049.719971,1157.160034,1049.719971,1141.199951,79589450000,1141.199951,"2010-09-30"
1143.48999,1196.140015,1131.869995,1183.26001,89536270000,1183.26001,"2010-10-29"
1185.709961,1227.079956,1173,1180.550049,87151070000,1180.550049,"2010-11-30"
1186.599976,1262.599976,1186.599976,1257.640015,80984530000,1257.640015,"2010-12-31"
1257.619995,1302.670044,1257.619995,1286.119995,92164940000,1286.119995,"2011-01-31"
1289.140015,1344.069946,1289.140015,1327.219971,59223660000,1327.219971,"2011-02-28"
1328.640015,1332.280029,1249.050049,1325.829956,89507640000,1325.829956,"2011-03-31"
1329.47998,1364.560059,1294.699951,1363.609985,77364810000,1363.609985,"2011-04-29"
1365.209961,1370.579956,1311.800049,1345.199951,81708980000,1345.199951,"2011-05-31"
1345.199951,1345.199951,1258.069946,1320.640015,86122730000,1320.640015,"2011-06-30"
1320.640015,1356.47998,1282.859985,1292.280029,81102170000,1292.280029,"2011-07-29"
1292.589966,1307.380005,1101.540039,1218.890015,108419170000,1218.890015,"2011-08-31"
1219.119995,1229.290039,1114.219971,1131.420044,102786820000,1131.420044,"2011-09-30"
1131.209961,1292.660034,1074.77002,1253.300049,98063670000,1253.300049,"2011-10-31"
1251,1277.550049,1158.660034,1246.959961,84275050000,1246.959961,"2011-11-30"
1246.910034,1269.369995,1202.369995,1257.599976,74742430000,1257.599976,"2011-12-30"
1258.859985,1333.469971,1258.859985,1312.410034,79567560000,1312.410034,"2012-01-31"
1312.449951,1378.040039,1312.449951,1365.680054,78385710000,1365.680054,"2012-02-29"
1365.900024,1419.150024,1340.030029,1408.469971,83899660000,1408.469971,"2012-03-30"
1408.469971,1422.380005,1357.380005,1397.910034,74761710000,1397.910034,"2012-04-30"
1397.859985,1415.319946,1291.97998,1310.329956,86920490000,1310.329956,"2012-05-31"
1309.869995,1363.459961,1266.73999,1362.160034,81582440000,1362.160034,"2012-06-29"
1362.329956,1391.73999,1325.410034,1379.319946,73103810000,1379.319946,"2012-07-31"
1379.319946,1426.680054,1354.650024,1406.579956,70283810000,1406.579956,"2012-08-31"
1406.540039,1474.51001,1396.560059,1440.670044,69784280000,1440.670044,"2012-09-28"
1440.900024,1470.959961,1403.280029,1412.160034,71752320000,1412.160034,"2012-10-31"
1412.199951,1434.27002,1343.349976,1416.180054,71489310000,1416.180054,"2012-11-30"
1416.339966,1448,1398.109985,1426.189941,66388180000,1426.189941,"2012-12-31"
1426.189941,1509.939941,1426.189941,1498.109985,75848510000,1498.109985,"2013-01-31"
1498.109985,1530.939941,1485.01001,1514.680054,69273480000,1514.680054,"2013-02-28"
1514.680054,1570.280029,1501.47998,1569.189941,68527110000,1569.189941,"2013-03-28"
1569.180054,1597.569946,1536.030029,1597.569946,7.7098e+10,1597.569946,"2013-04-30"
1597.550049,1687.180054,1581.280029,1630.73999,76447250000,1630.73999,"2013-05-31"
1631.709961,1654.189941,1560.329956,1606.280029,74946790000,1606.280029,"2013-06-28"
1609.780029,1698.780029,1604.569946,1685.72998,68106820000,1685.72998,"2013-07-31"
1689.420044,1709.670044,1627.469971,1632.969971,64802810000,1632.969971,"2013-08-30"
1635.949951,1729.859985,1633.410034,1681.550049,66174410000,1681.550049,"2013-09-30"
1682.410034,1775.219971,1646.469971,1756.540039,76647400000,1756.540039,"2013-10-31"
1758.699951,1813.550049,1746.199951,1805.810059,63628190000,1805.810059,"2013-11-29"
1806.550049,1849.439941,1767.98999,1848.359985,64958820000,1848.359985,"2013-12-31"
1845.859985,1850.839966,1770.449951,1782.589966,75871910000,1782.589966,"2014-01-31"
1782.680054,1867.920044,1737.920044,1859.449951,69725590000,1859.449951,"2014-02-28"
1857.680054,1883.969971,1834.439941,1872.339966,71885030000,1872.339966,"2014-03-31"
1873.959961,1897.280029,1814.359985,1883.949951,71595810000,1883.949951,"2014-04-30"
1884.390015,1924.030029,1859.790039,1923.569946,63623630000,1923.569946,"2014-05-30"
1923.869995,1968.170044,1915.97998,1960.22998,63283380000,1960.22998,"2014-06-30"
1962.290039,1991.390015,1930.670044,1930.670044,66524690000,1930.670044,"2014-07-31"
1929.800049,2005.040039,1904.780029,2003.369995,58131140000,2003.369995,"2014-08-29"
2004.069946,2019.26001,1964.040039,1972.290039,6.6706e+10,1972.290039,"2014-09-30"
1971.439941,2018.189941,1820.660034,2018.050049,93714040000,2018.050049,"2014-10-31"
2018.209961,2075.76001,2001.01001,2067.560059,63600190000,2067.560059,"2014-11-28"
2065.780029,2093.550049,1972.560059,2058.899902,80743820000,2058.899902,"2014-12-31"
2058.899902,2072.360107,1988.119995,1994.98999,77330040000,1994.98999,"2015-01-30"
1996.670044,2119.590088,1980.900024,2104.5,68775560000,2104.5,"2015-02-27"
2105.22998,2117.52002,2039.689941,2067.889893,76675850000,2067.889893,"2015-03-31"
2067.629883,2125.919922,2048.379883,2085.51001,72060940000,2085.51001,"2015-04-30"
2087.379883,2134.719971,2067.929932,2107.389893,65187730000,2107.389893,"2015-05-29"
2108.639893,2129.870117,2056.320068,2063.110107,73213980000,2063.110107,"2015-06-30"
2067,2132.820068,2044.02002,2103.840088,77920590000,2103.840088,"2015-07-31"
2104.48999,2112.659912,1867.01001,1972.180054,84626790000,1972.180054,"2015-08-31"
1970.089966,2020.859985,1871.910034,1920.030029,79989370000,1920.030029,"2015-09-30"
1919.650024,2094.320068,1893.699951,2079.360107,85844900000,2079.360107,"2015-10-30"
2080.76001,2116.47998,2019.390015,2080.409912,75943590000,2080.409912,"2015-11-30"
2082.929932,2104.27002,1993.26001,2043.939941,83649260000,2043.939941,"2015-12-31"
2038.199951,2038.199951,1812.290039,1940.23999,92409770000,1940.23999,"2016-01-29"
1936.939941,1962.959961,1810.099976,1932.22998,93049560000,1932.22998,"2016-02-29"
1937.089966,2072.209961,1937.089966,2059.73999,92639420000,2059.73999,"2016-03-31"
2056.620117,2111.050049,2033.800049,2065.300049,81124990000,2065.300049,"2016-04-29"
2067.169922,2103.47998,2025.910034,2096.949951,78883600000,2096.949951,"2016-05-31"
2093.939941,2120.550049,1991.680054,2098.860107,86852700000,2098.860107,"2016-06-30"
2099.340088,2177.090088,2074.02002,2173.600098,69530250000,2173.600098,"2016-07-29"
2173.149902,2193.810059,2147.580078,2170.949951,75610310000,2170.949951,"2016-08-31"
2171.330078,2187.870117,2119.120117,2168.27002,77023620000,2168.27002,"2016-09-30"
2164.330078,2169.600098,2114.719971,2126.149902,72915530000,2126.149902,"2016-10-31"
2128.679932,2214.100098,2083.790039,2198.810059,88445380000,2198.810059,"2016-11-30"
2200.169922,2277.530029,2187.439941,2238.830078,75344550000,2238.830078,"2016-12-30"
2251.570068,2300.98999,2245.129883,2278.870117,70576420000,2278.870117,"2017-01-31"
2285.590088,2371.540039,2271.649902,2363.639893,69260940000,2363.639893,"2017-02-28"
2380.129883,2400.97998,2322.25,2362.719971,81664010000,2362.719971,"2017-03-31"
2362.340088,2398.159912,2328.949951,2384.199951,65369860000,2384.199951,"2017-04-28"
2388.5,2418.709961,2352.719971,2411.800049,79719460000,2411.800049,"2017-05-31"
2415.649902,2453.820068,2405.699951,2423.409912,81078810000,2423.409912,"2017-06-30"
2431.389893,2484.040039,2407.699951,2470.300049,63348090000,2470.300049,"2017-07-31"
2477.100098,2490.870117,2417.350098,2471.649902,70784900000,2471.649902,"2017-08-31"
2474.419922,2519.439941,2446.550049,2519.360107,66624120000,2519.360107,"2017-09-29"
2521.199951,2582.97998,2520.399902,2575.26001,71088550000,2575.26001,"2017-10-31"
2583.209961,2657.73999,2557.449951,2647.580078,73416960000,2647.580078,"2017-11-30"
2645.100098,2694.969971,2605.52002,2673.610107,65531700000,2673.610107,"2017-12-29"
2683.72998,2872.870117,2682.360107,2823.810059,77318690000,2823.810059,"2018-01-31"
2816.449951,2835.959961,2532.689941,2713.830078,79933970000,2713.830078,"2018-02-28"
2715.219971,2801.899902,2585.889893,2640.870117,76803890000,2640.870117,"2018-03-29"
2633.449951,2717.48999,2553.800049,2648.050049,70194700000,2648.050049,"2018-04-30"
2642.959961,2742.23999,2594.620117,2705.27002,76011820000,2705.27002,"2018-05-31"
2718.699951,2791.469971,2691.98999,2718.370117,77891360000,2718.370117,"2018-06-29"
2704.949951,2848.030029,2698.949951,2816.290039,64898300000,2816.290039,"2018-07-31"
2821.169922,2916.5,2796.340088,2901.52002,69523070000,2901.52002,"2018-08-31"
2896.959961,2940.909912,2864.120117,2913.97998,63031510000,2913.97998,"2018-09-28"
2926.290039,2939.860107,2603.540039,2711.73999,91930980000,2711.73999,"2018-10-31"
2717.580078,2815.149902,2631.090088,2760.169922,80620020000,2760.169922,"2018-11-30"
2790.5,2800.179932,2346.580078,2506.850098,84162180000,2506.850098,"2018-12-31"
2476.959961,2708.949951,2443.959961,2704.100098,80859870000,2704.100098,"2019-01-31"
2702.320068,2813.48999,2681.830078,2784.48999,70638770000,2784.48999,"2019-02-28"
2798.219971,2860.310059,2722.27002,2834.399902,79159660000,2834.399902,"2019-03-29"
2848.629883,2949.52002,2848.629883,2945.830078,70090370000,2945.830078,"2019-04-30"
2952.330078,2954.129883,2750.52002,2752.060059,77250740000,2752.060059,"2019-05-31"
2751.530029,2964.149902,2728.810059,2941.76001,71250630000,2941.76001,"2019-06-28"
2971.409912,3027.97998,2952.219971,2980.379883,70599470000,2980.379883,"2019-07-31"
2980.320068,3013.590088,2822.120117,2926.459961,80269220000,2926.459961,"2019-08-30"
2909.01001,3021.98999,2891.850098,2976.73999,74178980000,2976.73999,"2019-09-30"
2983.689941,3050.100098,2855.939941,3037.560059,77720640000,3037.560059,"2019-10-31"
3050.719971,3154.26001,3050.719971,3140.97998,72410620000,3140.97998,"2019-11-29"
3143.850098,3247.929932,3070.330078,3230.780029,72325540000,3230.780029,"2019-12-31"
3244.669922,3337.77002,3214.639893,3225.52002,77287980000,3225.52002,"2020-01-31"
3235.659912,3393.52002,2855.840088,2954.219971,84436590000,2954.219971,"2020-02-28"
2974.280029,3136.719971,2191.860107,2584.590088,162185380000,2584.590088,"2020-03-31"
2498.080078,2954.860107,2447.48999,2912.429932,123608160000,2912.429932,"2020-04-30"
2869.090088,3068.669922,2766.639893,3044.310059,107135190000,3044.310059,"2020-05-29"
3038.780029,3233.129883,2965.659912,3100.290039,131458880000,3100.290039,"2020-06-30"
3105.919922,3279.98999,3101.169922,3271.120117,96928130000,3271.120117,"2020-07-31"
3288.26001,3514.77002,3284.530029,3500.310059,82466520000,3500.310059,"2020-08-31"
3507.439941,3588.110107,3209.449951,3363,92310780000,3363,"2020-09-30"
3385.870117,3549.850098,3233.939941,3269.959961,89938980000,3269.959961,"2020-10-30"
3296.199951,3645.98999,3279.73999,3621.629883,101247180000,3621.629883,"2020-11-30"
3645.870117,3760.199951,3633.399902,3756.070068,96375680000,3756.070068,"2020-12-31"
3764.610107,3870.899902,3662.709961,3714.23999,106117800000,3714.23999,"2021-01-29"
3731.169922,3950.429932,3725.620117,3811.149902,99082320000,3811.149902,"2021-02-26"
3842.51001,3994.409912,3723.340088,3972.889893,122371150000,3972.889893,"2021-03-31"
3992.780029,4218.779785,3992.780029,4181.169922,83124090000,4181.169922,"2021-04-30"
4191.97998,4238.040039,4056.879883,4204.109863,88321860000,4204.109863,"2021-05-28"
4216.52002,4302.430176,4164.399902,4297.5,102544180000,4297.5,"2021-06-30"
4300.72998,4429.970215,4233.129883,4395.259766,84255620000,4395.259766,"2021-07-30"
4406.859863,4537.359863,4367.72998,4522.680176,80500760000,4522.680176,"2021-08-31"
4528.799805,4545.850098,4305.910156,4307.540039,85528860000,4307.540039,"2021-09-30"
4317.160156,4608.080078,4278.939941,4605.379883,80253600000,4605.379883,"2021-10-29"
4610.620117,4743.830078,4560,4567,88268840000,4567,"2021-11-30"
4602.819824,4808.930176,4495.120117,4766.180176,92750180000,4766.180176,"2021-12-31"
4778.140137,4818.620117,4222.620117,4515.549805,95562890000,4515.549805,"2022-01-31"
4519.569824,4595.310059,4114.649902,4373.939941,92667710000,4373.939941,"2022-02-28"
4363.140137,4637.299805,4157.870117,4530.410156,123546260000,4530.410156,"2022-03-31"
4540.319824,4593.450195,4124.279785,4131.930176,90367840000,4131.930176,"2022-04-29"
4130.609863,4307.660156,3810.320068,4132.149902,108860390000,4132.149902,"2022-05-31"
4149.779785,4177.509766,3636.870117,3785.379883,106116710000,3785.379883,"2022-06-30"
3781,4140.149902,3721.560059,4130.290039,81688320000,4130.290039,"2022-07-29"
4112.379883,4325.279785,3954.530029,3955,92252350000,3955,"2022-08-31"
3936.72998,4119.279785,3584.129883,3585.620117,94241020000,3585.620117,"2022-09-30"
3609.780029,3905.419922,3491.580078,3871.97998,95823760000,3871.97998,"2022-10-31"
3901.790039,4080.110107,3698.149902,4080.110107,92671910000,4080.110107,"2022-11-30"
4087.139893,4100.959961,3795.620117,3821.620117,60825116000,3821.620117,"2022-12-20"
