PROJECTIONS_Q1_START_DATE,TICKER,REVENUE_DIVISION,REVENUE,SCALE,PROJECTION,REVENUE_PREV,PROJECTIONS_Q0_START_DATE,PROJECTIONS_Q0_END_DATE,PROJECTIONS_Q1_END_DATE,MOA_PROJECTIONS_TABLE,SARCO_PROJECTIONS_TABLE,PROJECTION_STDEV,PROJECTION_HIGH,PROJECTION_LOW,PROJECTION_FILL_FACTOR,PROJECTION_SCALE_FACTOR,PROJECTION_ADJUSTED_SPEND,PROJECTION_MONTH_1,PROJECTION_MONTH_2,PROJECTION_MONTH_3,PROJECTION_SCALE_FACTOR_MA,BS,PROJECTION_ADJUSTED_SPEND_STDEV
2014-10-01,ABT,BRAIN MODULATION,,,,,2014-07-01,2014-09-30,2014-12-31,moa_live.base.BASE_20210429,sarco_live.base.SARCO_CLEAN_20210614,,,,,,,,,,,,
2015-01-01,ABT,BRAIN MODULATION,,,0.0,,2014-10-01,2014-12-31,2015-03-31,moa_live.base.BASE_20210429,sarco_live.base.SARCO_CLEAN_20210614,,,,,,,,,,,,
2015-04-01,ABT,BRAIN MODULATION,,,0.0,,2015-01-01,2015-03-31,2015-06-30,moa_live.base.BASE_20210429,sarco_live.base.SARCO_CLEAN_20210614,,,,,,,,,,,,
2015-07-01,ABT,BRAIN MODULATION,,,0.0,,2015-04-01,2015-06-30,2015-09-30,moa_live.base.BASE_20210429,sarco_live.base.SARCO_CLEAN_20210614,,,,,,,,,,,,
2015-10-01,ABT,BRAIN MODULATION,,,0.0,,2015-07-01,2015-09-30,2015-12-31,moa_live.base.BASE_20210429,sarco_live.base.SARCO_CLEAN_20210614,,,,,,,,,,,,
2016-01-01,ABT,BRAIN MODULATION,,,0.0,,2015-10-01,2015-12-31,2016-03-31,moa_live.base.BASE_20210429,sarco_live.base.SARCO_CLEAN_20210614,,,,,,,,,,,,
2016-04-01,ABT,BRAIN MODULATION,,,0.0,,2016-01-01,2016-03-31,2016-06-30,moa_live.base.BASE_20210429,sarco_live.base.SARCO_CLEAN_20210614,,,,,,,,,,,,
2016-07-01,ABT,BRAIN MODULATION,,,0.0,,2016-04-01,2016-06-30,2016-09-30,moa_live.base.BASE_20210429,sarco_live.base.SARCO_CLEAN_20210614,,,,,,,,,,,,
2016-10-01,ABT,BRAIN MODULATION,2000000.0,,1099141.0,,2016-07-01,2016-09-30,2016-12-31,moa_live.base.BASE_20210429,sarco_live.base.SARCO_CLEAN_20210614,,,,,,,,,,,,
2017-01-01,ABT,BRAIN MODULATION,5000000.0,,5183364.0,2000000.0,2016-10-01,2016-12-31,2017-03-31,moa_live.base.BASE_20210429,sarco_live.base.SARCO_CLEAN_20210614,,,,,,,,,,,,
2017-04-01,ABT,BRAIN MODULATION,6000000.0,,5674429.0,5000000.0,2017-01-01,2017-03-31,2017-06-30,moa_live.base.BASE_20210429,sarco_live.base.SARCO_CLEAN_20210614,,,,,,,,,,,,
2017-07-01,ABT,BRAIN MODULATION,8000000.0,,8038291.0,6000000.0,2017-04-01,2017-06-30,2017-09-30,moa_live.base.BASE_20210429,sarco_live.base.SARCO_CLEAN_20210614,,,,,,,,,,,,
2017-10-01,ABT,BRAIN MODULATION,9000000.0,,9149634.0,8000000.0,2017-07-01,2017-09-30,2017-12-31,moa_live.base.BASE_20210429,sarco_live.base.SARCO_CLEAN_20210614,,,,,,,,,,,,
2018-01-01,ABT,BRAIN MODULATION,8000000.0,,8193873.0,9000000.0,2017-10-01,2017-12-31,2018-03-31,moa_live.base.BASE_20210429,sarco_live.base.SARCO_CLEAN_20210614,,,,,,,,,,,,
2018-04-01,ABT,BRAIN MODULATION,10000000.0,,9987068.0,8000000.0,2018-01-01,2018-03-31,2018-06-30,moa_live.base.BASE_20210429,sarco_live.base.SARCO_CLEAN_20210614,,,,,,,,,,,,
2018-07-01,ABT,BRAIN MODULATION,10000000.0,,9946778.0,10000000.0,2018-04-01,2018-06-30,2018-09-30,moa_live.base.BASE_20210429,sarco_live.base.SARCO_CLEAN_20210614,,,,,,,,,,,,
2018-10-01,ABT,BRAIN MODULATION,14000000.0,,14019049.0,10000000.0,2018-07-01,2018-09-30,2018-12-31,moa_live.base.BASE_20210429,sarco_live.base.SARCO_CLEAN_20210614,,,,,,,,,,,,
2019-01-01,ABT,BRAIN MODULATION,13000000.0,,12960740.0,14000000.0,2018-10-01,2018-12-31,2019-03-31,moa_live.base.BASE_20210429,sarco_live.base.SARCO_CLEAN_20210614,,,,,,,,,,,,
2019-04-01,ABT,BRAIN MODULATION,12000000.0,,12024224.0,13000000.0,2019-01-01,2019-03-31,2019-06-30,moa_live.base.BASE_20210429,sarco_live.base.SARCO_CLEAN_20210614,,,,,,,,,,,,
2019-07-01,ABT,BRAIN MODULATION,11000000.0,,11143300.0,12000000.0,2019-04-01,2019-06-30,2019-09-30,moa_live.base.BASE_20210429,sarco_live.base.SARCO_CLEAN_20210614,,,,,,,,,,,,
2019-10-01,ABT,BRAIN MODULATION,14000000.0,,14388520.0,11000000.0,2019-07-01,2019-09-30,2019-12-31,moa_live.base.BASE_20210429,sarco_live.base.SARCO_CLEAN_20210614,,,,,,,,,,,,
2020-01-01,ABT,BRAIN MODULATION,10000000.0,,10122655.0,14000000.0,2019-10-01,2019-12-31,2020-03-31,moa_live.base.BASE_20210429,sarco_live.base.SARCO_CLEAN_20210614,,,,,,,,,,,,
2020-04-01,ABT,BRAIN MODULATION,4500000.0,,4551367.0,10000000.0,2020-01-01,2020-03-31,2020-06-30,moa_live.base.BASE_20210429,sarco_live.base.SARCO_CLEAN_20210614,,,,,,,,,,,,
2020-07-01,ABT,BRAIN MODULATION,12000000.0,,12050328.0,4500000.0,2020-04-01,2020-06-30,2020-09-30,moa_live.base.BASE_20210429,sarco_live.base.SARCO_CLEAN_20210614,,,,,,,,,,,,
2020-10-01,ABT,BRAIN MODULATION,12200000.0,,12196322.0,12000000.0,2020-07-01,2020-09-30,2020-12-31,moa_live.base.BASE_20210429,sarco_live.base.SARCO_CLEAN_20210614,,,,,,,,,,,,
2021-01-01,ABT,BRAIN MODULATION,11000000.0,,10988365.0,12200000.0,2020-10-01,2020-12-31,2021-03-31,moa_live.base.BASE_20210429,sarco_live.base.SARCO_CLEAN_20210614,,,,,,,,,,,,
2021-04-01,ABT,BRAIN MODULATION,13313551.0,,13313551.0,11000000.0,2021-01-01,2021-03-31,2021-06-30,moa_live.base.BASE_20210923,sarco_live.base.SARCO_CLEAN_20210902,2055665.6967379446,19480548.090213835,7146553.909786167,1.1180049198150495,5.8802473665820045,3312879.012696577,5007234.204559171,3670834.8638088815,4635481.931631949,,"[10192513.564899756, 10278440.323013563, 10450125.225893103, 10533645.388675524, 10542145.977381755, 10601895.23149964, 10607020.32719936, 10655348.75149333, 10766284.216788303, 10856467.348843243, 10922534.931242311, 10931706.270934213, 11014505.269986907, 11055797.301954098, 11189237.022584999, 11283656.50447596, 11393531.827006893, 11520760.393132858, 11617595.68078752, 11618244.614362895, 11661791.673016801, 11671183.33360069, 11827762.12313918, 11859770.530768553, 11873023.603157587, 11913894.061148718, 11954520.124731272, 11965669.287203627, 12000543.802023832, 12019677.939789716, 12054527.150486823, 12116503.881055743, 12136397.415380586, 12141417.048858799, 12213951.69274413, 12246651.507272828, 12258966.502260957, 12263198.704411738, 12271348.35344078, 12299593.85598117, 12301713.477206916, 12373161.246579416, 12389712.769850489, 12410869.097778957, 12428722.076073378, 12532899.312380817, 12535537.745555047, 12558412.45230028, 12581200.861884052, 12730315.3901548, 12827176.98272658, 12830265.839502357, 12867408.332587814, 12938778.550845057, 13027247.161811048, 13070849.850332776, 13081426.198858583, 13106502.07385062, 13109380.490330253, 13116054.497388683, 13116137.643113429, 13125839.312644273, 13126388.492739609, 13222711.26579215, 13313551.0, 13366783.328367114, 13387916.814047905, 13414596.854062451, 13467538.968061035, 13596791.391122418, 13623780.402327739, 13656316.825912341, 13990193.21199733, 14104133.34162792, 14153488.101897843, 14193671.473603347, 14253561.300171454, 14330584.116961855, 14379804.237728547, 14473388.374908172, 14504332.497553367, 14514731.871300984, 14541429.268598702, 14552608.003683744, 14641899.557098944, 14694006.305051915, 14722275.16206886, 14737171.625545332, 14757864.691639453, 14803286.453818796, 14812436.85155839, 14832374.238192173, 14896069.933190146, 14915373.206247909, 15008764.291871907, 15014832.728258224, 15098899.347899208, 15185096.055038132, 15211994.757569505, 15232660.380395101, 15278160.338096444, 15418375.563299596, 15446008.067401046, 15475388.336800348, 15484083.369990109, 15493233.478535727, 15634601.98725694, 15649273.94400658, 15676305.295017006, 15733821.15014418, 15746594.96422434, 15785460.600545537, 15818379.795598717, 15840988.86315276, 15875195.282166775, 15895412.895018974, 15901633.75057208, 15957651.54440062, 16031999.362558903, 16242479.26955674, 16289051.272467764, 16921663.105744977, 17284106.02980484, 17756862.65544286, 18222984.437639873, 18275871.198311366, 19245425.81949374, 19741287.426200066, 20065239.855925042]",521541.8447704149
2021-07-01,ABT,BRAIN MODULATION,,,11786490.458592806,13313551.0,2021-04-01,2021-06-30,2021-09-30,moa_live.base.BASE_20210923,sarco_live.base.SARCO_CLEAN_20210902,1782131.4991574788,17132884.95606524,6440095.96112037,1.6779024011251829,6.319012371558498,2711323.217719805,3384738.5941416733,3988687.6141348383,4413064.250316295,,"[8721513.844931075, 8790988.263746938, 8805360.613592066, 9208043.306209419, 9213916.317208882, 9346970.922960771, 9546466.8911279, 9691191.866229722, 9764099.173246864, 9767246.915640958, 9980238.988299696, 10017152.390094465, 10033852.382576834, 10035150.736450749, 10092672.225513242, 10178266.844021587, 10202238.456470815, 10203695.10451905, 10211605.05890967, 10243328.624587916, 10271714.89279527, 10335770.222897202, 10399848.104400048, 10411872.77215425, 10431799.813585294, 10463966.466217315, 10516174.240014667, 10516502.353249364, 10572398.650335187, 10595699.66004797, 10661710.636617495, 10662748.68400943, 10714086.552806165, 10743004.998858407, 10775300.082743311, 10821588.264420269, 10841814.444425812, 10869011.813829849, 10890435.349721882, 10999844.619870555, 11067150.865657317, 11121787.166105418, 11169648.405460276, 11177332.47346613, 11204404.537795914, 11228502.24179721, 11291303.259772586, 11318752.056226414, 11331035.987468563, 11365228.149801074, 11523024.040928401, 11550086.856640942, 11588136.116172273, 11595481.972791169, 11615293.414627014, 11638268.40525262, 11648411.774641862, 11657745.832084984, 11669054.857219355, 11711963.638054075, 11736552.065303154, 11768566.327503072, 11778315.625203587, 11782937.675759876, 11786490.458592806, 11800760.939209769, 11801320.826313647, 11885649.023927977, 11889755.36682136, 11925508.664503481, 11932114.300159512, 11943721.931954056, 11951668.453716809, 11970718.633883778, 11988566.580434062, 12068249.429492218, 12146638.863663228, 12256674.545761567, 12313954.65492052, 12339539.473842615, 12407518.962598208, 12434496.979578434, 12456557.011391008, 12501523.973044937, 12537279.17330871, 12581282.157287307, 12638537.210613858, 12654271.142148374, 12676712.950982457, 12693177.009473361, 12748462.138252174, 12798807.361296335, 12868537.83854189, 12936820.065255862, 12997649.068253413, 13053170.084151192, 13190405.384502485, 13259019.712813541, 13292897.614246111, 13343580.192119371, 13350684.819950162, 13406247.536795503, 13440990.30719784, 13674907.997220857, 13683360.1057912, 13706545.481361607, 13823925.96767124, 14097103.641663084, 14118475.955893109, 14227291.146879409, 14251749.21186173, 14281774.393863104, 14396874.53174622, 14585691.886789085, 14611715.791320153, 14635409.269512333, 14660678.569167484, 14895861.505192414, 15013873.12559878, 15097767.982613668, 15208844.08499621, 15306889.999160146, 15450487.313847868, 15521761.844663272, 15648509.299460331, 15789506.797878087, 15896586.875588514, 16242843.836472834, 17437560.43849256]",470075.6527576402
2014-10-01,BSX,BRAIN MODULATION,,,0.0,,2014-07-01,2014-09-30,2014-12-31,moa_live.base.BASE_20210429,sarco_live.base.SARCO_CLEAN_20210614,,,,,,,,,,,,
2015-01-01,BSX,BRAIN MODULATION,,,0.0,,2014-10-01,2014-12-31,2015-03-31,moa_live.base.BASE_20210429,sarco_live.base.SARCO_CLEAN_20210614,,,,,,,,,,,,
2015-04-01,BSX,BRAIN MODULATION,,,0.0,,2015-01-01,2015-03-31,2015-06-30,moa_live.base.BASE_20210429,sarco_live.base.SARCO_CLEAN_20210614,,,,,,,,,,,,
2015-07-01,BSX,BRAIN MODULATION,,,0.0,,2015-04-01,2015-06-30,2015-09-30,moa_live.base.BASE_20210429,sarco_live.base.SARCO_CLEAN_20210614,,,,,,,,,,,,
2015-10-01,BSX,BRAIN MODULATION,,,0.0,,2015-07-01,2015-09-30,2015-12-31,moa_live.base.BASE_20210429,sarco_live.base.SARCO_CLEAN_20210614,,,,,,,,,,,,
2016-01-01,BSX,BRAIN MODULATION,,,0.0,,2015-10-01,2015-12-31,2016-03-31,moa_live.base.BASE_20210429,sarco_live.base.SARCO_CLEAN_20210614,,,,,,,,,,,,
2016-04-01,BSX,BRAIN MODULATION,,,0.0,,2016-01-01,2016-03-31,2016-06-30,moa_live.base.BASE_20210429,sarco_live.base.SARCO_CLEAN_20210614,,,,,,,,,,,,
2016-07-01,BSX,BRAIN MODULATION,,,0.0,,2016-04-01,2016-06-30,2016-09-30,moa_live.base.BASE_20210429,sarco_live.base.SARCO_CLEAN_20210614,,,,,,,,,,,,
2016-10-01,BSX,BRAIN MODULATION,,,0.0,,2016-07-01,2016-09-30,2016-12-31,moa_live.base.BASE_20210429,sarco_live.base.SARCO_CLEAN_20210614,,,,,,,,,,,,
2017-01-01,BSX,BRAIN MODULATION,,,0.0,,2016-10-01,2016-12-31,2017-03-31,moa_live.base.BASE_20210429,sarco_live.base.SARCO_CLEAN_20210614,,,,,,,,,,,,
2017-04-01,BSX,BRAIN MODULATION,,,0.0,,2017-01-01,2017-03-31,2017-06-30,moa_live.base.BASE_20210429,sarco_live.base.SARCO_CLEAN_20210614,,,,,,,,,,,,
2017-07-01,BSX,BRAIN MODULATION,,,0.0,,2017-04-01,2017-06-30,2017-09-30,moa_live.base.BASE_20210429,sarco_live.base.SARCO_CLEAN_20210614,,,,,,,,,,,,
2017-10-01,BSX,BRAIN MODULATION,,,0.0,,2017-07-01,2017-09-30,2017-12-31,moa_live.base.BASE_20210429,sarco_live.base.SARCO_CLEAN_20210614,,,,,,,,,,,,
2018-01-01,BSX,BRAIN MODULATION,3000000.0,,2824273.0,,2017-10-01,2017-12-31,2018-03-31,moa_live.base.BASE_20210429,sarco_live.base.SARCO_CLEAN_20210614,,,,,,,,,,,,
2018-04-01,BSX,BRAIN MODULATION,5000000.0,,4363345.0,3000000.0,2018-01-01,2018-03-31,2018-06-30,moa_live.base.BASE_20210429,sarco_live.base.SARCO_CLEAN_20210614,,,,,,,,,,,,
2018-07-01,BSX,BRAIN MODULATION,3000000.0,,2802172.0,5000000.0,2018-04-01,2018-06-30,2018-09-30,moa_live.base.BASE_20210429,sarco_live.base.SARCO_CLEAN_20210614,,,,,,,,,,,,
2018-10-01,BSX,BRAIN MODULATION,5000000.0,,5007404.0,3000000.0,2018-07-01,2018-09-30,2018-12-31,moa_live.base.BASE_20210429,sarco_live.base.SARCO_CLEAN_20210614,,,,,,,,,,,,
2019-01-01,BSX,BRAIN MODULATION,7000000.0,,6892920.0,5000000.0,2018-10-01,2018-12-31,2019-03-31,moa_live.base.BASE_20210429,sarco_live.base.SARCO_CLEAN_20210614,,,,,,,,,,,,
2019-04-01,BSX,BRAIN MODULATION,11000000.0,,10985235.0,7000000.0,2019-01-01,2019-03-31,2019-06-30,moa_live.base.BASE_20210429,sarco_live.base.SARCO_CLEAN_20210614,,,,,,,,,,,,
2019-07-01,BSX,BRAIN MODULATION,11000000.0,,11138277.0,11000000.0,2019-04-01,2019-06-30,2019-09-30,moa_live.base.BASE_20210429,sarco_live.base.SARCO_CLEAN_20210614,,,,,,,,,,,,
2019-10-01,BSX,BRAIN MODULATION,13000000.0,,13248239.0,11000000.0,2019-07-01,2019-09-30,2019-12-31,moa_live.base.BASE_20210429,sarco_live.base.SARCO_CLEAN_20210614,,,,,,,,,,,,
2020-01-01,BSX,BRAIN MODULATION,11250000.0,,11251536.0,13000000.0,2019-10-01,2019-12-31,2020-03-31,moa_live.base.BASE_20210429,sarco_live.base.SARCO_CLEAN_20210614,,,,,,,,,,,,
2020-04-01,BSX,BRAIN MODULATION,9000000.0,,8951236.0,11250000.0,2020-01-01,2020-03-31,2020-06-30,moa_live.base.BASE_20210429,sarco_live.base.SARCO_CLEAN_20210614,,,,,,,,,,,,
2020-07-01,BSX,BRAIN MODULATION,14000000.0,,14028939.0,9000000.0,2020-04-01,2020-06-30,2020-09-30,moa_live.base.BASE_20210429,sarco_live.base.SARCO_CLEAN_20210614,,,,,,,,,,,,
2020-10-01,BSX,BRAIN MODULATION,12000000.0,,12296867.0,14000000.0,2020-07-01,2020-09-30,2020-12-31,moa_live.base.BASE_20210429,sarco_live.base.SARCO_CLEAN_20210614,,,,,,,,,,,,
2021-01-01,BSX,BRAIN MODULATION,11266667.0,,11266667.0,12000000.0,2020-10-01,2020-12-31,2021-03-31,moa_live.base.BASE_20210429,sarco_live.base.SARCO_CLEAN_20210614,,,,,,,,,,,,
2021-04-01,BSX,BRAIN MODULATION,15693260.0,,15693260.0,11266667.0,2021-01-01,2021-03-31,2021-06-30,moa_live.base.BASE_20210923,sarco_live.base.SARCO_CLEAN_20210902,1915803.7295618302,21440671.18868549,9945848.811314508,1.089834890822029,3.2925869946585316,6511800.97092896,5564755.097977243,4508880.895036716,5619624.00698604,,"[11204865.193292147, 12392434.747908298, 12582144.806514496, 12673950.00952116, 12866500.407910723, 13058678.003236892, 13085079.491806796, 13252939.362306312, 13270251.389271485, 13313040.502048487, 13314124.191230575, 13359420.38105215, 13376986.521360338, 13479859.910674058, 13658407.43813573, 13672953.552863095, 13757973.40922887, 13829575.71415998, 13998298.141627332, 14011566.940610666, 14026291.917385751, 14136333.26188467, 14150842.687650831, 14173595.236845179, 14192481.783204287, 14242817.855594408, 14333230.333181197, 14384756.93533511, 14519742.059794184, 14561824.32047037, 14632827.101987017, 14653616.785490837, 14680542.233452177, 14683799.523286501, 14698087.515564837, 14706594.039583648, 14743224.017871413, 14759221.517940342, 14791751.41055001, 14829177.84639665, 14831069.84033528, 14834963.578763714, 14922130.303802239, 14925160.61392707, 14969906.754535848, 15002132.782168573, 15011379.192377115, 15063765.731113903, 15155181.857076408, 15218649.35902607, 15236655.81373625, 15246965.028353244, 15271915.465026522, 15274710.045396384, 15283039.795705829, 15305119.246707216, 15361979.87377783, 15421369.221495798, 15449970.145589355, 15479646.696995752, 15499529.796060983, 15519377.512570426, 15615083.081933225, 15639978.803293083, 15693260.0, 15750208.543410217, 15785993.312120847, 15824494.124950392, 15836278.673919503, 15856510.903295878, 15892288.366452176, 15946883.160795236, 15969835.687746115, 16032373.903133532, 16057452.584948238, 16066440.516567422, 16144636.25459766, 16178335.943143507, 16194325.672549956, 16214990.083602602, 16237620.100682132, 16249185.370275848, 16249796.230099643, 16282351.87171498, 16282927.878816374, 16335726.355650753, 16430607.167323705, 16435976.557499085, 16468624.01689421, 16473720.832100078, 16493993.721851308, 16560306.128389752, 16593972.599869357, 16739771.842792582, 16816069.039347716, 17000193.937299255, 17009402.04628778, 17011526.384263255, 17086970.503067084, 17093010.066761296, 17099724.718342334, 17119931.4706336, 17168501.468814526, 17172256.38317226, 17255903.949200664, 17394979.43510365, 17575141.945227496, 17575752.117655966, 17623370.793060575, 17829330.501836803, 17899479.8836997, 17969056.368126217, 18088295.144004744, 18134421.978316136, 18222098.752936017, 18400279.549193285, 18630339.832602076, 18919690.87349934, 18928133.560964294, 18985339.09865587, 19391422.78951806, 19494591.32764917, 19598260.564157743, 19753002.907901693, 19838660.71221072, 19867841.713371564, 20541347.453069627, 20860362.112830803, 22013462.04263447]",1335885.915497957
2021-07-01,BSX,BRAIN MODULATION,,,15287143.997254819,15693260.0,2021-04-01,2021-06-30,2021-09-30,moa_live.base.BASE_20210923,sarco_live.base.SARCO_CLEAN_20210902,2048845.6306886638,21433680.88932081,9140607.105188828,1.7513564265149928,3.82318966798341,5606230.0724479295,4652604.707427468,4549111.966446091,6085427.323381259,,"[9808095.44760262, 10798293.318045808, 11921618.353102451, 12055032.08107474, 12088558.691468218, 12352287.072509775, 12358175.527331697, 12450937.253667016, 12858940.778186806, 12894606.011624422, 12956415.178562222, 12981718.797753612, 13035339.982211655, 13040332.380066616, 13131367.759667234, 13170284.170592804, 13271087.078111725, 13343247.248772543, 13361676.073313225, 13364564.537891932, 13381280.44913242, 13620701.989307119, 13669118.611056443, 13716441.693571804, 13864403.678376975, 13878079.781141698, 13885082.12361174, 13907663.350577539, 13947471.798903218, 13955629.145705774, 13985390.319495749, 13989938.481056685, 14118454.407131828, 14127661.298285441, 14129126.946387079, 14179197.948776923, 14206359.544773849, 14221593.450467236, 14279757.977093345, 14331917.536154924, 14343227.65971803, 14352327.136369638, 14386818.196049064, 14401976.677553238, 14488042.518854361, 14505792.018527709, 14558416.061885938, 14613203.148075774, 14627808.628881168, 14643452.70800515, 14661329.038156694, 14671689.356117846, 14753364.490707664, 14855596.841495777, 14860532.771379089, 14915172.75577759, 14915784.538770964, 14960057.974329887, 14980228.85974503, 15025329.105031496, 15045093.15152453, 15173503.783998253, 15222835.461743051, 15229123.521348419, 15287143.997254819, 15297598.932805084, 15374827.325108534, 15381835.465826279, 15385999.316115005, 15513329.327770472, 15541047.898619602, 15543966.791487506, 15643470.841300724, 15688911.787740447, 15698539.596584782, 15713920.234310618, 15746021.360636204, 15800307.086119005, 16039479.49659448, 16112021.310902776, 16127806.196855707, 16176883.167749641, 16230229.926615322, 16233075.992419906, 16294096.191586088, 16296792.329971092, 16311768.213293739, 16430670.359780308, 16467064.619344737, 16544487.830005702, 16551929.230449563, 16582788.724928183, 16596703.88803143, 16668919.656661272, 16690809.161142506, 16700545.504415764, 16723687.717614768, 16886842.257204026, 16901914.404077273, 16916713.50789488, 17086287.57068256, 17188782.36682335, 17246424.511582706, 17268630.363953423, 17372000.0914575, 17431061.438360594, 17438015.088551473, 17486611.548254922, 17561272.073568374, 17597031.23286585, 17652763.331966218, 17659064.03160505, 17672220.769630022, 17908332.056171034, 18276313.459259197, 18461975.347771313, 18503251.17273563, 18617051.19268596, 18696286.744827747, 18725015.975049064, 19009354.589561764, 19180905.475727547, 19222336.951503824, 19273615.773414988, 19308332.66603458, 19487768.845762223, 19817227.1164128, 20133838.106763024, 21161029.655654255]",1020733.097721977
2014-10-01,LIVN,BRAIN MODULATION,,,0.0,,2014-07-01,2014-09-30,2014-12-31,moa_live.base.BASE_20210429,sarco_live.base.SARCO_CLEAN_20210614,,,,,,,,,,,,
2015-01-01,LIVN,BRAIN MODULATION,,,58608435.0,,2014-10-01,2014-12-31,2015-03-31,moa_live.base.BASE_20210429,sarco_live.base.SARCO_CLEAN_20210614,,,,,,,,,,,,
2015-04-01,LIVN,BRAIN MODULATION,,,69501864.0,,2015-01-01,2015-03-31,2015-06-30,moa_live.base.BASE_20210429,sarco_live.base.SARCO_CLEAN_20210614,,,,,,,,,,,,
2015-07-01,LIVN,BRAIN MODULATION,,,78458264.0,,2015-04-01,2015-06-30,2015-09-30,moa_live.base.BASE_20210429,sarco_live.base.SARCO_CLEAN_20210614,,,,,,,,,,,,
2015-10-01,LIVN,BRAIN MODULATION,,,83681129.0,,2015-07-01,2015-09-30,2015-12-31,moa_live.base.BASE_20210429,sarco_live.base.SARCO_CLEAN_20210614,,,,,,,,,,,,
2016-01-01,LIVN,BRAIN MODULATION,70200000.0,,70205135.0,,2015-10-01,2015-12-31,2016-03-31,moa_live.base.BASE_20210429,sarco_live.base.SARCO_CLEAN_20210614,,,,,,,,,,,,
2016-04-01,LIVN,BRAIN MODULATION,75700000.0,,75723567.0,70200000.0,2016-01-01,2016-03-31,2016-06-30,moa_live.base.BASE_20210429,sarco_live.base.SARCO_CLEAN_20210614,,,,,,,,,,,,
2016-07-01,LIVN,BRAIN MODULATION,74800000.0,,74873567.0,75700000.0,2016-04-01,2016-06-30,2016-09-30,moa_live.base.BASE_20210429,sarco_live.base.SARCO_CLEAN_20210614,,,,,,,,,,,,
2016-10-01,LIVN,BRAIN MODULATION,77700000.0,,77703567.0,74800000.0,2016-07-01,2016-09-30,2016-12-31,moa_live.base.BASE_20210429,sarco_live.base.SARCO_CLEAN_20210614,,,,,,,,,,,,
2017-01-01,LIVN,BRAIN MODULATION,73700000.0,,73703539.0,77700000.0,2016-10-01,2016-12-31,2017-03-31,moa_live.base.BASE_20210429,sarco_live.base.SARCO_CLEAN_20210614,,,,,,,,,,,,
2017-04-01,LIVN,BRAIN MODULATION,81400000.0,,81403539.0,73700000.0,2017-01-01,2017-03-31,2017-06-30,moa_live.base.BASE_20210429,sarco_live.base.SARCO_CLEAN_20210614,,,,,,,,,,,,
2017-07-01,LIVN,BRAIN MODULATION,76200000.0,,76200986.0,81400000.0,2017-04-01,2017-06-30,2017-09-30,moa_live.base.BASE_20210429,sarco_live.base.SARCO_CLEAN_20210614,,,,,,,,,,,,
2017-10-01,LIVN,BRAIN MODULATION,85500000.0,,85532901.0,76200000.0,2017-07-01,2017-09-30,2017-12-31,moa_live.base.BASE_20210429,sarco_live.base.SARCO_CLEAN_20210614,,,,,,,,,,,,
2018-01-01,LIVN,BRAIN MODULATION,78000000.0,,78740909.0,85500000.0,2017-10-01,2017-12-31,2018-03-31,moa_live.base.BASE_20210429,sarco_live.base.SARCO_CLEAN_20210614,,,,,,,,,,,,
2018-04-01,LIVN,BRAIN MODULATION,89400000.0,,89419729.0,78000000.0,2018-01-01,2018-03-31,2018-06-30,moa_live.base.BASE_20210429,sarco_live.base.SARCO_CLEAN_20210614,,,,,,,,,,,,
2018-07-01,LIVN,BRAIN MODULATION,87200000.0,,87281729.0,89400000.0,2018-04-01,2018-06-30,2018-09-30,moa_live.base.BASE_20210429,sarco_live.base.SARCO_CLEAN_20210614,,,,,,,,,,,,
2018-10-01,LIVN,BRAIN MODULATION,94400000.0,,94455329.0,87200000.0,2018-07-01,2018-09-30,2018-12-31,moa_live.base.BASE_20210429,sarco_live.base.SARCO_CLEAN_20210614,,,,,,,,,,,,
2019-01-01,LIVN,BRAIN MODULATION,76900000.0,,76978343.0,94400000.0,2018-10-01,2018-12-31,2019-03-31,moa_live.base.BASE_20210429,sarco_live.base.SARCO_CLEAN_20210614,,,,,,,,,,,,
2019-04-01,LIVN,BRAIN MODULATION,80600000.0,,80632843.0,76900000.0,2019-01-01,2019-03-31,2019-06-30,moa_live.base.BASE_20210429,sarco_live.base.SARCO_CLEAN_20210614,,,,,,,,,,,,
2019-07-01,LIVN,BRAIN MODULATION,88000000.0,,88412222.0,80600000.0,2019-04-01,2019-06-30,2019-09-30,moa_live.base.BASE_20210429,sarco_live.base.SARCO_CLEAN_20210614,,,,,,,,,,,,
2019-10-01,LIVN,BRAIN MODULATION,89600000.0,,89629245.0,88000000.0,2019-07-01,2019-09-30,2019-12-31,moa_live.base.BASE_20210429,sarco_live.base.SARCO_CLEAN_20210614,,,,,,,,,,,,
2020-01-01,LIVN,BRAIN MODULATION,71900000.0,,71904285.0,89600000.0,2019-10-01,2019-12-31,2020-03-31,moa_live.base.BASE_20210429,sarco_live.base.SARCO_CLEAN_20210614,,,,,,,,,,,,
2020-04-01,LIVN,BRAIN MODULATION,44200000.0,,43657963.0,71900000.0,2020-01-01,2020-03-31,2020-06-30,moa_live.base.BASE_20210429,sarco_live.base.SARCO_CLEAN_20210614,,,,,,,,,,,,
2020-07-01,LIVN,BRAIN MODULATION,79900000.0,,79615957.0,44200000.0,2020-04-01,2020-06-30,2020-09-30,moa_live.base.BASE_20210429,sarco_live.base.SARCO_CLEAN_20210614,,,,,,,,,,,,
2020-10-01,LIVN,BRAIN MODULATION,85200000.0,,85537084.0,79900000.0,2020-07-01,2020-09-30,2020-12-31,moa_live.base.BASE_20210429,sarco_live.base.SARCO_CLEAN_20210614,,,,,,,,,,,,
2021-01-01,LIVN,BRAIN MODULATION,82300000.0,,82146048.0,85200000.0,2020-10-01,2020-12-31,2021-03-31,moa_live.base.BASE_20210429,sarco_live.base.SARCO_CLEAN_20210614,,,,,,,,,,,,
2021-04-01,LIVN,BRAIN MODULATION,91800000.0,,91588693.0,82300000.0,2021-01-01,2021-03-31,2021-06-30,moa_live.base.BASE_20210923,sarco_live.base.SARCO_CLEAN_20210902,6772066.287079865,111904891.8612396,71272494.1387604,0.9885860723520242,3.6495979877005817,30662251.633842263,25410602.92170317,31608212.344490677,34569877.73380615,,"[77157054.35311674, 78507737.98116946, 78570251.19928986, 78759887.82766004, 79858351.17095782, 80596848.59843297, 81018870.52392362, 81019286.34937982, 81696711.89374265, 81734980.64800698, 82430894.27254218, 82522502.23008467, 83063228.01574811, 83172776.72454664, 83850023.58626725, 83888795.39550395, 84500113.37358856, 84894613.45112522, 85114051.18406677, 85263319.47408713, 85381606.27108215, 85490250.93231533, 86188563.9269642, 86217273.03774393, 86401661.09644875, 86591628.03028445, 86680507.13730727, 87039936.82209308, 87297371.58262216, 87364580.26174815, 87436647.35353822, 87730268.03487574, 88151931.46067008, 88192484.56774616, 88396438.08033828, 88440746.33192784, 88541503.36886197, 88641173.81965058, 88754501.89194095, 88768774.28018302, 88991151.9573345, 89038885.08538765, 89143852.68465729, 89147545.61631702, 89287224.735564, 89341503.21352835, 89698640.69878665, 89988474.16107804, 90118731.95496252, 90130444.49701563, 90139849.80082098, 90187903.85769296, 90238270.34632094, 90427526.00734513, 90699731.88082515, 90710830.060742, 90806708.26440383, 90920518.14208263, 90993366.98130205, 91004584.1365462, 91098398.57471311, 91201006.07300563, 91399368.53181036, 91586558.61500274, 91588693.0, 91859302.32307881, 91941200.03108916, 91965331.80340509, 92093426.89987893, 92099167.46855095, 92310489.32043537, 92442260.54414062, 92560472.75360909, 92626513.48698609, 92637620.0460183, 92761873.37724711, 92791879.94192128, 92894680.6032353, 93014069.60657611, 93086041.11352979, 93210677.04775922, 93253705.57834369, 93556587.84006418, 93596841.39515084, 93922308.0511801, 93971611.74811423, 94206852.02511191, 94828149.2561185, 94893297.5101478, 95231501.88340725, 95440682.68154396, 95535171.98401095, 95825025.78797974, 95890844.614127, 96001447.56610443, 96339402.73629574, 96636908.27270319, 96947920.21550068, 97040152.9976189, 97051199.49001372, 97232989.25393178, 97384014.88492694, 97723017.1054539, 97977722.3014269, 98330802.26093401, 98333452.94018985, 98460911.20368396, 98529024.4794481, 98736066.27417131, 99057218.30108523, 99060493.16053349, 99616187.99059631, 99798473.43106572, 100320203.25803857, 101481608.70670466, 101659782.97959071, 101682220.3507041, 101992380.35709083, 102671284.2693393, 103459253.24674743, 103506869.05337292, 104413331.29638657, 104458084.96536864, 105576547.10085003, 105697180.80606279, 105979309.08176862, 106081049.50846486, 107985233.68133363, 108607257.28157736]",2892328.559740941
2021-07-01,LIVN,BRAIN MODULATION,,,97796936.53491154,91800000.0,2021-04-01,2021-06-30,2021-09-30,moa_live.base.BASE_20210923,sarco_live.base.SARCO_CLEAN_20210902,8579852.669492709,123536494.54338968,72057378.52643341,1.7882284618868607,3.9292379067561285,31440319.33800059,27615217.460245185,30230197.30496205,39951521.76970431,,"[71353572.60551256, 76967438.01048817, 78650634.31215811, 79445444.5963897, 80757820.0223553, 80969550.03380635, 82493640.41533907, 84135313.9120117, 84398506.55434181, 84436739.95247206, 85131220.28842026, 85936277.45848694, 86950411.56332155, 87978004.93278055, 88144952.39296433, 88255116.04701686, 89060986.0366455, 89265724.75423276, 89666154.48792988, 89667435.66772757, 89884489.61135945, 90182299.44639932, 90191071.84508838, 90354274.57314485, 90735781.53141314, 90937330.90978521, 91035320.39364906, 91177945.56518073, 91449644.9016981, 91613592.97318667, 91847258.72563621, 92035963.24373588, 92757710.50882846, 92780583.58812621, 92949555.69439843, 93149416.65513405, 93583883.96346992, 93712863.90417224, 93726786.59915677, 93793428.91204497, 93855583.58221747, 93904031.06385608, 93930991.86053386, 94178448.11276677, 94360082.0178527, 94383989.27704893, 94436387.1401717, 94469142.42618886, 94488442.19996415, 94569443.19118989, 94595816.34424423, 94736858.94209462, 95189224.13092366, 95269443.4930425, 95678532.57445364, 95734926.79019009, 96013648.35753639, 96153939.03755155, 96388923.30213347, 96721017.66462445, 96878017.28288767, 97066346.83832912, 97121504.43987823, 97716556.53804365, 97796936.53491154, 97873748.16014299, 97877415.64200233, 98146619.25036865, 98155942.67082317, 98192742.06193644, 98569131.7088337, 98912632.33974858, 98983030.66641031, 99147726.82136382, 99222147.17744465, 99433862.16331333, 99714377.6436228, 99770128.53691362, 99873887.93557744, 100184160.06085217, 100214911.00549835, 100334701.77515751, 100416647.67067035, 100653094.15031298, 101014649.45207174, 101015230.99924038, 101429904.72203466, 101794852.79502705, 101802695.15042359, 101911138.17248374, 102580162.56346528, 102628980.51893482, 102817749.47349162, 102995272.83226378, 103204277.7067545, 103420062.05215646, 103652355.06542186, 104039512.4366026, 104088967.51676606, 104326896.34139094, 104361303.2217404, 104941958.3952192, 105026162.41897084, 105079054.21921395, 105408854.15525322, 105680488.6490602, 105728552.3176098, 105967642.49874504, 105994734.8052031, 105997505.48925489, 106193647.8955189, 106220098.69535002, 106641898.513796, 106824931.55470227, 107671160.8170243, 107759907.22859873, 107872207.2905293, 107996942.50369504, 108819507.54753898, 108998937.09549497, 109472874.34878632, 110675343.8371165, 111411210.90266113, 111821182.01907764, 112715576.92958996, 114292931.63325943, 115812175.26582898, 115815896.5730077, 122470185.71773794]",4038734.9296610416
2014-10-01,MDT,BRAIN MODULATION,,,0.0,,2014-07-01,2014-09-30,2014-12-31,moa_live.base.BASE_20210429,sarco_live.base.SARCO_CLEAN_20210614,,,,,,,,,,,,
2015-01-01,MDT,BRAIN MODULATION,,,55366820.0,,2014-10-01,2014-12-31,2015-03-31,moa_live.base.BASE_20210429,sarco_live.base.SARCO_CLEAN_20210614,,,,,,,,,,,,
2015-04-01,MDT,BRAIN MODULATION,,,67485129.0,,2015-01-01,2015-03-31,2015-06-30,moa_live.base.BASE_20210429,sarco_live.base.SARCO_CLEAN_20210614,,,,,,,,,,,,
2015-07-01,MDT,BRAIN MODULATION,,,64482036.0,,2015-04-01,2015-06-30,2015-09-30,moa_live.base.BASE_20210429,sarco_live.base.SARCO_CLEAN_20210614,,,,,,,,,,,,
2015-10-01,MDT,BRAIN MODULATION,,,70393353.0,,2015-07-01,2015-09-30,2015-12-31,moa_live.base.BASE_20210429,sarco_live.base.SARCO_CLEAN_20210614,,,,,,,,,,,,
2016-01-01,MDT,BRAIN MODULATION,65870000.0,,65865200.0,,2015-10-01,2015-12-31,2016-03-31,moa_live.base.BASE_20210429,sarco_live.base.SARCO_CLEAN_20210614,,,,,,,,,,,,
2016-04-01,MDT,BRAIN MODULATION,68420000.0,,68422490.0,65870000.0,2016-01-01,2016-03-31,2016-06-30,moa_live.base.BASE_20210429,sarco_live.base.SARCO_CLEAN_20210614,,,,,,,,,,,,
2016-07-01,MDT,BRAIN MODULATION,72410000.0,,72410014.0,68420000.0,2016-04-01,2016-06-30,2016-09-30,moa_live.base.BASE_20210429,sarco_live.base.SARCO_CLEAN_20210614,,,,,,,,,,,,
2016-10-01,MDT,BRAIN MODULATION,68290000.0,,68286633.0,72410000.0,2016-07-01,2016-09-30,2016-12-31,moa_live.base.BASE_20210429,sarco_live.base.SARCO_CLEAN_20210614,,,,,,,,,,,,
2017-01-01,MDT,BRAIN MODULATION,66670000.0,,66667602.0,68290000.0,2016-10-01,2016-12-31,2017-03-31,moa_live.base.BASE_20210429,sarco_live.base.SARCO_CLEAN_20210614,,,,,,,,,,,,
2017-04-01,MDT,BRAIN MODULATION,65760000.0,,65757217.0,66670000.0,2017-01-01,2017-03-31,2017-06-30,moa_live.base.BASE_20210429,sarco_live.base.SARCO_CLEAN_20210614,,,,,,,,,,,,
2017-07-01,MDT,BRAIN MODULATION,65200000.0,,65202238.0,65760000.0,2017-04-01,2017-06-30,2017-09-30,moa_live.base.BASE_20210429,sarco_live.base.SARCO_CLEAN_20210614,,,,,,,,,,,,
2017-10-01,MDT,BRAIN MODULATION,62060000.0,,62063323.0,65200000.0,2017-07-01,2017-09-30,2017-12-31,moa_live.base.BASE_20210429,sarco_live.base.SARCO_CLEAN_20210614,,,,,,,,,,,,
2018-01-01,MDT,BRAIN MODULATION,63190000.0,,63190740.0,62060000.0,2017-10-01,2017-12-31,2018-03-31,moa_live.base.BASE_20210429,sarco_live.base.SARCO_CLEAN_20210614,,,,,,,,,,,,
2018-04-01,MDT,BRAIN MODULATION,63030000.0,,63031561.0,63190000.0,2018-01-01,2018-03-31,2018-06-30,moa_live.base.BASE_20210429,sarco_live.base.SARCO_CLEAN_20210614,,,,,,,,,,,,
2018-07-01,MDT,BRAIN MODULATION,59070000.0,,59070416.0,63030000.0,2018-04-01,2018-06-30,2018-09-30,moa_live.base.BASE_20210429,sarco_live.base.SARCO_CLEAN_20210614,,,,,,,,,,,,
2018-10-01,MDT,BRAIN MODULATION,60450000.0,,60450713.0,59070000.0,2018-07-01,2018-09-30,2018-12-31,moa_live.base.BASE_20210429,sarco_live.base.SARCO_CLEAN_20210614,,,,,,,,,,,,
2019-01-01,MDT,BRAIN MODULATION,58720000.0,,58715014.0,60450000.0,2018-10-01,2018-12-31,2019-03-31,moa_live.base.BASE_20210429,sarco_live.base.SARCO_CLEAN_20210614,,,,,,,,,,,,
2019-04-01,MDT,BRAIN MODULATION,64330000.0,,64330663.0,58720000.0,2019-01-01,2019-03-31,2019-06-30,moa_live.base.BASE_20210429,sarco_live.base.SARCO_CLEAN_20210614,,,,,,,,,,,,
2019-07-01,MDT,BRAIN MODULATION,60730000.0,,60734341.0,64330000.0,2019-04-01,2019-06-30,2019-09-30,moa_live.base.BASE_20210429,sarco_live.base.SARCO_CLEAN_20210614,,,,,,,,,,,,
2019-10-01,MDT,BRAIN MODULATION,53960000.0,,53960368.0,60730000.0,2019-07-01,2019-09-30,2019-12-31,moa_live.base.BASE_20210429,sarco_live.base.SARCO_CLEAN_20210614,,,,,,,,,,,,
2020-01-01,MDT,BRAIN MODULATION,51020000.0,,51016268.0,53960000.0,2019-10-01,2019-12-31,2020-03-31,moa_live.base.BASE_20210429,sarco_live.base.SARCO_CLEAN_20210614,,,,,,,,,,,,
2020-04-01,MDT,BRAIN MODULATION,35000000.0,,36551737.0,51020000.0,2020-01-01,2020-03-31,2020-06-30,moa_live.base.BASE_20210429,sarco_live.base.SARCO_CLEAN_20210614,,,,,,,,,,,,
2020-07-01,MDT,BRAIN MODULATION,58000000.0,,58266785.0,35000000.0,2020-04-01,2020-06-30,2020-09-30,moa_live.base.BASE_20210429,sarco_live.base.SARCO_CLEAN_20210614,,,,,,,,,,,,
2020-10-01,MDT,BRAIN MODULATION,63000000.0,,62983279.0,58000000.0,2020-07-01,2020-09-30,2020-12-31,moa_live.base.BASE_20210429,sarco_live.base.SARCO_CLEAN_20210614,,,,,,,,,,,,
2021-01-01,MDT,BRAIN MODULATION,60617023.0,,60617023.0,63000000.0,2020-10-01,2020-12-31,2021-03-31,moa_live.base.BASE_20210429,sarco_live.base.SARCO_CLEAN_20210614,,,,,,,,,,,,
2021-04-01,MDT,BRAIN MODULATION,65744288.0,,65744288.0,60617023.0,2021-01-01,2021-03-31,2021-06-30,moa_live.base.BASE_20210923,sarco_live.base.SARCO_CLEAN_20210902,4317509.649086342,78696816.94725902,52791759.052740976,1.0135438660706468,4.24771005233877,18526880.596270666,27591904.33966216,19972238.640586574,18180145.01975127,,"[57870848.500531614, 59175069.73975879, 59726719.206734166, 59989286.52847598, 60044015.98290903, 60197520.95792322, 60216630.926342584, 60533423.94507795, 60888769.68690628, 61136550.174073584, 61146839.37825451, 61283102.82800584, 61299227.97076197, 61375731.164183855, 61700103.73241625, 61921602.58312891, 61929137.86765976, 62018273.80659594, 62031446.0452272, 62188594.14205503, 62277581.22460072, 62333970.11723682, 62348496.881786205, 62462531.8719915, 62554039.71676741, 62573509.20180205, 62831155.26665683, 62933618.939079985, 62973804.808758035, 63113258.16297593, 63193309.55575629, 63253196.802116044, 63397171.11518529, 63476313.50046756, 63571695.74603786, 63616714.22491175, 63789625.50019577, 63880426.107956186, 63946055.75323279, 63946763.71197986, 64096133.37682208, 64236072.89027042, 64256798.17081468, 64267769.269538485, 64351111.38727894, 64378382.014807105, 64655568.38664068, 64708626.65537314, 64729302.19549504, 64743308.57684587, 64901162.02506174, 64911962.444888406, 64999947.83733057, 65041463.09399745, 65074457.548291616, 65096725.31385, 65195492.41989307, 65223291.00577413, 65238952.9141509, 65459098.028113335, 65644645.5941955, 65655100.36112085, 65699349.97803732, 65735534.35752033, 65744288.0, 65907267.6020057, 66071655.354923055, 66296116.10127792, 66379173.717094675, 66448742.8151714, 66631823.00222398, 66645915.0196346, 66715640.34421899, 66850556.91942998, 66875970.25971366, 67021813.61428922, 67039054.89975431, 67117285.93372336, 67139170.224367, 67154646.81115751, 67171035.2889861, 67286088.07847603, 67326552.94664362, 67563297.04741237, 67746017.79801472, 68040867.35296354, 68106553.45393427, 68122855.06658654, 68442130.55774651, 68454237.41156629, 68941376.64055824, 69013188.25509192, 69092168.3467684, 69186428.03284225, 69222592.2509111, 69339307.85439, 69395688.3609345, 69673996.6347074, 69691352.99190931, 69920563.03825578, 70089310.18941301, 70704267.98560141, 70748572.59330021, 70920434.44432688, 70940717.2850158, 71006605.45003162, 71061546.10198036, 71144498.29478692, 71165257.18675376, 71271786.7741406, 71371552.63020824, 71481022.16810212, 71651440.91875312, 71695057.29608792, 71696130.87311597, 72824783.48711896, 73062118.06525412, 73121618.44595274, 73129589.49332637, 73245383.51482107, 73282348.41060974, 73390768.99526678, 73578207.49230853, 73741005.71220262, 73828726.81034124, 73914247.80559772, 76411110.3138376, 79167966.3085729, 81708552.11319663]",2338456.709806107
2021-07-01,MDT,BRAIN MODULATION,,,63868637.52967704,65744288.0,2021-04-01,2021-06-30,2021-09-30,moa_live.base.BASE_20210923,sarco_live.base.SARCO_CLEAN_20210902,3361820.6318195085,73954099.42513557,53783175.634218514,1.558853402785882,4.237291468880356,17453153.734708007,25278569.36361137,17491205.075863115,21098863.090202555,,"[57596281.69530951, 57612616.872464, 57612746.8963063, 58034206.2054518, 58478773.97091665, 58508263.04538023, 58829881.07911788, 58887360.54419467, 58989156.68412677, 59432068.604744434, 59460635.930228814, 59549940.96586508, 59551672.58483165, 59580285.6143596, 59620346.090607524, 59732827.258765616, 59743145.140408844, 60121818.967988044, 60178394.289881445, 60366658.12859892, 60368238.4153073, 60590028.43326138, 60636353.64639164, 60761302.42012329, 60806575.65296812, 60966747.76651812, 61122980.422513396, 61144117.489287004, 61218705.19322968, 61329741.616699435, 61411141.483757295, 61440919.43053943, 61461203.072067656, 61654071.32520922, 61674491.90081495, 61815637.32124502, 61920199.15689801, 61958092.46014209, 61989491.55045845, 62082733.031738214, 62178263.437501326, 62338918.647401676, 62445563.675933905, 62453219.589245275, 62461987.50499732, 62481329.83120452, 62588811.03577268, 62708118.01278445, 62719747.739688955, 62748307.266069524, 62773667.93259601, 62787940.36880223, 62835420.26663321, 62835530.811136164, 62886051.62101864, 63002674.63459858, 63052546.63271642, 63115208.08091941, 63214500.61184289, 63279492.63705993, 63371447.805621795, 63376728.25492243, 63384531.1130233, 63820206.39179824, 63868637.52967704, 63917354.56837779, 64078748.28527669, 64233557.62569331, 64478244.58106129, 64483574.42715358, 64642712.01373585, 64714927.659615345, 65088367.56452543, 65123174.58430933, 65130639.536329985, 65141639.20694391, 65153838.886687465, 65166497.78326973, 65276810.995290324, 65285414.571038835, 65349854.182887845, 65470790.51543384, 65623789.33230327, 65635368.51673717, 65674396.9671588, 65688510.883714765, 65788105.15815098, 65832665.84113185, 65938112.574989446, 65955118.81448403, 66215711.67434492, 66253895.0559842, 66314146.45966427, 66320359.592079096, 66402048.48842656, 66414914.29400765, 66438796.40045421, 66468971.72991527, 66496401.984290354, 66600640.20735131, 66672491.46913518, 66686098.0816642, 66795616.20377175, 66873892.12982915, 66942181.203259766, 66995679.725158244, 67281692.77144457, 67476048.62716131, 67586406.17084542, 67632796.88178322, 67726983.87831718, 67922965.69282039, 68067959.42842396, 68158235.82461424, 68223153.4527496, 68225522.37285149, 68245594.89821093, 68311958.39822243, 69011644.11239421, 69034642.91906473, 69587996.23548481, 69823943.10804749, 69863747.17967345, 69992742.94623753, 70242918.66389483, 70266447.5632428, 71433916.84454209, 71872791.24091056, 72157558.88462152]",2051485.4080373915
2014-10-01,NEUROPACE.PRIV,BRAIN MODULATION,,,0.0,,2014-07-01,2014-09-30,2014-12-31,moa_live.base.BASE_20210429,sarco_live.base.SARCO_CLEAN_20210614,,,,,,,,,,,,
2015-01-01,NEUROPACE.PRIV,BRAIN MODULATION,,,1772118.0,,2014-10-01,2014-12-31,2015-03-31,moa_live.base.BASE_20210429,sarco_live.base.SARCO_CLEAN_20210614,,,,,,,,,,,,
2015-04-01,NEUROPACE.PRIV,BRAIN MODULATION,,,2099403.0,,2015-01-01,2015-03-31,2015-06-30,moa_live.base.BASE_20210429,sarco_live.base.SARCO_CLEAN_20210614,,,,,,,,,,,,
2015-07-01,NEUROPACE.PRIV,BRAIN MODULATION,,,2308844.0,,2015-04-01,2015-06-30,2015-09-30,moa_live.base.BASE_20210429,sarco_live.base.SARCO_CLEAN_20210614,,,,,,,,,,,,
2015-10-01,NEUROPACE.PRIV,BRAIN MODULATION,,,3559460.0,,2015-07-01,2015-09-30,2015-12-31,moa_live.base.BASE_20210429,sarco_live.base.SARCO_CLEAN_20210614,,,,,,,,,,,,
2016-01-01,NEUROPACE.PRIV,BRAIN MODULATION,3800000.0,,3337700.0,,2015-10-01,2015-12-31,2016-03-31,moa_live.base.BASE_20210429,sarco_live.base.SARCO_CLEAN_20210614,,,,,,,,,,,,
2016-04-01,NEUROPACE.PRIV,BRAIN MODULATION,3400000.0,,3387809.0,3800000.0,2016-01-01,2016-03-31,2016-06-30,moa_live.base.BASE_20210429,sarco_live.base.SARCO_CLEAN_20210614,,,,,,,,,,,,
2016-07-01,NEUROPACE.PRIV,BRAIN MODULATION,5000000.0,,4536580.0,3400000.0,2016-04-01,2016-06-30,2016-09-30,moa_live.base.BASE_20210429,sarco_live.base.SARCO_CLEAN_20210614,,,,,,,,,,,,
2016-10-01,NEUROPACE.PRIV,BRAIN MODULATION,5200000.0,,4653855.0,5000000.0,2016-07-01,2016-09-30,2016-12-31,moa_live.base.BASE_20210429,sarco_live.base.SARCO_CLEAN_20210614,,,,,,,,,,,,
2017-01-01,NEUROPACE.PRIV,BRAIN MODULATION,6300000.0,,6283908.0,5200000.0,2016-10-01,2016-12-31,2017-03-31,moa_live.base.BASE_20210429,sarco_live.base.SARCO_CLEAN_20210614,,,,,,,,,,,,
2017-04-01,NEUROPACE.PRIV,BRAIN MODULATION,5800000.0,,6872330.0,6300000.0,2017-01-01,2017-03-31,2017-06-30,moa_live.base.BASE_20210429,sarco_live.base.SARCO_CLEAN_20210614,,,,,,,,,,,,
2017-07-01,NEUROPACE.PRIV,BRAIN MODULATION,5500000.0,,6366399.0,5800000.0,2017-04-01,2017-06-30,2017-09-30,moa_live.base.BASE_20210429,sarco_live.base.SARCO_CLEAN_20210614,,,,,,,,,,,,
2017-10-01,NEUROPACE.PRIV,BRAIN MODULATION,7700000.0,,7865300.0,5500000.0,2017-07-01,2017-09-30,2017-12-31,moa_live.base.BASE_20210429,sarco_live.base.SARCO_CLEAN_20210614,,,,,,,,,,,,
2018-01-01,NEUROPACE.PRIV,BRAIN MODULATION,6100000.0,,6515799.0,7700000.0,2017-10-01,2017-12-31,2018-03-31,moa_live.base.BASE_20210429,sarco_live.base.SARCO_CLEAN_20210614,,,,,,,,,,,,
2018-04-01,NEUROPACE.PRIV,BRAIN MODULATION,6100000.0,,6382763.0,6100000.0,2018-01-01,2018-03-31,2018-06-30,moa_live.base.BASE_20210429,sarco_live.base.SARCO_CLEAN_20210614,,,,,,,,,,,,
2018-07-01,NEUROPACE.PRIV,BRAIN MODULATION,7700000.0,,6978678.0,6100000.0,2018-04-01,2018-06-30,2018-09-30,moa_live.base.BASE_20210429,sarco_live.base.SARCO_CLEAN_20210614,,,,,,,,,,,,
2018-10-01,NEUROPACE.PRIV,BRAIN MODULATION,8200000.0,,8150149.0,7700000.0,2018-07-01,2018-09-30,2018-12-31,moa_live.base.BASE_20210429,sarco_live.base.SARCO_CLEAN_20210614,,,,,,,,,,,,
2019-01-01,NEUROPACE.PRIV,BRAIN MODULATION,8296000.0,,8436594.0,8200000.0,2018-10-01,2018-12-31,2019-03-31,moa_live.base.BASE_20210429,sarco_live.base.SARCO_CLEAN_20210614,,,,,,,,,,,,
2019-04-01,NEUROPACE.PRIV,BRAIN MODULATION,9016000.0,,9229728.0,8296000.0,2019-01-01,2019-03-31,2019-06-30,moa_live.base.BASE_20210429,sarco_live.base.SARCO_CLEAN_20210614,,,,,,,,,,,,
2019-07-01,NEUROPACE.PRIV,BRAIN MODULATION,9755000.0,,9787170.0,9016000.0,2019-04-01,2019-06-30,2019-09-30,moa_live.base.BASE_20210429,sarco_live.base.SARCO_CLEAN_20210614,,,,,,,,,,,,
2019-10-01,NEUROPACE.PRIV,BRAIN MODULATION,9905000.0,,9910494.0,9755000.0,2019-07-01,2019-09-30,2019-12-31,moa_live.base.BASE_20210429,sarco_live.base.SARCO_CLEAN_20210614,,,,,,,,,,,,
2020-01-01,NEUROPACE.PRIV,BRAIN MODULATION,9975000.0,,9961564.0,9905000.0,2019-10-01,2019-12-31,2020-03-31,moa_live.base.BASE_20210429,sarco_live.base.SARCO_CLEAN_20210614,,,,,,,,,,,,
2020-04-01,NEUROPACE.PRIV,BRAIN MODULATION,7640000.0,,7879550.0,9975000.0,2020-01-01,2020-03-31,2020-06-30,moa_live.base.BASE_20210429,sarco_live.base.SARCO_CLEAN_20210614,,,,,,,,,,,,
2020-07-01,NEUROPACE.PRIV,BRAIN MODULATION,12771000.0,,12908198.0,7640000.0,2020-04-01,2020-06-30,2020-09-30,moa_live.base.BASE_20210429,sarco_live.base.SARCO_CLEAN_20210614,,,,,,,,,,,,
2020-10-01,NEUROPACE.PRIV,BRAIN MODULATION,10752000.0,,10971719.0,12771000.0,2020-07-01,2020-09-30,2020-12-31,moa_live.base.BASE_20210429,sarco_live.base.SARCO_CLEAN_20210614,,,,,,,,,,,,
2021-01-01,NEUROPACE.PRIV,BRAIN MODULATION,11248011.0,,11248011.0,10752000.0,2020-10-01,2020-12-31,2021-03-31,moa_live.base.BASE_20210429,sarco_live.base.SARCO_CLEAN_20210614,,,,,,,,,,,,
2021-04-01,NEUROPACE.PRIV,BRAIN MODULATION,12630000.0,,12631235.0,11248011.0,2021-01-01,2021-03-31,2021-06-30,moa_live.base.BASE_20210923,sarco_live.base.SARCO_CLEAN_20210902,2235230.4350464544,19336926.305139363,5925543.694860637,0.8752500626456314,4.909912349032235,3938344.5020053675,4160360.486453947,4296890.594617951,4173983.918928103,,"[8684688.676979372, 9237579.042987842, 10123306.145821271, 10199820.347450431, 10231207.662898872, 10255342.526776927, 10259411.667385574, 10359548.28056788, 10371551.848215591, 10428759.080905616, 10441480.054305665, 10485150.178286145, 10501751.610684553, 10567859.561190495, 10627409.269611366, 10674446.03661792, 10707960.73083795, 10736476.666948734, 10771503.572761588, 10784161.184143845, 10793420.12606584, 10853758.44402366, 10858118.081309991, 10915825.967331786, 10915951.969421107, 10921037.76103672, 10948640.887012465, 11115830.377222588, 11171722.621252006, 11216291.152033633, 11275710.775877692, 11422433.482632361, 11467710.056051807, 11487469.926353646, 11670386.983725466, 11689334.90085637, 11706149.407051705, 11732229.285453266, 11755456.376408393, 11772845.988714373, 11794075.96234036, 11858542.68800594, 11862261.138180919, 11891856.309291761, 11939849.329499057, 12014903.302245328, 12022738.732816279, 12043267.741866905, 12048316.35891018, 12059525.881594213, 12132197.507202001, 12142815.912104912, 12167575.272074994, 12177055.9416929, 12224885.14821133, 12247152.256950226, 12304893.457532415, 12413105.155012012, 12424369.351557907, 12445465.996125897, 12496584.536506835, 12557415.353664827, 12562900.992752464, 12596332.509012222, 12631235.0, 12675814.42070117, 12700280.664696015, 12752369.548048312, 12775402.543736843, 12864214.200240135, 12940675.582862841, 12992092.973850071, 13053436.82300342, 13089495.622849302, 13154971.911472008, 13217349.922408357, 13233361.69646048, 13301752.765227912, 13364910.956934033, 13396979.611576896, 13425819.666641941, 13447920.916845294, 13459794.029253243, 13476424.566457732, 13600564.643928692, 13608974.543790443, 13794067.671972346, 13802980.588627908, 13805595.114747752, 13816025.09148616, 13830736.738810923, 13898865.657906061, 13947621.149010243, 13954147.480008386, 13978213.910474895, 14037963.631386945, 14204052.384471197, 14242167.64964857, 14282828.100127311, 14328020.643274521, 14357352.68150747, 14372319.87994294, 14443743.113914303, 14617556.935532326, 14640107.748832224, 14759568.207729233, 14941244.741636211, 14994096.182198988, 15101066.14772681, 15121363.685973302, 15168127.711693287, 15187316.557252057, 15568650.221370492, 15577255.460383818, 15650528.987703044, 15934297.711282529, 16177693.275314901, 16410814.89867139, 16453254.980810111, 16600198.809909457, 16848980.89167711, 16949933.317626975, 17093100.649380296, 17185140.986817352, 17511291.1138043, 17860769.40364348, 18524153.014233384, 20352878.06617262, 22572748.727250934]",641669.4294097068
2021-07-01,NEUROPACE.PRIV,BRAIN MODULATION,,,9559566.128103707,12630000.0,2021-04-01,2021-06-30,2021-09-30,moa_live.base.BASE_20210923,sarco_live.base.SARCO_CLEAN_20210902,1535782.9826505166,14166915.076055257,4952217.180152157,1.85254202455495,4.044057197464601,3503144.0912698084,2665772.011945416,2820758.1009593955,4073036.015198895,,"[6054897.748551943, 6222870.798356726, 6591227.375105212, 6717280.749993967, 7104384.785365772, 7116413.4032068215, 7116427.987275499, 7231022.109759252, 7279917.9326563785, 7367284.4310329575, 7474522.965740937, 7570375.306688929, 7571385.953698372, 7614121.93616773, 7662425.90761634, 7673952.9479160495, 7707723.178300719, 7727268.719565916, 7780231.561279431, 7828444.602422018, 7863174.586030745, 7910071.944459796, 7930081.221615652, 7975117.94250988, 8007859.11215305, 8115285.388479144, 8135730.0817931825, 8145298.399849673, 8150471.300603034, 8263002.489436167, 8354094.280053494, 8387415.198284976, 8388654.338005584, 8550831.809904803, 8592630.035700915, 8599450.854596246, 8604253.297375958, 8619038.429127902, 8624801.091784248, 8670466.816356802, 8764613.591711288, 8771479.103464864, 8796007.599661198, 8819707.184426304, 8825779.214436933, 8896405.486567171, 8924307.463349912, 8961795.779425276, 8979268.314733412, 8983566.28354076, 8997312.8704131, 9030523.227685377, 9040367.02785572, 9072929.259485094, 9089991.944745852, 9138987.860059828, 9147504.680333978, 9162029.47166167, 9209680.335446699, 9253190.351899104, 9480829.306002026, 9519097.92014044, 9530164.631469753, 9551322.288122728, 9559566.128103707, 9560988.550665727, 9604729.280570403, 9615748.571544759, 9632169.674291201, 9632236.285652943, 9702352.074004622, 9763913.769758191, 9877308.943293573, 9958861.86146042, 9983163.736608224, 10008429.606358161, 10009856.190335074, 10023399.289950417, 10042078.203391338, 10043557.765366405, 10056152.554451669, 10058481.13745561, 10085836.68109607, 10154632.408718424, 10207593.605540657, 10225087.455018729, 10260069.161101947, 10284789.214980127, 10344554.40214264, 10388388.103092086, 10434988.873644873, 10542324.589148933, 10579780.08772761, 10644952.209949812, 10724617.841123316, 10799489.690894952, 10818122.874160387, 10839089.992654052, 10890380.120037064, 10994529.281273758, 10994904.707826916, 11005214.960967079, 11006409.909333453, 11044817.683681024, 11053694.522261616, 11079420.580629911, 11092690.952992387, 11131839.567618765, 11145714.138451517, 11241059.787905158, 11284343.563866828, 11306313.701535802, 11327840.504349725, 11359074.982325584, 11392234.376001194, 11450151.852561258, 11462847.393273687, 11494414.62829537, 11513069.60843992, 11518085.34481676, 11563828.110929167, 11580192.99826401, 11955169.026689908, 11962184.482236616, 12477092.800310733, 12586296.632163858, 12893519.30092585, 13061569.507504523, 13575124.709858231]",721170.7447776898
