Date,Close,Adj Close,Volume,Dividends,Returns,ADV_20,Dollar_ADV_20,B_Mkt_3mo,R2_Mkt_3mo,B_Mom_3mo,R2_Mom_3mo,B_Vol_3mo,R2_Vol_3mo,B_Qual_3mo,R2_Qual_3mo,B_Hedge_3mo,R2_Hedge_3mo,B_SHedge_3mo,R2_SHedge_3mo,B_Mkt_1yr,R2_Mkt_1yr,B_Mom_1yr,R2_Mom_1yr,B_Vol_1yr,R2_Vol_1yr,B_Qual_1yr,R2_Qual_1yr,B_Hedge_1yr,R2_Hedge_1yr,B_Mkt_Delta,R2_Mkt_Delta,RSI_7,RSI_21,AvgRet_10,AvgRet_42,AvgRet_1yr,STD_10,STD_42,STD_1yr,Returns_10,Returns_42,Returns_1yr,alpha,Mkt_Beta_3mo,Mom_Beta_3mo,Vol_Beta_3mo,Qual_Beta_3mo,R2_multi_ols_3mo,Mkt_Beta_1yr,Mom_Beta_1yr,Vol_Beta_1yr,Qual_Beta_1yr,R2_multi_ols_1yr
2023-10-11,20.191999435424805,16.590316772460938,4300,0.0,,,,,,,,,,,,,,,,,,,,,,,,,,,,,,,,,,,,,,,,,,,,,,,,,
2023-10-12,19.84000015258789,16.301105499267578,14000,0.0,-0.0174326115629425,,,,,,,,,,,,,,,,,,,,,,,,,,,,,,,,,,,,,,,,,,,,,,,,
2023-10-13,18.96199989318848,15.579716682434082,6600,0.0,-0.0442540449922773,,,,,,,,,,,,,,,,,,,,,,,,,,,,,,,,,,,,,,,,,,,,,,,,
2023-10-16,19.62700080871582,16.126100540161133,5400,0.0,0.0350701887603228,,,,,,,,,,,,,,,,,,,,,,,,,,,,,,,,,,,,,,,,,,,,,,,,
2023-10-17,20.05299949645996,16.476110458374023,9300,0.0,0.0217047266618017,,,,,,,,,,,,,,,,,,,,,,,,,,,,,,,,,,,,,,,,,,,,,,,,
2023-10-18,19.600000381469727,16.103912353515625,5900,0.0,-0.0225900925729441,,,2.8675153274268372,0.7445979294123074,2.92929035630824,0.6792052437614883,2.4146126284216165,0.2652468248934622,2.908536885676964,0.5860259468663005,-0.796089550370797,0.7448554286585819,-0.39858633286397815,0.3773959290532145,2.8675153274268372,0.7445979294123074,2.92929035630824,0.6792052437614883,2.4146126284216165,0.2652468248934622,2.908536885676964,0.5860259468663005,-0.796089550370797,0.7448554286585819,2.8675153274268372,0.7445979294123074,,,-0.00550036674120788,-0.00550036674120788,-0.00550036674120788,0.03287237386562763,0.03287237386562763,0.03287237386562763,,,,0.013001986149091035,-6.03224321917367,20.893127570473716,-9.826442810711924,-5.948884144561596,1.0,-6.03224321917367,20.893127570473716,-9.826442810711924,-5.948884144561596,1.0
2023-10-19,19.40999984741211,15.947805404663086,3000,0.0,-0.009693904610188,,,2.758723043150072,0.7253320159411287,2.876141107876992,0.6729209802319055,1.808904511844833,0.21279328499827987,2.5684644369906042,0.531821643445849,-0.8051066980328945,0.7295125104059763,-0.4150976686276844,0.3352745416591867,2.758723043150072,0.7253320159411287,2.876141107876992,0.6729209802319055,1.808904511844833,0.21279328499827987,2.5684644369906042,0.531821643445849,-0.8051066980328945,0.7295125104059763,2.758723043150072,0.7253320159411287,,,-0.006199289719371233,-0.006199289719371233,-0.006199289719371233,0.029451745802680472,0.029451745802680472,0.029451745802680472,,,,0.01009801221550439,5.439670803845996,2.930573013027447,1.0535324161767547,-6.658041751336739,0.8612030667516891,5.439670803845996,2.930573013027447,1.0535324161767547,-6.658041751336739,0.8612030667516891
2023-10-20,19.340999603271484,15.891112327575684,1500,0.0,-0.0035548812304511,,,2.2527865892207215,0.5799271257113296,2.5149361758806035,0.5781736380176539,1.6157257654787405,0.1851621698725836,2.227989582404333,0.45217047842327607,-0.7884972411712203,0.5857906147809673,-0.4052077851147182,0.28500171423473575,2.2527865892207215,0.5799271257113296,2.5149361758806035,0.5781736380176539,1.6157257654787405,0.1851621698725836,2.227989582404333,0.45217047842327607,-0.7884972411712203,0.5857906147809673,2.2527865892207215,0.5799271257113296,36.094670141888955,,-0.005821517078096929,-0.005821517078096929,-0.005821517078096929,0.026904214555856423,0.026904214555856423,0.026904214555856423,,,,0.007701343121021924,1.265994350423659,4.776846192841085,-1.2604679455666337,-2.793190964467466,0.7127504496885723,1.265994350423659,4.776846192841085,-1.2604679455666337,-2.793190964467466,0.7127504496885723
2023-10-23,19.381999969482425,15.924798011779783,4400,0.0,0.0021198680033063,,,2.058086105415136,0.5540622492839863,2.343256479242503,0.5604671500105554,1.5299547128582447,0.16696974546597532,2.21594022472917,0.4586917244869303,-0.8239794898654084,0.560121771270055,-0.3867732572412171,0.2565525156556805,2.058086105415136,0.5540622492839863,2.343256479242503,0.5604671500105554,1.5299547128582447,0.16696974546597532,2.21594022472917,0.4586917244869303,-0.8239794898654084,0.560121771270055,2.058086105415136,0.5540622492839863,37.80666597025387,,-0.004828843942921525,-0.004828843942921525,-0.004828843942921525,0.02506620651278211,0.02506620651278211,0.02506620651278211,,,,0.003670819134124382,1.0615621537737687,2.7582154964295476,-0.3131060699412078,-1.5011721453276325,0.6005962372292215,1.0615621537737687,2.7582154964295476,-0.3131060699412078,-1.5011721453276325,0.6005962372292215
2023-10-24,19.900999069213867,16.35122299194336,12200,0.0,0.0267773759441041,,,2.0697884247841256,0.628912316787152,2.341847003391299,0.6342983257779226,1.8745223548481003,0.27899662667780856,2.3347706113228717,0.5446796697458213,-0.9237800331037929,0.6338484908742787,-0.47656346744941946,0.36180218233813155,2.0697884247841256,0.628912316787152,2.341847003391299,0.6342983257779226,1.8745223548481003,0.27899662667780856,2.3347706113228717,0.5446796697458213,-0.9237800331037929,0.6338484908742787,2.0697884247841256,0.628912316787152,55.4371500610961,,-0.001317041733252011,-0.001317041733252011,-0.001317041733252011,0.025705450067297353,0.025705450067297353,0.025705450067297353,,,,0.003479126008774498,0.9740973927434309,2.771137709743156,-0.37741794729374545,-1.3835663162186211,0.6676099914452328,0.9740973927434309,2.771137709743156,-0.37741794729374545,-1.3835663162186211,0.6676099914452328
2023-10-25,18.46999931335449,15.175474166870115,21400,0.0,-0.0719059254704996,,,2.5108927864802495,0.7531176090217524,2.9573291310938568,0.6825835074517235,1.8885789103835984,0.1532187765045796,3.027986604003215,0.6358252879007642,-0.9013022783386521,0.7524195637287463,-0.28152809572215465,0.23253888411997214,2.5108927864802495,0.7531176090217524,2.9573291310938568,0.6825835074517235,1.8885789103835984,0.1532187765045796,3.027986604003215,0.6358252879007642,-0.9013022783386521,0.7524195637287463,2.5108927864802495,0.7531176090217524,28.996067089354575,,-0.00837593010697677,-0.00837593010697677,-0.00837593010697677,0.03294890448666462,0.03294890448666462,0.03294890448666462,-0.08528130795453781,,,0.0041644967969009915,1.9836543460393146,1.6588744567012395,-1.0435882017522813,-0.560610619229812,0.7754797336319973,1.9836543460393146,1.6588744567012395,-1.0435882017522813,-0.560610619229812,0.7754797336319973
2023-10-26,18.48500061035156,15.187801361083984,2100,0.0,0.0008121980267874,,,2.1207772134130236,0.6071271426421512,2.3589232411780974,0.51467149682606,1.8457411338697784,0.1460349599528098,2.390349647864876,0.4730637854179993,-0.8591715247719331,0.6004518770468827,-0.26518957987610997,0.1932806596286728,2.1207772134130236,0.6071271426421512,2.3589232411780974,0.51467149682606,1.8457411338697784,0.1460349599528098,2.390349647864876,0.4730637854179993,-0.8591715247719331,0.6004518770468827,2.1207772134130236,0.6071271426421512,29.40785233095587,,-0.006551449148003779,-0.007540645731180027,-0.007540645731180027,0.032896780784334806,0.03138059872050189,0.03138059872050189,-0.06829634736971457,,,0.007546499991549052,6.42627397179038,-0.7921954705273614,1.92324565015086,-5.67326273162853,0.6962409799438778,6.42627397179038,-0.7921954705273614,1.92324565015086,-5.67326273162853,0.6962409799438778
2023-10-27,17.79199981689453,14.618409156799316,6200,0.0,-0.0374898983270226,,,1.715770160375123,0.4015521846524307,2.2136911556415155,0.4243001118826777,2.055504046849112,0.20167035327485494,2.324524884162952,0.41427368809424603,-0.6996283470880652,0.39231325062974887,-0.310737332016469,0.24612504987752803,1.715770160375123,0.4015521846524307,2.2136911556415155,0.4243001118826777,2.055504046849112,0.20167035327485494,2.324524884162952,0.41427368809424603,-0.6996283470880652,0.39231325062974887,1.715770160375123,0.4015521846524307,22.404876359274954,,-0.00587503448147831,-0.010036416780833576,-0.010036416780833576,0.032095188649370984,0.03114428448080404,0.03114428448080404,-0.061702356443648965,,,0.0016844309326735129,2.9257630040140965,0.03803001720829792,2.1578268247332915,-2.426968120147147,0.47120195608265925,2.9257630040140965,0.03803001720829792,2.1578268247332915,-2.426968120147147,0.47120195608265925
2023-10-30,17.516000747680664,14.391640663146973,2900,0.0,-0.015512537772836,,,1.3939460951419882,0.3140498221202698,1.7310056422679172,0.31849305681775897,1.4905310415288306,0.1368876636011579,1.6363724353954319,0.27718788344989287,-0.6741086296638262,0.3108901394270728,-0.2823923832512208,0.116515969546648,1.3939460951419882,0.3140498221202698,1.7310056422679172,0.31849305681775897,1.4905310415288306,0.1368876636011579,1.6363724353954319,0.27718788344989287,-0.6741086296638262,0.3108901394270728,1.3939460951419882,0.3140498221202698,20.172813245922672,,-0.01093330713479419,-0.010457656857141453,-0.010457656857141453,0.02873522644762305,0.029857037352367857,0.029857037352367857,-0.10755591654623653,,,-0.004551416949751269,3.201274407398144,1.415572546586348,2.150287581694818,-4.7144146102756865,0.3805842330508262,3.201274407398144,1.415572546586348,2.150287581694818,-4.7144146102756865,0.3805842330508262
2023-10-31,17.83099937438965,14.650453567504885,1200,0.0,0.0179834787202035,,,1.4678754442100077,0.34086629843642824,1.8214383441291355,0.34427549037908245,1.6608564201903526,0.1780852403027292,1.7341456490881855,0.30766447089949434,-0.6982697357975279,0.3392883697750272,-0.3015947895284079,0.1375650776804862,1.4678754442100077,0.34086629843642824,1.8214383441291355,0.34427549037908245,1.6608564201903526,0.1780852403027292,1.7341456490881855,0.30766447089949434,-0.6982697357975279,0.3392883697750272,1.4678754442100077,0.34086629843642824,29.521838215488472,,-0.01130543192895401,-0.008426147173045385,-0.008426147173045385,0.028286183585350465,0.029675724220448042,0.029675724220448042,-0.11080637200746812,,,-0.003824537471550374,3.5066986985699664,1.1786183101834484,2.390226414571824,-4.933341870187532,0.4181309509700061,3.5066986985699664,1.1786183101834484,2.390226414571824,-4.933341870187532,0.4181309509700061
2023-11-01,18.17399978637696,14.932271003723145,5100,0.0,0.0192361855208154,,,1.4356665268195306,0.37875617128087813,1.7605197512678776,0.3810151366291261,1.7954042104231778,0.2106753733982104,1.7735624817913398,0.3471442407382097,-0.7944450265667014,0.3772186934248244,-0.337261352307209,0.1695406310875629,1.4356665268195306,0.37875617128087813,1.7605197512678776,0.3810151366291261,1.7954042104231778,0.2106753733982104,1.7735624817913398,0.3471442407382097,-0.7944450265667014,0.3772186934248244,1.4356665268195306,0.37875617128087813,38.64962502096092,,-0.007122804119578059,-0.006581991660121333,-0.006581991660121333,0.029498543679868035,0.029474714236871435,0.029474714236871435,-0.07275513098667785,,,-0.004535267855970478,3.0696228812465387,0.3418442263776325,2.028460797184991,-3.515801773369438,0.43367264190052557,3.0696228812465387,0.3418442263776325,2.028460797184991,-3.515801773369438,0.43367264190052557
2023-11-02,19.291000366210938,15.850031852722168,3900,0.0,0.061461461041244,,,1.717753992036214,0.47133854281430765,2.0908680776190423,0.4939002425343295,2.3710615816502156,0.3381062865089065,2.098987563606382,0.486076301492806,-0.818416067229454,0.46534912251059546,-0.4574580286719656,0.31689570306454184,1.717753992036214,0.47133854281430765,2.0908680776190423,0.4939002425343295,2.3710615816502156,0.3381062865089065,2.098987563606382,0.486076301492806,-0.818416067229454,0.46534912251059546,1.717753992036214,0.47133854281430765,58.882049421714335,,-7.267554434858825e-06,-0.0023292758662859995,-0.0023292758662859995,0.036548839435771086,0.033169428595606926,0.033169428595606926,-0.006130833701012972,,,-0.0009827024217899316,1.4243107827779795,0.38762660731610193,1.1419998317802353,-0.5953795483689412,0.5073540908414629,1.4243107827779795,0.38762660731610193,1.1419998317802353,-0.5953795483689412,0.5073540908414629
2023-11-03,21.558000564575195,17.712663650512695,12200,0.0,0.1175159481275534,,,2.1443556741184397,0.4281014535766223,2.6147311322528655,0.4533906417226977,3.0545870458672235,0.3245585770366899,2.5675240091277987,0.4184393569659345,-0.5977302240246389,0.4254482374119858,-0.32360835620782746,0.2795785691246292,2.1443556741184397,0.4281014535766223,2.6147311322528655,0.4533906417226977,3.0545870458672235,0.3245585770366899,2.5675240091277987,0.4184393569659345,-0.5977302240246389,0.4254482374119858,2.1443556741184397,0.4281014535766223,76.9112407909056,,0.01209981538136559,0.004720443192175141,0.004720443192175141,0.052021005443542115,0.04331654379020836,0.04331654379020836,0.11462701032932698,,,0.00279186026897928,2.661761866987025,1.8094368159860126,2.49726247640256,-3.8246609569923615,0.4871721427641357,2.661761866987025,1.8094368159860126,2.49726247640256,-3.8246609569923615,0.4871721427641357
2023-11-06,21.785999298095703,17.899993896484375,12100,0.0,0.0105760612092737,,,2.1383739813925597,0.42823983876007843,2.6002942809577587,0.4526635639526406,3.05692010920002,0.32514767844693626,2.560059951277705,0.41857535135002677,-0.5995369511748374,0.4256573116830541,-0.32363466662288065,0.2798280530716688,2.1383739813925597,0.42823983876007843,2.6002942809577587,0.4526635639526406,3.05692010920002,0.32514767844693626,2.560059951277705,0.41857535135002677,-0.5995369511748374,0.4256573116830541,2.1383739813925597,0.42823983876007843,78.04099783031592,,0.01294543470196233,0.005045755304236173,0.005045755304236173,0.05190936205751951,0.04204587887321785,0.04204587887321785,0.12403257312962812,,,0.002668174502304668,2.7187795496051974,1.7270549274544031,2.5311834410372973,-3.834492512519831,0.48740305995275424,2.7187795496051974,1.7270549274544031,2.5311834410372973,-3.834492512519831,0.48740305995275424
2023-11-07,22.3700008392334,18.379825592041016,14000,0.0,0.0268062774237187,7385.0,165202.45619773865,2.1417521896929332,0.43661430262730605,2.606872254385096,0.4483692472216184,3.030765463856808,0.3152807064734672,2.5825309985708365,0.4239989057609025,-0.6102011239580577,0.4340536663527148,-0.32072307431905056,0.27874227232126303,2.1417521896929332,0.43661430262730605,2.606872254385096,0.4483692472216184,3.030765463856808,0.3152807064734672,2.5825309985708365,0.4239989057609025,-0.6102011239580577,0.4340536663527148,2.1417521896929332,0.43661430262730605,80.84227872985718,,0.01294832484992379,0.006191045942103673,0.006191045942103673,0.0519102185421773,0.04116508027605717,0.04116508027605717,0.12406421212485697,,,0.0039834189446700695,3.426762252092726,0.6504913905736242,2.740043921373746,-3.680213399517808,0.4912777286120411,3.426762252092726,0.6504913905736242,2.740043921373746,-3.680213399517808,0.4912777286120411
2023-11-08,22.27400016784668,18.66558265686035,12100,0.437,-0.0042914916309859,7775.0,173180.35130500793,2.140435119325904,0.43460835944899934,2.5756486937562144,0.4386169515889343,3.0230663198869956,0.3127411181025608,2.556134256492276,0.41575717247747546,-0.6074323689997906,0.43152569089838766,-0.3212697808494978,0.280049660014832,2.140435119325904,0.43460835944899934,2.5756486937562144,0.4386169515889343,3.0230663198869956,0.3127411181025608,2.556134256492276,0.41575717247747546,-0.6074323689997906,0.43152569089838766,2.140435119325904,0.43460835944899934,78.91167827078115,,0.019709768233875158,0.005666919063449195,0.005666919063449195,0.04332286208148206,0.04013565053185511,0.04013565053185511,0.20595565760209622,,,0.0038036171124347542,3.596450285717498,0.5198898646168439,2.847872406198781,-3.818010789499989,0.4923961703930413,3.596450285717498,0.5198898646168439,2.847872406198781,-3.818010789499989,0.4923961703930413
2023-11-09,22.040000915527344,18.46949005126953,5500,0.0,-0.0105054884868467,7350.0,161994.00672912598,2.1379931165337682,0.43914537515225116,2.57195135033531,0.443106082792307,2.9599315495180107,0.3159900896958051,2.5530272430547334,0.4204453451120538,-0.6150676467635504,0.4360304615787076,-0.32866190088057134,0.2858138869495743,2.1379931165337682,0.43914537515225116,2.57195135033531,0.443106082792307,2.9599315495180107,0.3159900896958051,2.5530272430547334,0.4204453451120538,-0.6150676467635504,0.4360304615787076,2.1379931165337682,0.43914537515225116,73.89348918436457,64.44025269468939,0.018577999582511752,0.004896804418197009,0.004896804418197009,0.04401372006614058,0.03927825771769811,0.03927825771769811,0.1923181059125847,,,0.004401352439755938,3.311708708709452,0.6561842591120358,2.541682082029181,-3.482735487490507,0.4910626171400112,3.311708708709452,0.6561842591120358,2.541682082029181,-3.482735487490507,0.4910626171400112
2023-11-10,22.29700088500977,18.68485641479492,4200,0.0,0.0116606151908715,7230.0,161207.31639862063,1.8791761417824355,0.3942965672767389,2.319711866023691,0.4072620044920038,2.8319648443656664,0.3069609292986222,2.3118063871779775,0.3880485136716145,-0.6282907465446176,0.3920393981399608,-0.3353026937003977,0.2721427113142212,1.8598210249362261,0.39070930443306906,2.3050854851757006,0.39733118310186477,2.8227992561713546,0.29476936397092934,2.2873298092410974,0.3841259464271888,-0.6284270609975658,0.3879735499045478,1.8791761417824355,0.3942965672767389,75.86046924284898,65.70149019790895,0.02349305093430116,0.005204250362409486,0.005204250362409486,0.039577675693172935,0.03835877016297657,0.03835877016297657,0.25320374968964865,,,0.002217719724335076,2.538606104790186,0.9674551487618529,2.237863355783624,-3.001049931103063,0.4413367308051137,2.5362949859885675,1.1368540681955963,2.297422247860542,-3.197580067357057,0.43170061115442027
2023-11-13,22.46199989318848,18.8231258392334,4000,0.0,0.0074000538919851,7160.0,160827.91923522952,1.8681335486031156,0.3914047019790725,2.318749713534882,0.40728234015630493,2.8316119970461124,0.3068453196688058,2.304192516828432,0.38634507616566516,-0.6274268745432903,0.3894829786131875,-0.33549221832883613,0.2722376531246977,1.7377354646842642,0.3550875643432537,2.1787021714427217,0.3766452482437431,2.925744801281001,0.34612524036670644,2.1720235940038295,0.37407337525635975,-0.6114778895479384,0.3528488535975757,1.8681335486031156,0.3914047019790725,77.15000190099896,66.50241054433292,0.02578431010078327,0.005299720081086687,0.005299720081086687,0.03768669325607811,0.037479638191430964,0.037479638191430964,0.28237034336520717,,,0.004455944550683813,2.4478279182641964,1.1663824518385055,2.210343393577881,-3.079205059378587,0.4409624924323464,1.9496596178266161,0.9184363896390823,2.5169119994010725,-2.526797774362406,0.41975273682532865
2023-11-14,23.065000534057617,19.32843971252441,7300,0.0,0.0268453674533226,7060.0,162838.90377044678,1.779794296734412,0.3919344973954181,2.245412707371914,0.4108945962830275,2.7555892616963535,0.3142127580719001,2.187285530459678,0.3862597447804572,-0.6590261649600117,0.390573634007673,-0.3574820036189676,0.2790229108537857,1.6228879729398786,0.3425876018332762,2.0791410540876427,0.3648210710373382,2.795449579719734,0.33212767834065626,2.027820803618241,0.35700455990027447,-0.6302270837318009,0.3404501589084633,1.779794296734412,0.3919344973954181,81.38894624840287,69.25716985730656,0.02667049897409518,0.006197455388263183,0.006197455388263183,0.03758693804218699,0.03691870314827435,0.03691870314827435,0.29353380872109014,,,0.003191129666173882,2.2220782244803443,1.5650950962480996,2.07608377325355,-3.23834279354104,0.44059381789884156,1.7594115547557998,1.3861404073587482,2.393838048219968,-2.8186438661668745,0.4028101646533524
2023-11-15,23.176000595092773,19.42145729064941,14700,0.0,0.0048124889861265,7500.0,173820.0044631958,1.7797531775833082,0.3919691303894425,2.2011584493870497,0.4034855494415708,2.7515328584654695,0.3139284544940465,2.1843677018365533,0.38592749663082104,-0.6590592792403341,0.390604977989783,-0.3569631216874543,0.27568927139773824,1.6583117208327565,0.3572523097558955,2.064806084587701,0.37016123896015674,2.806359082777013,0.3374148905743549,2.051309669597915,0.3671763499902052,-0.6428863931007727,0.35465793842198634,1.7797531775833082,0.3919691303894425,82.10200949689224,69.73818616744335,0.02522812932062629,0.006142056732177715,0.006142056732177715,0.03817605486343629,0.03614244168109755,0.03614244168109755,0.2752283959233488,,,0.0026124584903620333,2.4294262088733927,1.1661231320673688,2.1660352222375248,-3.15275990034402,0.43891675908801764,2.124336527246849,0.9915729527483442,2.495634061522328,-2.905221833450213,0.415442053603875
2023-11-16,23.14699935913086,19.397151947021484,11100,0.0,-0.0012513477397845,7905.0,182977.02993392944,1.780873681961391,0.3918599053614249,2.1910522164649535,0.3998530352170411,2.7546377896070537,0.31426529622644417,2.186731529337702,0.3865771380859754,-0.6584618035370817,0.39049703349634934,-0.35798244749651786,0.2767939841724981,1.63993796122152,0.33568449885652885,2.0637806310294016,0.34415799321471585,2.7576581101331543,0.3162152136642846,2.04973574381098,0.34584869088068193,-0.6090034481181261,0.33277073104399835,1.780873681961391,0.3918599053614249,81.15422779792874,69.44012251173804,0.01895684844252344,0.00585769502171763,0.00585769502171763,0.036684418768919064,0.03544188832704102,0.03544188832704102,0.19988590118291016,,,0.002631977508193413,2.429665303110694,0.8780367543763401,2.1404963861052613,-2.8463777359530766,0.4358638259528905,2.1662314069835147,0.6369165665355688,2.468456290367442,-2.607507008177167,0.3927185564356751
2023-11-17,23.32699966430664,19.547996520996094,33600,0.0,0.0077763991082833,9510.0,221839.76680755615,1.7794438858585084,0.3913609043919658,2.191205286002631,0.3998865880310304,2.7537953111044104,0.31407170967365283,2.186059861496071,0.3863424416154404,-0.6581167112152927,0.38990375251571296,-0.3577166356976121,0.2761457850273842,1.6440843631273998,0.32642204953334475,2.0717396186862036,0.33546963092998283,2.940797259298974,0.3163605169929331,2.0886885639875863,0.3387271996888698,-0.5910584633742635,0.32332091631251236,1.7794438858585084,0.3913609043919658,82.60803466814347,70.26826425075522,0.00798289354059643,0.005928758136034878,0.005928758136034878,0.012103941866724201,0.03475559240055151,0.03475559240055151,0.08205766088708244,,,0.0021438884450573114,2.402221240336189,0.9110943921654786,2.125769442128048,-2.838313587980419,0.43543208830153357,2.250387081653352,0.4667174300354538,2.716519561287241,-2.612760367542368,0.3908898208586862
2023-11-20,23.67099952697754,19.836265563964844,4500,0.0,0.0147468541870501,9515.0,225229.56049919128,1.7533565997111034,0.38974953957028025,2.164453434852795,0.3988429850406572,2.756511460081554,0.3156490579329362,2.168846532190071,0.3865090778453457,-0.6651408325288123,0.3883608692914181,-0.3608829298858595,0.27765517952850793,1.7390101686898052,0.33290798517064,2.1844639043256815,0.34161885229648825,3.1097260761600722,0.3219071638464869,2.189948399067869,0.34363999347088126,-0.5696228516957909,0.3298788549590145,1.7533565997111034,0.38974953957028025,85.16041983081719,71.80164888138603,0.00839997283837407,0.00624369013785685,0.00624369013785685,0.012273891767487173,0.03414658651031226,0.03414658651031226,0.08652346872363115,,,-0.0007409771318271297,2.342286658843946,0.8663646971847442,2.1242689937127635,-2.748069854521824,0.4338246857165883,2.884284829638384,0.5586144968264863,3.329112526268549,-3.61581323479831,0.41674821031581943
2023-11-21,23.569000244140625,19.750789642333984,1900,0.0,-0.0043090399592407,9000.0,212121.00219726562,1.7478931079245654,0.3915607934536087,2.1618723926936765,0.40083643219229315,2.729627952124922,0.30957032294267517,2.17313354688401,0.3882041420794432,-0.6704323860640373,0.3901486543741681,-0.3631461011104117,0.2799637599237409,1.7240770737023343,0.3373100208118036,2.1720940417814916,0.3461463065250302,3.2623818455630316,0.3265755212601954,2.199529174564201,0.3469512157428907,-0.5825113565078249,0.3343292718409371,1.7478931079245654,0.3915607934536087,81.04594437343096,70.66696360140946,0.00528844110007813,0.005879802893129348,0.005879802893129348,0.010963304612798765,0.03358849351600467,0.03358849351600467,0.05359854089966665,,,-0.0014291600067953105,2.346959876777902,0.8784626670846061,2.11609246354759,-2.7593224982710947,0.4357090250910015,2.998689680876082,0.40144041307955136,3.5779745899737607,-3.7087772693231624,0.4238067419049133
2023-11-22,23.79899978637696,19.94353103637696,3800,0.0,0.00975856166379,8120.0,193247.87826538092,1.7476509969270633,0.391835559282133,2.161182770672451,0.40041999279811047,2.6764534371964643,0.30529530334135235,2.1733032087905597,0.3884833626080041,-0.6709675450826438,0.3904272355664038,-0.36417979664325956,0.2798271807567848,1.7094982355111525,0.3319139215118241,2.151164670769259,0.3382799825049134,3.1797378593735295,0.3113872316749533,2.1811164004411316,0.34203625077576794,-0.5781017075463787,0.3289577094929941,1.7476509969270633,0.391835559282133,83.18337559920998,71.72491114399764,0.0066934464295557205,0.00600909485215137,0.00600909485215137,0.010489216151526162,0.033011897742445256,0.033011897742445256,0.06846545780006208,,,-0.0018126838068027891,2.131090184889667,1.0375302891594103,1.900183484976814,-2.5352492101556265,0.4336033412526711,2.659162010961774,0.7491420982598912,3.206858829184157,-3.4308242032565412,0.4101366355970194
2023-11-24,23.8799991607666,20.01140785217285,800,0.0,0.0034034780922185,8055.0,192353.39323997498,1.7455176287839707,0.39171160290805174,2.160905272409663,0.40053585901532274,2.669343080427233,0.3041019219189325,2.173185783868153,0.3886086903186189,-0.6716317972411672,0.3902300266047438,-0.36366192249655044,0.27853697301624314,1.2434355007526785,0.17278231071778638,1.6236572859886862,0.2120477815756644,2.750109749585124,0.30756873809327756,1.6505255067494937,0.21464839637769106,-0.4151122193705791,0.17116474332723264,1.7455176287839707,0.39171160290805174,83.92803956028702,72.0970467931438,0.00808434308746224,0.005925042698605148,0.005925042698605148,0.008729817953639734,0.03246041004833008,0.03246041004833008,0.08348449041773698,,,0.0025768415997526072,2.132050869836217,1.0369187611879815,1.8976116823280003,-2.5339763883013324,0.43371029359886126,1.4743908938596288,1.1256266033020887,3.6714253286527896,-3.27199693766259,0.33696953253583606
2023-11-27,24.125,20.216716766357425,10800,0.0,0.0102596669951278,8285.0,199875.625,1.7403692241895485,0.389755899618597,2.1360902366161634,0.39435361068654917,2.627528435017171,0.2977864587742699,2.1519097223955836,0.3833705360931501,-0.6704560428618651,0.388724676108418,-0.36239671935223383,0.2756361378503527,1.516564099368732,0.18945322996868263,1.9709862252378965,0.2344824875753898,2.7085207004741503,0.29580417960571237,2.003248274338465,0.2375909763952846,-0.37201844555562236,0.18958962608646668,1.7403692241895485,0.389755899618597,86.10007395651593,73.2165838493977,0.007944248267887869,0.006060499707871481,0.006060499707871481,0.008677131757890571,0.03194175567705875,0.03194175567705875,0.08198408047869754,,,0.0029459521057319006,2.2613419530355126,0.9453317248980974,1.9271731696782868,-2.6332784062436736,0.4302346891761686,1.4887266408124122,1.0439008822991414,3.4685459130444767,-3.066841925186805,0.325237714757853
2023-11-28,24.62299919128418,20.6340389251709,5000,0.0,0.0206424535247329,8390.0,206586.96321487427,1.7436383628204415,0.38879576015449313,2.089581535093522,0.3784738569130691,2.597212921420444,0.2899957274537722,2.1392457873272837,0.3768924151086276,-0.6674608478222109,0.38767623776409577,-0.36118091006875996,0.27545963252484507,1.4564055697791567,0.20517880666573118,1.5978059367348845,0.18558623870750546,2.2665762640223135,0.1738022764385604,1.6472719023341733,0.18091053213873987,-0.42291212921305893,0.20846977073927875,1.7436383628204415,0.38879576015449313,89.47360882748784,75.32920584255578,0.00926848823116265,0.006502377096261221,0.006502377096261221,0.009551298308007956,0.03154101415675273,0.03154101415675273,0.09620689646388136,,,0.005830449005265565,2.5715598810629543,0.561692414820604,2.0359803637497635,-2.6989460772759237,0.4269714894791381,2.27455021763704,0.6749618539869537,2.212774239184005,-3.0200127063255677,0.236842356952636
2023-11-29,24.674999237060547,20.67761611938477,6700,0.0,0.0021118485758946,8665.0,213808.86838912964,1.7436077398666443,0.38915468591850044,2.0888630844311518,0.37881843932256964,2.5958182960969243,0.2903848918117332,2.1398392267355333,0.3772268837070858,-0.6681910599077605,0.3880288372716377,-0.3609925587990795,0.27533357237938794,1.6226739872044174,0.27018005526250954,1.8425582916953729,0.2587747032531942,2.8981718055830723,0.28522000453812624,2.040301093062538,0.28041414192061376,-0.49761026659685,0.27061896385216466,1.7436077398666443,0.38915468591850044,89.77589608945624,75.54073180220888,0.00679513634341985,0.006373243904485732,0.006373243904485732,0.007469506949933539,0.031068569398209053,0.031068569398209053,0.06980267356272618,,,0.0071104119099970374,2.5525298409113475,0.5476325904512893,2.0148245144829353,-2.651700923940175,0.4269409777209576,1.2857033742690274,0.19506521358395237,2.242675575880731,-1.081668071980982,0.3135172759229482
2023-11-30,24.36199951171875,20.41532325744629,5100,0.0,-0.0126848930099129,8665.0,211096.72576904297,1.7550942328887846,0.39147488547161613,2.1007469023533076,0.37972400321430944,2.3356559289982575,0.2461837731537776,2.1178167569036903,0.3662681859717126,-0.6677104820705345,0.3902983065216804,-0.3346524459469933,0.2179450948209396,1.7003991695129308,0.29193208581258,1.9270667369308503,0.27484630846159175,2.334794079536077,0.1868334237040139,2.0539354447595364,0.2695878742018172,-0.5127902185603356,0.2920938492234859,1.7550942328887846,0.39147488547161613,74.70967866247311,71.65768311423541,0.00504539814381591,0.0058287257069314855,0.0058287257069314855,0.009701469659957824,0.03077732321578405,0.03077732321578405,0.051173579831418126,,,0.005944091282068294,2.661580809763579,0.8651669139409428,1.8396630505019054,-3.0060522304050425,0.42407184272844534,1.8004731832314624,0.8167451050443849,1.1745486843079955,-1.6243436070845156,0.3063877372525632
2023-12-01,24.95400047302246,20.91141891479492,8300,0.0,0.0243001795078003,8885.0,221716.29420280457,1.7606440547115014,0.3901387894760192,2.1073535524352636,0.37840461679668846,2.3546844255627732,0.2531187143575828,2.132390084920875,0.3707389016907723,-0.6631736213041165,0.3888041241535334,-0.34280549654393017,0.22523977446264742,1.843134760826772,0.307878570187178,2.116623436352293,0.29344308052180834,2.3550671338255604,0.19100630102141325,2.1252939499592256,0.27705073745694087,-0.4985463462449454,0.3094367359429986,1.7606440547115014,0.3901387894760192,81.54413682025613,74.28298889709014,0.0076005508685743906,0.006341821645844508,0.006341821645844508,0.01111993287475511,0.030490279577393718,0.030490279577393718,0.07806632237101563,,,0.006516619407142587,2.5276421231876816,0.6513745425017671,1.8129668974973017,-2.591028182431851,0.42146852096818577,2.4941406769964143,1.4149834216237982,1.8843637499134132,-3.2720886149575885,0.33907732425537895
2023-12-04,25.030000686645508,20.975107192993164,5400,0.0,0.0030456124141382,8545.0,213881.35586738586,1.7221158859251433,0.38329442220831333,2.009704835876322,0.3632513417470309,2.353289699975704,0.2533229199040934,2.109208111106107,0.3679009979340715,-0.6660909492346946,0.38214821877114613,-0.3435635575121826,0.22530522831125477,1.5171784262465835,0.2325741266798752,1.63691703101359,0.193720152030168,1.8519007024884988,0.10928881571359339,1.810868446967969,0.1787958798181063,-0.4620522517026152,0.2364785024611984,1.7221158859251433,0.38329442220831333,82.26208246244073,74.60013375592375,0.007127472199159881,0.006252734909852445,0.006252734909852445,0.011211872039629728,0.030068704454015126,0.030068704454015126,0.0730055749494729,,,0.007679941142434398,2.5234782091558583,0.19530806493652078,1.792898158036628,-2.1634164547118466,0.41259922882488986,4.582496724234657,1.0763841247049695,3.4048055147289706,-7.297756791823299,0.31024215850487646
2023-12-05,24.941999435424805,20.9013614654541,7600,0.0,-0.0035158309551167,8320.0,207517.43530273438,1.7182521432719995,0.3806569909380012,2.0128168526134065,0.3635483540464025,2.3494229869270638,0.25540031918973616,2.1128638049403734,0.3684517678817114,-0.6628232630034073,0.37927162569984274,-0.34592365750167214,0.2273596765413185,0.8820953904760177,0.4026364803289294,0.7181851269931901,0.18561787567069155,0.7330576327908651,0.0934433306090694,1.0205470960125975,0.2961256710228517,-1.3609810506259226,0.4015530442657683,1.7182521432719995,0.3806569909380012,78.15498768912924,73.49814567183022,0.0053012036849432,0.005995667387090099,0.005995667387090099,0.011319732157184311,0.02970189058027402,0.02970189058027402,0.05369439118946895,,,0.004559046411490257,2.4845971168739394,0.2231007858620914,1.8291979292629617,-2.162606879894613,0.41244838571682474,1.8753800087423076,-1.0045482749053698,0.2705129988291356,-0.4876750671971515,0.4893730825880025
2023-12-06,25.93000030517578,21.729307174682617,303000,0.0,0.0396119353746649,22770.0,590426.1069488525,1.6456914521868862,0.3415745026366499,1.8255943869636078,0.30015537814647775,2.2936581185008458,0.2362333692986045,2.0535925805726722,0.3385934535736933,-0.6211739343462355,0.34060806843248337,-0.3224558451839283,0.20241422441394807,0.6547666652998229,0.1666874196357051,0.30083527739344523,0.02595317150230758,0.5244817066067153,0.03495318843181128,0.7783443716079921,0.12735447513142018,-0.7601724248524766,0.16677564821544966,1.6456914521868862,0.3415745026366499,86.79228637691489,77.42868335687217,0.00969330121833376,0.006857622976515094,0.006857622976515094,0.015074597262904369,0.02979869433421011,0.02979869433421011,0.10017395886879465,,,0.005578394700682517,2.4753969822622706,-0.8839747758588247,1.6232202805051317,-0.9832973364138371,0.3735042194691689,1.3132867987201065,-2.154226866763529,-0.4600005866435161,1.6605295683127483,0.38952809272729016
2023-12-07,23.959999084472656,21.890100479125977,114900,2.146,-0.0759738217322697,27910.0,668723.5744476318,1.3473759660827962,0.1984562643911355,1.3829645439237714,0.15225364317436052,2.311890053926804,0.20031039794695116,1.8251763505951115,0.22679269662359425,-0.44183907376398246,0.19903423614399418,-0.26975417641953847,0.16973928474051192,-0.1423640324868489,0.003038783147439328,-0.6447421001888898,0.050587464277906946,0.8144726945680513,0.030272553725555484,0.08494061895983712,0.0005697623703987409,0.05994861491142824,0.002694996610221767,1.3473759660827962,0.1984562643911355,45.20961375133739,59.082909260132006,0.00112006287872779,0.004786836858795475,0.004786836858795475,0.031000069683040043,0.032198138590739764,0.032198138590739764,0.0067649606933419815,,,0.001074207203868531,2.374003346108971,-2.528538076192858,1.916647196973914,0.4154980136850655,0.2889908727646434,0.43493646474382974,-3.840729070972124,0.06205392042552457,3.7714034221771846,0.31966992080162626
2023-12-08,24.14800071716309,22.061861038208008,72500,0.0,0.0078464791266317,31260.0,754866.5024185182,1.3465668556154466,0.19860431951057755,1.3680713296657439,0.15130852295785036,2.305512398938206,0.19945525436322797,1.8189655366736839,0.22651457497568528,-0.4423889693463201,0.1991953881383619,-0.27002237267965895,0.16992523356983547,-0.1457206575235961,0.003203197058440743,-0.5860104835389218,0.04336478524582954,0.7766770513334637,0.027917855889924903,0.11088833570057885,0.000986698235547312,0.06117455209018034,0.0027886599188043926,1.3465668556154466,0.19860431951057755,47.98426209603642,60.03183622564625,0.0015643629821691096,0.004861462279962212,0.004861462279962212,0.031068196578680356,0.031796705058600494,0.031796705058600494,0.011222846139659737,,,0.002152132477990271,2.0413629403891838,-2.336255885151519,1.6493814497183006,0.796025799037718,0.28451015252881384,-0.6791827471523274,-3.6174440868583755,-0.9321120800968774,5.608941082179458,0.2990246046360935
2023-12-11,24.030000686645508,21.95405387878418,73900,0.0,-0.004886534164864,34745.0,834922.3738574982,1.3163867468004795,0.19149967832785864,1.3086606289966292,0.1415933812005613,2.134496443489624,0.1796736710995369,1.75906173187934,0.21548100097967204,-0.4361783077230196,0.1917757362020538,-0.2671240876681432,0.16579845164991702,-0.30151664601074996,0.013173000929106449,-0.7383675413144071,0.07016519056539938,0.31484459698400824,0.00429769994949003,-0.13406857480939813,0.00138685380710879,0.1284690786001605,0.012853150752005216,1.3163867468004795,0.19149967832785864,46.26850294784283,59.12812034940891,4.974286616992963e-05,0.004629367126513969,0.004629367126513969,0.030966219173353807,0.03144254499850477,0.03144254499850477,-0.003937795372206954,0.1900753446182908,,0.0033648389418823002,1.9976888367863757,-2.5059578460842453,1.3934145361387618,1.1157692215780626,0.2734450829728302,-1.0669348628892799,-3.61825836706935,-1.539033962590064,6.310158775220642,0.3041646293454847
2023-12-12,24.31999969482422,22.2189998626709,54100,0.0,0.0120682064041668,37250.0,905919.9886322021,1.3150226234086442,0.19255312738521158,1.3041668488602591,0.1426280275177194,2.1364886533216443,0.1807368622314971,1.7506005674672644,0.21617204354289443,-0.4391175567391075,0.1928172967591153,-0.26815469960327915,0.1667431558744814,-0.5047707799285555,0.02744791029546534,-0.9248983971471959,0.0935591097195807,0.26300811510256394,0.0027510743481076183,-0.2712310259282503,0.004466545963823898,0.15999243195218849,0.026833130946847916,1.2967974631351276,0.18846136668589897,51.26493759931527,60.65648550729577,-0.0008076818458866803,0.005331767554302286,0.004802363388784965,0.030447026001835596,0.03126669821744324,0.031086679322160356,-0.01230554791908589,0.22580642680347784,,0.0036838104669032596,1.9828511319063937,-2.4991091975962156,1.3831702472163494,1.136229938834681,0.27434596325443006,-1.42296849862055,-3.512539222713532,-1.7104047887557707,6.631188332662997,0.3056002899080784
2023-12-13,24.520000457763672,22.401723861694336,80400,0.0,0.0082237156845859,40905.0,1002990.618724823,1.289400762165413,0.1899167648184945,1.3006261857211339,0.14270025989337642,2.0024413513601855,0.17122625066815544,1.7040002057163943,0.21176319846167446,-0.4417279646727845,0.19012614377862935,-0.2711532301360301,0.15823179083614403,-0.42674177033900684,0.020742726085822283,-0.8974351351721571,0.08945080855951282,0.3053502768778901,0.0046343115724208905,-0.17417971893035705,0.002024394838923138,0.1428750838931429,0.020136527368118773,1.1648026719169355,0.15846222956575773,54.657433261469514,61.69376647266805,-0.00019649513501755045,0.006581238046608553,0.004880121395507714,0.030573226345797625,0.030269482441715834,0.03072740922024766,-0.0062816123237837695,0.29311257229632903,,0.0019879729905200945,1.5075475228930015,-1.9912243478557206,0.9480785643948041,1.343657233671624,0.2516283153987261,-1.3588129070563069,-4.168149201822738,-2.3039420103865833,7.721155605162126,0.3567978090412486
2023-12-14,25.0,22.840255737304688,79600,0.0,0.0195758374092667,44150.0,1103750.0,1.278474295387656,0.18605918684388545,1.2453733767513064,0.1324707236935193,1.7696151735156014,0.14325982913566648,1.6889333153221449,0.20736120321253226,-0.4359141441486729,0.18567986142555948,-0.2718278904450355,0.15955928942526532,-1.2456496966782502,0.1258334632327316,-1.5335692446672542,0.23065839507692598,-0.44119379728328695,0.01153265123261138,-1.1813202086453507,0.0633947299178611,0.3007268511085843,0.123814354104686,1.1145049497801809,0.14522379812715447,62.05356610934953,64.08023243203078,0.0030295779069004097,0.0062123249192024554,0.005206692862480136,0.030810187894346714,0.03000708350888478,0.03045512085442221,0.02618834664922942,0.27375548835246266,,0.0019037028385958188,1.297102935964696,-2.2221346577726884,0.5537479000309048,2.0613915349021976,0.2503203054463672,-0.9169561642501486,-3.1824567304048115,-0.8678667613560004,4.593926349251406,0.347446623295247
2023-12-15,24.825000762939453,22.68037414550781,89800,0.0,-0.0069999694824218,48085.0,1193710.1616859436,1.2686336824324587,0.1828848069724578,1.2328271108647426,0.1296468733942976,1.7662154244159078,0.14629010505375595,1.6955949722783412,0.20871306296804926,-0.43255888583512564,0.18332114662642174,-0.2726330739333799,0.16077162661609168,-1.2727045968988142,0.13045331253674997,-1.6325918121990655,0.24699278152508386,-0.25929905417263444,0.004321079826347107,-1.0979781578702061,0.054070108379882464,0.3024738362451626,0.12654907124334536,1.1332815576062585,0.1496760350275529,58.02755476550742,62.58758036988315,-0.00010043699212180078,0.005528879772911419,0.0049413306375909625,0.029988131908869814,0.029972491296562112,0.03016856215549649,-0.005169500185850717,0.2379694502721108,,0.003001938513226918,1.2955717211459046,-2.2243644800461326,0.554599876650271,2.065149622449365,0.2529868060817255,-0.34146199637784713,-3.390625419577792,-0.8038768845766512,3.9877104763268787,0.36498438670736233
2023-12-18,24.799999237060547,22.65753173828125,52600,0.0,-0.0010071107798808,49035.0,1216067.962589264,1.264278811199393,0.18168488470920197,1.188537111013443,0.12331386519881893,1.7320484844692314,0.1421735964078421,1.6694910124531555,0.20406079296607949,-0.42972142989328466,0.17980167304645023,-0.272803166427371,0.16104224345673002,-1.29237260441175,0.134664740677794,-1.5304044957543617,0.23662449699756338,-0.29729019158391634,0.005808910426060465,-1.1443246889228778,0.060552139739839084,0.3124645589141015,0.13075429220471468,1.0884215021180343,0.1330050058554808,57.406759450044156,62.36964514102582,-0.0005057093115237007,0.006042760291793879,0.0048147680542405,0.029968269279385836,0.029662044034405113,0.0298514537986361,-0.009189030893941408,0.26530605889717296,,0.0023265446155672632,1.3273488162071927,-2.251412797858038,0.5635113332523862,2.0463675078807464,0.2535398851064442,-0.8388899484221625,-3.3940143573918387,-1.0603337573806149,4.967345088494966,0.37005027279887404
2023-12-19,25.624000549316406,23.41034889221192,78200,0.0,0.0332258603873056,52720.0,1350897.308959961,1.2801856394076052,0.18312969942507284,1.2135948132725676,0.12665025997419765,1.7405677855887807,0.14088677615514267,1.6911163401566283,0.2059459019047546,-0.4270644101251776,0.18072530173481682,-0.27660722889954253,0.1671905541323806,-1.1886210876037302,0.10474085910046171,-1.4004264267078035,0.18474041088171644,-0.2923354356480921,0.005144099123932544,-0.9998101618997086,0.042472006257726735,0.2673094360299914,0.10449431757440719,1.0929461175385176,0.1276889693735207,69.82114233056305,66.41648578653346,0.0031684598227185294,0.007064659458400869,0.005406665811179355,0.031757129114199784,0.029845426885359096,0.029815532587994457,0.027343482051521706,0.3201442942171273,,0.002827449462405667,1.2220524717123478,-2.173115612893466,0.47921113207443056,2.1681163434658712,0.2508525723364523,-0.9793740284523714,-3.404241103049567,-1.300430003902732,5.530575794790425,0.32332407711735
2023-12-20,25.450000762939453,23.251379013061523,51200,0.0,-0.0067905004155018,55185.0,1404458.2921028137,1.2483863619311912,0.18398589469100524,1.147239604708035,0.1261163064790337,1.5417774106434277,0.1333383703098664,1.5967721071230354,0.2018902048015444,-0.4338107465259457,0.18357300779311592,-0.2842429717954965,0.16927162071569846,-0.8686200795817517,0.06961300363733702,-0.935786551304101,0.11119717392570172,0.02273236401354274,5.2029766077876793e-05,-0.4144709501949535,0.012139807567440708,0.26501830623426487,0.10229837485068416,1.108269121878384,0.13094104935152984,65.14353887569503,64.86970133185588,-0.0014717837562981406,0.006987620906375853,0.005157744051451169,0.029121150427860436,0.029877665729835086,0.029554728875938487,-0.01851135891195954,0.31585757122060265,,0.0003981453563073105,1.2318847290713775,-2.2658268193905737,0.3542361870401443,2.2763344372659713,0.2509183084776083,-1.3554692734401887,-3.3019266388672905,-1.0324514332682309,5.95290203003133,0.324266877019491
2023-12-21,25.698999404907227,23.47886848449707,68300,0.0,0.0097838363262592,58410.0,1501078.555240631,1.2335057127070976,0.18302210729662494,1.123073787155891,0.12481508263524055,1.5271219251237855,0.1330854328851645,1.581231011257037,0.2010925530693739,-0.4365890412225833,0.18282332583137784,-0.28609009796864965,0.168764686078674,-0.8471558158751361,0.06885837698597086,-0.8338466410887909,0.0969437788264137,0.0714022223283034,0.0005333239389329059,-0.3817526001146808,0.010850524542881046,0.2713057640799226,0.1055615223712223,1.0939578423197838,0.12996539738891932,68.65000015639193,66.05748007886926,0.007103982049554749,0.007170096342636635,0.00525026589694733,0.012793532869210335,0.029870613915972247,0.02925891061337484,0.07257931497841885,0.32592092897384783,,0.0023562835658608016,1.2308535675325938,-2.268267221704256,0.3527948638859287,2.2803684376714513,0.2512905736899945,-1.3229622422229765,-2.846390910564906,-0.6803764184607576,5.1691913897895025,0.2864513701450201
2023-12-22,25.84000015258789,23.60768699645996,72200,0.0,0.0054866240299511,61980.0,1601563.2094573975,1.2334405339424817,0.18300923742713637,1.1227765362672353,0.12477593788886865,1.5192488036585352,0.13242964752202002,1.5768417243701667,0.20050777076948556,-0.43658620459803904,0.18282049887660945,-0.2860511235692542,0.1683228449749321,-0.8605104251202266,0.07104891355628662,-0.8339449951151578,0.09727302446459074,0.046883987799805724,0.00022610620320206998,-0.38858040444117786,0.01142752687489168,0.2743892630646312,0.1078298807108723,1.0726671862288368,0.12505302122755568,70.6036654580942,66.72638959060423,0.0068679965398866895,0.006663173678013945,0.0052549003701434826,0.012800078137463165,0.029709977179952562,0.028964862655832875,0.07006788906636974,0.29842728310868805,,0.0034577660732868385,1.3007642868481377,-2.266969071586126,0.4150543723824747,2.1523651275642557,0.25093586648906563,-0.9938350182554455,-2.578308271591184,-0.1981300583214713,3.958133871190653,0.2654381752461846
2023-12-26,26.163000106811523,23.90278434753418,172200,0.0,0.0124999981546549,70050.0,1832718.1574821472,1.2351202947998798,0.18391146224056765,1.1254619240611128,0.12563087021075137,1.5221002776648371,0.13286245423407517,1.579044133760247,0.20133428254645946,-0.43811325714997545,0.18371549136353327,-0.286615885341059,0.168957660104187,-0.834171546558493,0.06631390096089484,-0.8059954164175862,0.09111465360987947,0.05911042330820133,0.00035698041537335357,-0.36341648364591356,0.009966499075657054,0.26617214691106406,0.10328369544468352,0.6355402380142073,0.04270048458583897,74.80058723961237,68.2322346899284,0.008606649771838578,0.00867283852623191,0.005394229173691778,0.012192435279560848,0.026996535489846728,0.02869708102415895,0.08876401827784441,0.41651332319729506,,0.003867054838406986,1.303680931167305,-2.2641516163927666,0.4142564159359078,2.1494294178745137,0.2516025662079967,-0.9173647920028868,-2.598093717780059,-0.21660056382810192,3.962259008385575,0.2566610105869539
2023-12-27,26.51000022888184,24.21980667114257,107500,0.0,0.0132630096186856,75175.0,1992889.2672061922,1.2343092146024819,0.1834133800077361,1.1264360964668685,0.1256763857005624,1.5239711328784673,0.13302127373844774,1.5797075212033054,0.20121807100305622,-0.43738563469321545,0.1833695201088853,-0.2868033934934144,0.169336143583378,-0.8334014950674045,0.06518733627887119,-0.7972667313959021,0.08737448690422478,0.08621591931966505,0.0007456458338392924,-0.34129730467043407,0.008457779300016233,0.26218529336216373,0.10202198912577753,0.6886202523890421,0.041792176455522356,78.62539601928333,69.7752139002288,0.008726130093290459,0.008969286421277105,0.005542696729257699,0.01223590281666072,0.026976466280067862,0.02844035420900741,0.09004936519483997,0.4341357508009114,,0.0038249501724123545,1.2819170971914782,-2.2515351783804944,0.40974171679945826,2.1652805631419567,0.2508553000042174,-1.1451796234702845,-2.5272028331313403,-0.28406622318362174,4.232846756405243,0.2591846315880344
2023-12-28,26.60099983215332,24.30294418334961,94700,0.0,0.0034326519232672,79575.0,2116774.5616436005,1.233853060268251,0.18347716432980532,1.1260294750797373,0.12575598311169445,1.5233468169611548,0.1329134968765472,1.5783058992860974,0.2012162865989494,-0.4378106764138345,0.18337062329675846,-0.2869861497678917,0.16941794392061316,-0.822634304323524,0.0658108766344988,-0.7442625703255057,0.07685340800645568,0.12384819064134783,0.001570356601590328,-0.27214317183580683,0.005528756415694613,0.265502976431551,0.09987229656049446,0.7030850687982015,0.04737792231580684,79.57394646863783,70.17411562058462,0.008247023717158589,0.009943632855807814,0.005503621825443061,0.012351018497592408,0.025978060529807865,0.028172234662318538,0.08486946719165944,0.4951101678235257,,0.0034378342140498515,1.2855079855466998,-2.252085204294089,0.41339224550202075,2.1586815726223234,0.2509200355215522,-1.8433502073278385,-2.0704851678391107,-0.39666882007445897,4.547545076862182,0.2638531689831153
2023-12-29,26.229999542236328,23.96399688720703,149800,0.0,-0.0139468550903321,86810.0,2277026.2602615356,1.2479738849990778,0.18747677578498767,1.1438010009082866,0.12971009767777986,1.5168717646536436,0.1306640828294906,1.5933986127944908,0.20422248335586257,-0.4426014294599666,0.18752311430759372,-0.28809642266826413,0.17170482435065526,-0.6835950769676274,0.0456537294734074,-0.654848066240969,0.05901547468552415,0.11329704002544135,0.001268362037749604,-0.16606665405345106,0.0020368319767792853,0.22345954235753182,0.06984673745945846,0.8425036308351754,0.06866200784164866,65.70503046897143,66.42148920889504,0.00489475446719871,0.00998091101491505,0.005149976790610786,0.013436178635640793,0.02594173829196771,0.028033117715747638,0.049199981689453054,0.4974879209062324,,0.0020259295430599313,1.2582432718782066,-2.194996467661951,0.3414404309363965,2.1981765156608812,0.25124843151638254,-1.7272275271426252,-2.2093464039229955,-0.6861757004197537,4.989658324095343,0.24558003577802445
2024-01-02,24.558000564575195,22.43643951416016,295400,0.0,-0.063743766940172,101165.0,2484410.1271152496,1.401612221605388,0.2274837450886671,1.340479111495887,0.17559292067614685,1.4375644828305472,0.10605081489799428,1.7287364998735808,0.22136356647887434,-0.4800369802732007,0.2286202222974012,-0.266241354441303,0.16258304055459216,0.3537146141565231,0.011689103130891443,0.18212094332313863,0.004172739874793163,0.08571691412703951,0.0004864945038040025,0.5847609075722894,0.020072073449849404,-0.08643341503909281,0.010242787068519776,1.207696434248008,0.13728384216735956,34.285841072090506,53.00777582637134,-0.000779625278576311,0.008035024213477538,0.0039197313668468065,0.025544197808503172,0.028286073575482462,0.029263007647260687,-0.010755294669027915,0.377264394941734,,-0.002139335560525556,1.4788977279679867,-1.175597891480599,0.04085822680822274,1.2189651946412456,0.24513445291672287,-0.11052675222441465,-1.7650149906678265,-1.5155795974253863,4.277613447350252,0.09413597982806077
2024-01-03,23.420000076293945,21.3967514038086,174200,0.0,-0.0463392972603319,109605.0,2566949.108362198,1.4722794223193587,0.24470504801277337,1.4170936188509196,0.19032433219016132,1.501836624010332,0.11050440099918335,1.80787869821481,0.23387251248909513,-0.4919255641242514,0.2461105286018852,-0.2818443919422764,0.18435544202441567,0.6572306682545357,0.04056280225159192,0.3769433829869059,0.01706205797997795,0.08933608023424493,0.0004693633744820014,0.8263847422482523,0.0382367741803491,-0.17828423581965788,0.04251723563734933,1.3975944504271451,0.16849023377459293,24.85007304734438,46.32238144268447,-0.005312843926621421,0.006473703194878793,0.0030379940225103382,0.029330843878153375,0.029439022026337722,0.029754787612103276,-0.055645129162115614,0.2886541406173744,,-0.0050013214214770264,1.6676961225222144,-1.1666993819229219,0.08775385724537701,1.029527868256733,0.2601297104722242,1.085077155642747,-2.3336543512352894,-1.5277345354521166,3.836500864488618,0.1308255222364706
2024-01-04,23.280000686645508,21.26884651184082,281200,0.0,-0.0059777706743112,123285.0,2870074.8846530914,1.4717688481490856,0.24591595084460283,1.419975939532694,0.1913636634409095,1.507286860430884,0.11155398763648716,1.8085555852870698,0.23509952618244567,-0.4948349320017211,0.24728689830444472,-0.28211664642115586,0.18486872376620678,0.7457275683874907,0.04989042847478631,0.45076106957347684,0.022747057175318552,0.10577076775417506,0.000662868615376011,0.9004965367390237,0.044613562138086094,-0.19467794410947414,0.05328651837278919,1.2152532517660064,0.13031114602113347,23.905802887873353,45.579818899378964,-0.009233207032783101,0.004868007201651288,0.002882549803599622,0.026043134202880985,0.028178869231128955,0.029516375523844993,-0.09147673323529615,0.20678037658541992,,-0.005029495702808086,1.6572689954269813,-1.1579494197817182,0.08399024106534037,1.031839105510236,0.26120732085023424,0.9651949114933477,-2.0504419614662566,-1.5588630730704394,3.6610994558375745,0.13271381364099155
2024-01-05,21.21999931335449,20.83390617370605,222000,1.617,-0.0884880288887932,119235.0,2530166.6181278224,1.4716020702999937,0.21099034852884857,1.4019064940724988,0.16009915909355388,1.608575838467382,0.10940019466377937,1.8136523048402813,0.20289687413803903,-0.4255120577014322,0.21307239046852122,-0.2491332144404852,0.16783623000767045,0.746904353415158,0.034810810573338125,0.40992960096315273,0.013093481788443495,0.34326682311680423,0.004806814485767363,0.9348787697918326,0.033378937461108316,-0.1409202776831102,0.040121433377524385,0.8772695923085523,0.07753188826011836,14.468074303560366,36.531960316845144,-0.01740295988011224,-3.684939397601237e-05,0.0013338959274573708,0.036074174985451526,0.025932071879839882,0.03158633964379649,-0.16620830344904092,-0.01567869201080374,,-0.008810006156531871,2.070791974749119,-1.3891507473179179,0.5126541115555239,0.5164071837748248,0.23089392129797226,1.8544450904741785,-2.608927343215535,-0.9159099416689277,2.8580664867241934,0.09231734865368724
2024-01-08,21.89699935913086,21.49858856201172,89900,0.0,0.0319038674685681,117985.0,2583517.4693870544,1.4776129992113396,0.2232685941594269,1.397968090051991,0.1732156480276107,1.6607728953983913,0.11683427777216338,1.8342659235774013,0.2148315340946505,-0.4486456697525366,0.22534300756384806,-0.25168051070316316,0.17274630810992408,1.2522773107798142,0.12176954595816036,0.9996677249139719,0.09521860906558866,0.6971557161897012,0.02130196584313282,1.5063305939475793,0.10471617202875139,-0.2932206350847326,0.13811351925603876,0.9632795781485302,0.10170818729930031,25.712738174197458,40.60074487696941,-0.015190956765881353,0.00047095551695956864,0.0018433954531425496,0.03852160528756834,0.02635041147857142,0.031565204291379156,-0.14794350495414132,0.005095018113071337,,-0.010672566769064735,2.0570807614343742,-1.2647978631537808,0.5094052444610792,0.4373880566302614,0.24117528200426763,1.5861860552935863,-1.2022926511885756,-0.8919320978262797,1.8440985552216898,0.140663096976
2024-01-09,22.006999969482425,21.606586456298828,93800,0.0,0.0050235472243229,119050.0,2619933.346366883,1.477805580668623,0.22329725185315663,1.398180738442533,0.1733492277339279,1.650738562285554,0.11583856672454484,1.8304691918355533,0.21414843360057967,-0.4486139036726786,0.22534631922439996,-0.25064032704331934,0.168644546219072,1.8853270416070915,0.32443786437652944,1.4981856397016586,0.2553554973011669,0.6303193545079181,0.02248146475411872,1.9210713314031025,0.21230050608039097,-0.5094691547411958,0.3547061158931091,0.9164251563342347,0.09271027564844692,27.519060413358122,41.24337656450193,-0.01523726444644417,-4.768091635937893e-05,0.00189552908873567,0.038494255048094776,0.02603187126436995,0.031303703925640004,-0.14833591952287928,-0.01622712812394389,,-0.006522621847924927,2.074001560153431,-1.230626555954087,0.5137953318377604,0.3730550127988618,0.2405063143107391,3.7076020482717467,-0.8744273725138206,-1.0617966558429588,-0.5074570434415938,0.39503448753273784
2024-01-10,21.61899948120117,21.22564697265625,120000,0.0,-0.0176307760630389,121355.0,2623573.6820411677,1.4543583570392615,0.21587307435615544,1.3510384867373886,0.16285764892932275,1.6383318972769318,0.11347303398772002,1.7960295216298159,0.20604501946329634,-0.44056295827747277,0.21766835584370103,-0.24646860895251163,0.16365261878272497,1.8056475067141644,0.3002118541804133,1.3979608244821986,0.22391593593024917,0.6309534670533575,0.022470309053418847,1.809916704806766,0.1893060565461403,-0.49392577555136974,0.3298796391139174,0.882497819445072,0.0856305819564267,25.015940369157242,39.654465060555225,-0.018250341868213553,-0.00036528292664635517,0.0015805886830618867,0.03724074210253933,0.026165938529595846,0.031144938735273985,-0.17368041153764036,-0.029406513500481513,,-0.007578199939723628,2.2270329592468987,-1.373989164245486,0.5984869898174847,0.2658764475354052,0.2368924126057802,4.5308084189600475,-1.344154255219429,-0.6716980698225216,-1.293038224732733,0.37884180776708687
2024-01-11,21.621000289916992,21.227611541748047,119200,0.0,9.25486268483766e-05,124610.0,2694192.8461265564,1.4541838622586172,0.2158216836564807,1.3458462087148988,0.16209155732706515,1.6366008554153466,0.11343629514732556,1.7950808003172205,0.20588109278947686,-0.440566271519229,0.21767711574698245,-0.2465836373450367,0.16362707267339227,1.859301861493032,0.30898280832458513,1.448127393209242,0.23316266075689296,0.6788273149326943,0.02383598400660958,1.9084171733360777,0.19994109077547473,-0.4928207768414968,0.3386489804462519,0.8776743979035618,0.08225241248650228,25.05695128998643,39.667050333879295,-0.019567387967397272,-0.00011294870965361521,0.0015569689996299263,0.03622135658640239,0.026116820809982268,0.03089331769650768,-0.18442096932305685,-0.019010916887719498,,-0.00712246006858362,2.1897637608409677,-1.3487693830614214,0.5734595413645831,0.29970354106831004,0.23666989119437265,4.265477889993237,-1.1772949064842864,-0.7352793734605232,-1.109014169806834,0.3772829338580238
2024-01-12,21.25,20.86336135864257,107900,0.0,-0.0171592565072028,125985.0,2677181.25,1.4475447421238268,0.2130131334388703,1.3329867033146798,0.15686306948236428,1.581524538024439,0.10360122948902617,1.7765964268214425,0.20069731393126033,-0.43630839599486027,0.21452782208367172,-0.24474188956858517,0.16272091793381038,1.8431261009490099,0.29841499771915503,1.4211178667106235,0.22097813654932796,0.5536357155203834,0.016080069827203447,1.855890928616049,0.18268234395569605,-0.4811878574868941,0.32860723138021,0.9324682435323001,0.07973539342772418,22.405952932177517,38.11923322095017,-0.02162657881044427,-0.0007991361310363366,0.0012645279760856649,0.03534319775746636,0.02617847070530714,0.03073631907806275,-0.2011578461680763,-0.04695702755762399,,-0.00756539675045505,2.1792797570146583,-1.4504816449101021,0.40370904599991086,0.5109335077655299,0.23416644226845318,4.404099984578584,-1.15979848110159,-0.6716112778443633,-1.406887299903165,0.374718716190621
2024-01-16,20.951000213623047,20.569801330566406,170600,0.0,-0.0140705781824448,130535.0,2734838.8128852844,1.3893573157627739,0.19582903894452963,1.273447058558644,0.1457361169481265,1.6267135004660163,0.11387937836552842,1.7227456720058465,0.19411417530838693,-0.41763227444245393,0.19718765620957357,-0.2575404273035053,0.17016833306634316,1.9053838997531578,0.2931320585719084,1.3971661902969148,0.21311324452834468,0.45062405266627326,0.009060031216206799,1.9115722823901975,0.1765652968190432,-0.45865557953151814,0.32607125514515933,0.9675480569510505,0.08483507984418126,20.378728923213014,36.900773615521224,-0.021638951119655542,-0.0013103416566180009,0.001028603265954427,0.03534023220046194,0.0262240505971279,0.03055450818566218,-0.2012580793267983,-0.0672691517563242,,-0.006525690195030282,1.8754646422213652,-1.3873575195713348,0.4256829974054579,0.7498888239746576,0.2198689354306238,5.418269403616305,-2.527505951212709,-0.4716042089104899,-0.6675663803475075,0.376899318215525
2024-01-17,20.541000366210938,20.167261123657227,72000,0.0,-0.0195694641416457,129645.0,2663037.992477417,1.3698839161941456,0.1913940904484397,1.2502052802969632,0.1410463589002483,1.5801718563854075,0.10632938944906756,1.6960017544543282,0.18706099774696772,-0.4134394961258515,0.19242928558808226,-0.25182129194432,0.1634111209286676,1.935383648940226,0.32222112160574856,1.559047627825434,0.27469298254935803,0.9818459803203831,0.03885476918651676,1.9640046722309998,0.19756944832050072,-0.501713304840008,0.3652314781135455,0.9175052714221259,0.06732264059692317,17.802010403437478,35.27723138521346,-0.017221520839802915,-0.002415456694593437,0.0007165113355362432,0.03210524094658076,0.025985498718027352,0.030424393553210284,-0.16357195643031142,-0.10942987684391159,,-0.00885264157106055,1.9385074947888543,-1.3727539969613745,0.42236004096826407,0.6312693567594391,0.21401406116110555,4.826608061933308,-1.1530804458697783,0.3132831707844397,-2.4086935486905934,0.37050983826147577
2024-01-18,20.57999992370605,20.205551147460938,105100,0.0,0.0018986201645403,132270.0,2722116.5899085994,1.3590799689581068,0.19409992936173992,1.2359665614544981,0.14206064580829325,1.5827926492565403,0.108111313606707,1.682973281065614,0.1891032501950356,-0.4227022758921878,0.19528623851130433,-0.25487657763788396,0.16537900908615766,1.819740569790842,0.31585714716534163,1.523234632965911,0.2771123371849419,1.1106109020464423,0.04749432210586868,1.8838188841218597,0.20014701225116494,-0.5222742620516976,0.35382551231979886,0.881017476779726,0.06665645948665933,18.93943415122963,35.56040072802346,-0.012397729097315692,-0.0024848345236788225,0.0007341547508945128,0.030843266304086583,0.025969615355913786,0.030193371368936784,-0.1212638831484284,-0.11201245274115124,,-0.009757849189766103,2.0253447745448376,-1.4466710847480209,0.4543685000130961,0.5756984044063784,0.2186974019554393,4.382342146250144,-0.19442754719773245,0.3053092458656003,-3.412578525763178,0.37576932844142286
2024-01-19,20.89699935913086,20.51678276062012,59000,0.0,0.0154032768027201,131310.0,2743984.985847473,1.322365743487083,0.1874704309353762,1.187010555074313,0.1356079210332254,1.5580502394848323,0.1037878085884425,1.6593933376468117,0.18291226771465086,-0.4186250219619649,0.18847441348208938,-0.2485441809094105,0.15991149667247495,1.7184005581304833,0.3311073485358347,1.4982341027776407,0.2987148590888906,1.2595167008667159,0.06079614307397152,1.8814372543872393,0.2243970623777003,-0.5738536779279327,0.3655972276356042,0.8942890525955399,0.07709115743248107,28.34247836631951,37.87997805585877,-0.010259624349612563,-0.0020882958440953795,0.0009498771340095948,0.032055037445206706,0.02611565114576221,0.030019952869416007,-0.10236259695995842,-0.09720482405044162,,-0.009913884205170365,2.0428896192139767,-1.4733461409207718,0.46560346157548604,0.5550019379324072,0.21349117410896612,6.104505410349719,-1.4565517578411562,0.5685163321777276,-4.218293355961641,0.41016334488825856
2024-01-22,21.03499984741211,20.652273178100582,54700,0.0,0.006603842298581,131485.0,2765786.954936981,1.3298856722117822,0.1855550209164707,1.1865121095296278,0.13358290720644794,1.5997559213156098,0.10288375707130448,1.6903721360880255,0.18275743822473067,-0.4119253364282988,0.1865428498319186,-0.24339890832357866,0.15972491968832392,1.650467135321318,0.3327093614928742,1.44542547738392,0.3033087245442635,1.216720856716124,0.062173105694390274,1.79297619649305,0.22218511644449945,-0.6044181904228281,0.3716712041904282,0.8995493102718827,0.07797723925050137,32.3293141646388,38.88554593927383,-0.0007504372308751423,-0.002116213863374006,0.0010318186581338182,0.016693896637793044,0.026105473189790392,0.029806173175360263,-0.008718165500879782,-0.09825523427265237,,-0.010743445519280765,2.015933504537452,-1.5342690936440833,0.49103113332155873,0.6829017676856982,0.2139546358484289,5.283958599048329,-0.9787268731376497,0.4975744463351076,-3.8598134666422044,0.40690862151054064
2024-01-23,21.01799964904785,20.635581970214844,59000,0.0,-0.0008081862841728,131020.0,2753778.3140182495,1.3865189885618532,0.1911160539948351,1.2155340122611558,0.13543832052598648,1.6336317678681866,0.10344817831436748,1.7492222197693754,0.1873602566783108,-0.406803634279637,0.19264815243499933,-0.24131962967167628,0.16226945747235044,1.963239057435081,0.40074264436416407,1.8328747644727696,0.3864002176309621,3.6139752878488065,0.1987576529194166,2.4613362078372734,0.30479300195064896,-0.609211934650915,0.3996210736014967,0.8682379504053853,0.07072390823091901,32.07285141539956,38.80429614520965,-0.004021642606149232,-0.0024865719698316936,0.0010055328732437236,0.012178613030211406,0.025970392093792153,0.02959021540411286,-0.040142473206789986,-0.11207806729521907,,-0.01940634966229986,2.067841673251107,-1.6252114612294135,0.49001255684095896,0.8213312606649922,0.22294582792368356,0.5504829152128822,3.1166775371189366,2.726220042819847,-3.7601359095508435,0.4537207590192429
2024-01-24,20.211000442504883,19.843265533447266,101000,0.0,-0.0383956237519267,132460.0,2677149.118614197,1.365598627095136,0.18048882440347291,1.1506622166795677,0.11911568790405147,1.761921189486696,0.11613142167853674,1.758998180468109,0.18380822891788606,-0.38992520066863195,0.18178729647356817,-0.24420276504131302,0.1743315418366378,1.8815343716286697,0.3412442353165156,1.671471799214202,0.3028197131932504,3.7934281778253167,0.2182918486467632,2.4362900759536545,0.2711087064050468,-0.5419955611842838,0.33908749648374514,0.8326437460162334,0.061006710396663055,22.283136718191514,35.14417210938148,-0.008363559703774193,-0.00329815729822898,0.0004505870052835768,0.015797679920978636,0.026554769138854767,0.029747908479421655,-0.08161037531095072,-0.14247527544027072,,-0.02141228735724566,2.2210247400855883,-1.9435443181829717,0.710368649942997,0.875119352633486,0.2306229127576792,0.7017927520980621,2.609420798312806,3.866311527276334,-3.598352739781216,0.4220916680093968
2024-01-25,20.239999771118164,19.87173652648925,55800,0.0,0.0014348289534591,126640.0,2563193.5710144043,1.3441946051504277,0.17550804328759229,1.1237591084624932,0.11422850531356432,1.710104768455883,0.10953516428397847,1.7334263645633574,0.17926672596813975,-0.38531678022656196,0.1767697580033668,-0.24146965583081859,0.16864056692905482,1.8803954238465388,0.3434321319187782,1.7130141136520374,0.32155687154082047,3.7155692589795075,0.21381780083489865,2.549584517518999,0.29636378683248443,-0.543372031633497,0.33795593460869233,0.8218221551041319,0.05967692380626488,23.265081629110284,35.374171270930496,-0.006456999202124393,-0.003496341410379715,0.0004642570323415702,0.015705192381769397,0.02648591891974767,0.029537901028874314,-0.06378647223161804,-0.1495441004750141,,-0.02084166399179635,2.1043418228658544,-1.89420180673664,0.64831151439947,0.9744429674875571,0.22451560038103158,1.0882413716163724,2.161120893282334,3.5692278588955055,-3.378348765120345,0.4171243290818921
2024-01-26,20.69499969482422,20.318458557128903,31900,0.0,0.0224802336389018,122860.0,2542587.6625061035,1.0762955264432543,0.10822774410335112,0.8787704497996558,0.07245493836241024,1.574370458871027,0.10100902317078686,1.4417955246358714,0.12359483045336839,-0.29517613528170783,0.1082732276930346,-0.23903035978921736,0.15304085626885966,1.6052570410499172,0.24817312677692183,1.4862216294409998,0.24109348309921974,3.5309234578348776,0.18616162090935195,2.259568839576039,0.22645506393198633,-0.4597523735665483,0.24428718559713103,0.7342357884205335,0.04759636688538782,37.67884865378416,38.94144508954709,-0.00421823070091905,-0.003042132944982493,0.0007658457529793816,0.018148228053839054,0.026769189634054252,0.029445024776956995,-0.04282875827556487,-0.13337519170332068,,-0.02081105813412859,1.5392267103799555,-1.5322340318181753,0.8257088393029219,0.8819754690972285,0.15702648848551548,-0.26730131122425244,3.0902624764968833,3.960010967498434,-3.3462265533128437,0.3333987172794838
2024-01-29,21.15999984741211,20.77499771118164,44900,0.0,0.0224692031623554,120370.0,2547029.1816329956,1.211232353058642,0.12328155057238555,0.9696030557630858,0.081778777505492,1.6031593878876949,0.10245419390110644,1.6477322375496946,0.14334144824444406,-0.29852663975869487,0.12455439813182856,-0.2400554389252644,0.16280636316958141,1.706829800180328,0.2843705182144768,1.5864059361131928,0.27627468859379767,3.6586502396390834,0.19523527014934194,2.398130849848053,0.266959985396634,-0.49302129187399313,0.2774956089251749,0.8111287745014274,0.05840144303553474,49.08241773031192,42.3558619427286,-0.0002553847339632303,-0.0027514297029056466,0.001059134366619598,0.019298621508505396,0.02698261007137069,0.02935128599351971,-0.004235301298253669,-0.12290156072903169,,-0.01973571395746694,1.3660009196796825,-1.6535543227375407,0.4260033701208871,1.6981136265758328,0.1745184033922732,-0.035179984231199335,2.4460743661210302,3.2992005396641377,-2.2312197673703005,0.3478004765095787
2024-01-30,21.165000915527344,20.7799072265625,64400,0.0,0.0002363453757701,116100.0,2457256.6062927246,1.2023548723479562,0.12825021728203967,0.930753400409334,0.07800491518933916,1.4664303279721795,0.0801778676991074,1.57512410530395,0.13355763844322022,-0.31348408790925814,0.12995710279854455,-0.2140023724946419,0.13864908350408212,1.608288243515162,0.26369435913571093,1.5711513267271466,0.27444694665514613,3.679256686006912,0.20101167597155178,2.4336887636614053,0.27478523937442245,-0.4865759081110078,0.25957041709294326,0.7737145533027419,0.05572976947903063,49.19905399243792,42.39224087725878,0.0011753076218582598,-0.0032372894207380936,0.0010481638467416047,0.018681079410488258,0.02673366819351268,0.02915244674420575,0.01021434297753232,-0.1404377366418006,,-0.021469368518575702,1.7167734048180139,-1.8262443925770078,0.1172281936410733,1.5995763877122544,0.1721070735381145,-1.1041704192380792,3.20412647043256,3.453888883872673,-1.877631383411657,0.35535142255953966
2024-01-31,20.38999938964844,20.019006729125977,48700,0.0,-0.0366171269716477,103765.0,2115768.2866668706,1.3060801699004336,0.16253227528568492,1.0550578905517078,0.10641849709866069,1.7172449094570257,0.11138379782436958,1.7639850316685628,0.1755856389709396,-0.3661180075803923,0.16401400323893378,-0.24763000251751982,0.19698919332044407,1.5471182096081695,0.2897924215602635,1.5291499061117992,0.3021309265614812,3.283005685191653,0.22441195017665871,2.251463611180647,0.2957515468916776,-0.5558365165881968,0.2861141674359329,0.8909624989412422,0.08316699367918245,34.7906719884926,38.44442176130422,-0.0005294586611419398,-0.004159407886155768,0.0005525679149206928,0.021368993184978,0.027208381596187117,0.029277984574167918,-0.007351198766876399,-0.1736575473111368,,-0.01941205517994428,1.5923944478164267,-1.9548056869135948,0.08410461805584299,2.1084393754006805,0.2163179285011435,-1.0854469040108743,3.0228565000701355,2.7125477863889618,-1.705526573581622,0.3553231755628604
2024-02-01,20.8799991607666,20.50009155273437,34000,0.0,0.024031377429414,96755.0,2020244.3187999725,1.3183322348652513,0.1674084632887063,1.0697365620800718,0.113176536342952,1.7238593637403905,0.11539981513259379,1.7703935478371073,0.18128134333420143,-0.37326249350596097,0.1686722015522314,-0.2538538933624654,0.20299839382625473,1.3911891760412178,0.232257941879897,1.3852641663236966,0.2416026046595765,3.638637299285253,0.3890665333886699,2.0625603123397838,0.2851596740914646,-0.49454467264103696,0.228536249200882,0.9418650931325905,0.09317708341604658,46.374890990101065,42.028426525523464,0.0016838170653454298,-0.0032852109709336987,0.0008574875190050216,0.022749989098716734,0.027515882961943246,0.029207543163518253,0.014577222457371475,-0.14292752732702485,,-0.013600521444842615,1.4676661027376965,-1.8365860082270264,0.07619874253726916,2.158095469252334,0.21814500998202613,-0.27453656611593935,0.6337899334276409,3.5223912543035896,-0.35885638795652247,0.3917280330364915
2024-02-02,21.21999931335449,20.83390617370605,38300,0.0,0.0162835328665504,84610.0,1795424.1419029234,1.3120039603811862,0.1656566257950992,1.0167097148256938,0.10984951455830871,1.6463361359525936,0.10583275747425525,1.7454261042200627,0.17952554109820906,-0.3709426153438932,0.16690751953825,-0.2511243111353087,0.20017185076503285,1.2570029889270793,0.20589380249562395,1.1882129844161566,0.21633142261045124,3.024489876382959,0.29619706672044066,1.8834471619046533,0.26470384102463507,-0.4870161833402005,0.20310005204714687,0.9608714643426747,0.10471225558400277,53.117090703032005,44.38752422138223,0.0017718426717284602,-0.0034760835100110772,0.001055257331153039,0.02281059373001523,0.027347148704096772,0.029069785262338273,0.01545676241227878,-0.1496353726411429,,-0.013639590359827628,1.2976785448670405,-1.6966966493697375,-0.09948038084529807,2.3389609826668845,0.21470826059773973,-1.5781158635980341,1.8529524728998517,2.5770540330005174,0.1526790983234595,0.3527018803631715
2024-02-05,20.68000030517578,20.30373191833496,82800,0.0,-0.025447644941198,77650.0,1605802.0236968994,1.2052162731635638,0.14115232818070345,0.8953673053923875,0.0862583455210697,1.4604868211474564,0.0841490375935664,1.587143449492206,0.14089448938450044,-0.3461133221871699,0.1434931321693712,-0.22825179239218404,0.16797972122441007,1.3426727704653947,0.22195270258475075,1.2513336746797388,0.2267394591649078,3.059481189210366,0.32063244778205446,1.9986333285286677,0.28180014309808654,-0.49217763222174876,0.22005151306804704,1.043990211834621,0.11762604994118964,43.08071393660917,41.56667864816968,-0.0014333060522494397,-0.004154494399423844,0.000719777555553659,0.02426183829924974,0.02753419828802521,0.02903634959120142,-0.016876612541549596,-0.1737914607325849,,-0.014291684166872584,1.698333897507726,-1.5789765830914222,0.17708050306908962,1.384727304269557,0.17991735582976576,-1.4747177081326066,1.7773760533623753,2.61592631363917,0.1789988449657479,0.37766307102364116
2024-02-06,20.9950008392334,20.613000869750977,162400,0.0,0.0152321339172698,81275.0,1706368.6932086945,0.9789527278284736,0.12652701560810486,0.6923654046876818,0.07084470312441693,1.122951994125817,0.06724236784338455,1.3329810229493908,0.13484657117023569,-0.38051193280123036,0.1276871147517159,-0.2733643163780481,0.17660722065127044,1.155427767758897,0.31183366495329334,0.9680524256781934,0.26473902329902843,2.62791119875289,0.4352179276822735,1.802899633335639,0.42776871001251804,-0.801597270471457,0.3076592145648357,1.0124945448718026,0.10999317259264396,49.566027397007886,43.75596459396219,0.00017072596789482024,-0.0037081142834146413,0.0009011820100751107,0.024831315592227492,0.027696297118751104,0.028897576546917582,-0.0010942435150099739,-0.15824708064845572,,-0.004277396132255025,1.1434912253513079,-1.666465164866219,-0.3090261796776292,2.227716301946128,0.18413093456424756,-0.01683302591462464,-0.9420150786640621,1.1189376246090408,2.5939753364994407,0.5386148183822937
2024-02-07,20.93000030517578,20.93000030517578,74900,0.382,-0.0030960005458132,80330.0,1681306.9245147705,0.9586461926567924,0.1232143009583756,0.6597308827457579,0.06657611770306504,1.1114326313211311,0.06638836945436166,1.2762148968749303,0.12803888702209898,-0.3786478569386675,0.12455843236326203,-0.2745967733048924,0.17735572296591562,0.9747474177938009,0.2223312224585019,0.7709232522783148,0.17602860790424135,2.3428863630359564,0.3747634535353018,1.5106652329594317,0.32674847281659614,-0.6738620416195844,0.2180154556297038,1.1274582808161655,0.14478801532954755,48.24273483333727,43.403623870333945,0.0037006882885061696,-0.0047249699005688815,0.0008518340772863661,0.020944503224584382,0.02683772372940348,0.028719833022712915,0.03557467947795412,-0.19282683922691546,,-0.0044133330572674045,1.2694337798566266,-1.709721962293447,-0.2465747971236657,2.053005876103041,0.18186826985868865,0.2195258236378667,-1.148855609157164,1.0519474497645702,2.315986795997313,0.4569506380523666
2024-02-08,21.15999984741211,21.15999984741211,70000,0.0,0.0109889889576089,77830.0,1646882.7881240845,0.9265809147384529,0.11594129532064235,0.6708989119145308,0.07003912887203878,1.121045172861858,0.06887049734376505,1.2576529100028768,0.12631455727867846,-0.3688064910373708,0.11730294203255909,-0.28032176142424103,0.18163328075585705,0.9694199261243586,0.21630411866196642,0.7716680969673183,0.17317585127114732,2.327298865430409,0.3618269524471194,1.5497057936619234,0.3334162712136959,-0.6600451267766629,0.2127075099781538,1.421624517929702,0.2666894038765846,53.38073397552187,45.04765911234428,0.00465610428892115,-0.002654426788905106,0.0009754579172902995,0.021047319567267582,0.02445566889292883,0.028563944600690273,0.045454549738026984,-0.11686140834934733,,-0.004609788697741315,1.0606302104474163,-1.5505756000725854,-0.25460790917469767,2.1009589254683747,0.16621264906757882,-0.02103498334572521,-1.285351783120284,0.8935323611737087,2.913413450810896,0.47258460369006083
2024-02-09,20.64999961853028,20.64999961853028,114300,0.0,-0.0241020903856107,77585.0,1602130.2204036717,0.8793037225912779,0.10394959602314757,0.6166167921268784,0.059360394237518044,1.1233603072339524,0.06811549318980492,1.2188360088202135,0.11748811933382441,-0.3484857131452184,0.10517061950450346,-0.28233660525306964,0.1867560177088412,0.8961546033013249,0.18208135276071324,0.705809672405005,0.14287350674119503,2.3853398209217636,0.3658194233830079,1.5226264878338742,0.3115609064339544,-0.601813014399807,0.17962992912560305,1.3472143957618377,0.23997860622557465,42.47317393476085,42.19397659348596,-2.128113530099063e-06,-0.003415107015387067,0.0006733187811107693,0.02180532511770953,0.024617414015207437,0.02852237460254286,-0.0021744419887665956,-0.14485675810613252,,-0.004510465234448139,1.0308960874481328,-1.670203206708393,-0.2530968350507321,2.257031584590739,0.16330061381242633,-0.177674172668746,-1.4270571757256614,0.9116498130150362,3.278845575710399,0.4857597427822019
2024-02-12,21.14999961853028,21.14999961853028,85700,0.0,0.0242130755078235,76475.0,1617446.2208271031,0.8352333371169345,0.09120286160065438,0.5589366261148722,0.04808539408909718,1.0939909611952419,0.06096792465966361,1.196938358493477,0.10880799458722246,-0.3207306698879031,0.0918412479237879,-0.27405902456308934,0.18614266774247634,0.766423927507704,0.12581468464285406,0.5341172216545864,0.07972854148124964,2.296006831978374,0.3104225483276679,1.4280511664767286,0.25400839609064585,-0.4854420644767124,0.12376354041861681,1.2959722023652935,0.2158996458423772,53.37111642205375,45.73280674894481,0.00017225912101671083,-0.0027222591660373656,0.0009535539802383018,0.02201101007182649,0.024981793250452432,0.02846613786730981,-0.0004726006121901216,-0.11985022829049552,,-0.002663711925111653,0.9555917129995556,-1.8241867918359371,-0.3513257386333122,2.598000669977694,0.16400290109419757,0.15224544283707644,-2.2055473029755492,0.5960787964963314,4.031336368288603,0.4934136299430226
2024-02-13,20.190000534057617,20.190000534057617,50900,0.0,-0.0453900284533134,70490.0,1423193.1376457214,0.9692386108624275,0.1147334834366881,0.6451139849049196,0.06112456962056323,1.24200985436069,0.0757903366034206,1.3630915102315235,0.13509710135499886,-0.3498211974272061,0.1165545894766189,-0.3069016748671443,0.22357057488035403,1.0190985277035518,0.21888308946472523,0.7515363013470538,0.1463975100640148,2.879570700380497,0.4488650737051262,1.7002647298537121,0.3657186644489746,-0.6415351453128697,0.21859001039145554,1.3776253643013312,0.24959158532330195,37.470571208319875,40.70864733929267,-0.004390378261891639,-0.004090312376929752,0.0004083353633729877,0.026306109181703202,0.02571459891693974,0.028739201630591293,-0.04606663544977374,-0.1698190465703644,,-0.0020329886004781714,1.2324033470638647,-2.1138454411232663,-0.3935337528633267,2.8420392883559455,0.20326111633163957,0.17309071772828652,-2.3850544027182368,0.9347103969474491,4.235781877964493,0.6293715372791724
2024-02-14,20.940000534057617,20.940000534057617,42100,0.0,0.037147101543403,68995.0,1444755.3368473053,1.04021863598942,0.12884252949359332,0.7244006603877252,0.07823702143645339,1.3146039034042265,0.08249054980840076,1.4595269333487089,0.15221930044308818,-0.3670408523615313,0.1313819802907551,-0.30266791486287403,0.22477346533906706,1.1246863354971715,0.242815330905371,0.889368629168591,0.19693476656126296,3.070892402272802,0.45510190336032685,1.8477845072635684,0.3836928326825988,-0.6485018882183661,0.2445300102696204,1.4607850291465687,0.2629225632976486,50.8240814425836,45.610190547372014,0.0029860445896134303,-0.003401660332672201,0.000835530318954732,0.02660573283638246,0.026429766739814294,0.028843012405984744,0.026974063799550585,-0.14600325680550852,,-0.004260472324460145,0.9846491152935307,-1.879504407606959,-0.45340994701439075,3.021317557823108,0.2056214812543481,-1.1885236653890598,-1.3852512527252756,1.329420214295259,4.6565556875456044,0.6006162808180892
2024-02-15,21.540000915527344,21.540000915527344,73000,0.0,0.0286533126154349,67390.0,1451580.6616973877,1.0125534478488487,0.11192128077223029,0.6761348903186488,0.06589933954299654,1.303917007102659,0.07794451534829816,1.4654980512164903,0.14037886313707026,-0.32670489684557336,0.11358942440451447,-0.29328267289589793,0.22325510481941613,1.0774178575037496,0.20922221535073382,0.7993897843966906,0.14836875005624917,3.1047057003112646,0.4726243832477185,1.8499758985811185,0.3602888778796356,-0.581666601749978,0.20918212586362406,1.4911273730837642,0.26886235473608844,58.99678812264304,49.14187112650393,0.0034482381082155205,-0.0031855299706205773,0.001155274943052205,0.02704841659554139,0.026658375948640393,0.028829506933193985,0.03160928071304148,-0.13839996337890625,,-0.0033436608615810192,1.0643952109079358,-2.1167318741155863,-0.45787576946928465,3.331938507462241,0.20313787067197764,-1.1055261303323956,-1.5096218616936985,1.323069557587686,4.680377805702421,0.6180575752582935
2024-02-16,20.51000022888184,20.51000022888184,57700,0.0,-0.047818042844326,67325.0,1380835.7654094698,1.1025766186219146,0.12932627680665265,0.7772350287811355,0.08392077859417046,1.396020640314652,0.085138384420677,1.593557244378636,0.1624447339934919,-0.3479571070816216,0.1318816517319662,-0.2950100521858589,0.2357043513253535,1.3559286625466873,0.27296207394205974,1.0170658487744777,0.21024097547943688,3.4276171038117282,0.47261716106766316,2.174082793199179,0.4310677948284487,-0.6041002116006838,0.2733868097580513,1.581420563304705,0.2919740746491205,44.26369653713064,43.9928861846377,-0.00296191946287212,-0.004157388860189725,0.0005987599681956346,0.030978733087292664,0.027530591050046727,0.029134884863208334,-0.03345895888063588,-0.17381673319017,,-0.004705047704657679,1.02001686777717,-2.1581163816896023,-0.5620419335422588,3.6138878426373506,0.22074022429996398,-0.9665088291097313,-1.7251160494929731,1.1138459691846696,5.242584676256399,0.6418876012832937
2024-02-20,20.577999114990234,20.190000534057617,38200,0,0.003315401528501294,66500.0,1368436.9411468506,1.0716683942004,0.12446658718770909,0.7347550573616751,0.07796171760945159,1.3905913529717442,0.08449565103936585,1.5306106242400528,0.1542990721350591,-0.34448487480556483,0.1267547984852595,-0.2939053410649534,0.2339329565111845,1.3763766373423545,0.2493457090907879,0.9122263744300685,0.16932264800533448,3.495669437524693,0.46264163961736626,2.099494747913592,0.38811684476233355,-0.5439011311447919,0.24994924181453382,1.5310472082816804,0.27856524821364226,45.31551483491701,44.39673961334426,-8.561481590219042e-05,-0.004054471900466342,0.0006292840306709791,0.029978145294278384,0.02755072690402477,0.02897030397857469,-0.0049323592205179345,-0.17024194564333106,,-0.0019468808542390875,1.1590309156721892,-2.318483296112986,-0.5382141657446172,3.6163562165042205,0.2204662421817445,-0.06703905895712094,-2.243787298081624,1.1837265325046782,4.849528043534665,0.6245314867324665
