Date,Close,Adj Close,Volume,Dividends,Returns,ADV_20,Dollar_ADV_20
2021-11-09,30.75,21.836238861083984,23800,0.0,,,
2021-11-10,31.64299964904785,22.47037696838379,73600,0.0,0.0290406389934261,,
2021-11-11,31.53400039672852,22.392972946166992,27600,0.0,-0.0034446561175692,,
2021-11-12,31.354999542236328,22.26586151123047,59100,0.0,-0.0056764397869024,,
2021-11-15,31.39999961853028,22.29781723022461,63300,0.0,0.0014351802567666,49480.0,1553671.981124878
2021-11-16,31.09000015258789,22.077680587768555,75400,0.0,-0.0098725945767031,53800.0,1672642.0082092285
2021-11-17,31.59000015258789,22.432741165161133,26900,0.0,0.0160823415100042,49957.142857142855,1578146.1504799975
2021-11-18,32.290000915527344,22.929826736450195,84400,0.0,0.022158935092063,54262.5,1752136.1746788025
2021-11-19,32.53300094604492,23.10238647460937,112000,0.0,0.0075255504375264,60677.77777777778,1974030.201848348
2021-11-22,33.71900177001953,23.9445915222168,256700,0.0,0.0364553158173621,80280.0,2706961.462097168
2021-11-23,34.70000076293945,24.64122009277344,1115200,0.0,0.0290933580896262,174363.63636363635,6050418.314847079
2021-11-24,34.02000045776367,24.158336639404297,808200,0.0,-0.0195965501505706,227183.3333333333,7728777.103996277
2021-11-26,34.04999923706055,24.17963981628418,603800,0.0,0.0008817983213762,256153.84615384616,8722038.266108586
2021-11-29,34.2400016784668,24.314563751220703,438900,0.0,0.00558010119423,269207.14285714284,9217653.023283822
2021-11-30,34.577999114990234,24.554584503173828,478000,0.0,0.0098714199753091,283126.6666666667,9789953.629430136
2021-12-01,36.93999862670898,26.231889724731445,796700,0.0,0.068309317258753,315225.0,11644411.06710434
2021-12-02,36.83000183105469,26.153779983520508,1054700,0.0,-0.0029777152069184,358723.5294117647,13211788.245077694
2021-12-03,38.75,27.5172119140625,1760000,0.0,0.0521313622994823,436572.2222222223,16917173.611111112
2021-12-06,38.13999938964844,27.08403778076172,1000500,0.0,-0.0157419512348789,466252.63157894736,17782875.08384303
2021-12-07,35.970001220703125,25.543073654174805,980800,0.0,-0.0568956005157742,491980.0,17696521.200561523
2021-12-08,34.90999984741211,24.79034423828125,537800,0.0,-0.0294690391247725,517680.0,18072208.7210083
2021-12-09,36.810001373291016,26.13957405090332,1150900,0.0,0.0544257099451048,571545.0,21038572.234897614
2021-12-10,37.25,26.45203018188477,1199400,0.0,0.0119532358134668,630135.0,23472528.75
2021-12-13,37.970001220703125,26.96331596374512,1076600,0.0,0.0193288918309564,681010.0,25857950.531311035
2021-12-14,38.380001068115234,27.254467010498047,931800,0.0,0.0107979940540154,724435.0,27803816.07378006
2021-12-15,37.5099983215332,26.636659622192383,1512900,0.0,-0.0226681272113042,796310.0,29869586.763420105
2021-12-16,38.9900016784668,27.687641143798828,1313700,0.0,0.0394562362879118,860650.0,33556744.94457245
2021-12-17,36.63999938964844,26.01885414123535,1306500,0.0,-0.0602719206887392,921755.0,33773102.6374054
2021-12-20,37.59999847412109,26.70056915283203,554200,0.0,0.0262008488118008,943865.0,35489322.559776306
2021-12-21,36.119998931884766,25.64958953857422,544100,0.0,-0.0393616915504655,958235.0,34611447.1764946
2021-12-22,36.2599983215332,25.749006271362305,205300,0.0,0.0038759522089812,912740.0,33095950.867996216
2021-12-23,35.900001525878906,25.49336624145508,220900,0.0,-0.0099282077307905,883375.0,31713163.84792328
2021-12-27,36.4900016784668,25.912336349487305,154100,0.0,0.0164345439418041,860890.0,31413877.54497528
2021-12-28,37.20000076293945,26.416522979736328,421500,0.0,0.0194573596002773,860020.0,31992744.65614319
2021-12-29,37.560001373291016,26.672168731689453,496500,0.0,0.009677435563663,860945.0,32337095.38232804
2021-12-30,36.77999877929688,26.11827087402344,359400,0.0,-0.0207668414663264,839080.0,30861361.375732426
2021-12-31,37.13999938964844,26.37391471862793,233300,0.0,0.009787945141374,798010.0,29638090.91293335
2022-01-03,36.119998931884766,25.64958953857422,269800,0.0,-0.027463663826768,723500.0,26132819.227218628
2022-01-04,37.650001525878906,26.7360782623291,678400,0.0,0.042358877055324,707395.0,26633422.82939911
2022-01-05,40.459999084472656,28.731517791748047,1497600,0.0,0.0746347262871234,733235.0,29666687.428703308
2022-01-06,40.7400016784668,28.930355072021484,1858000,0.0,0.0069204794940689,799245.0,32561242.641506195
2022-01-07,41.18999862670898,29.249906539916992,908600,0.0,0.0110455800123354,787130.0,32421883.619041443
2022-01-10,41.13999938964844,29.21440315246582,1790300,0.0,-0.0012138683837713,816675.0,33598009.00154114
2022-01-11,39.95000076293945,28.369356155395508,848900,0.0,-0.0289255868829305,805290.0,32171336.114387512
2022-01-12,41.06999969482422,29.16469383239746,917900,0.0,0.02803501653306,804595.0,33044716.40445709
2022-01-13,43.2400016784668,30.70565795898437,1764200,0.0,0.0528366690958619,817160.0,35333999.77157593
2022-01-14,43.04999923706055,30.57073402404785,2007800,0.0,-0.0043941358471516,851865.0,36672787.60007858
2022-01-18,44.83000183105469,31.834753036499023,1831000,0.0,0.0413473316037085,878090.0,39364776.30783081
2022-01-19,45.52000045776367,32.32473373413086,1728100,0.0,0.0153914476584073,936785.0,42642453.62882614
2022-01-20,45.45000076293945,32.2750244140625,2114900,0.0,-0.0015377788690746,1015325.0,46146522.0246315
2022-01-21,47.84999847412109,33.97931671142578,2913500,0.0,0.052805229282606,1150735.0,55062667.99411774
2022-01-24,46.70000076293945,33.16267776489258,7147500,0.0,-0.0240333907597426,1497065.0,69912936.64216995
2022-01-25,48.22999954223633,34.24916458129883,3688100,0.0,0.0327622859593412,1673765.0,80725685.18381119
2022-01-26,49.47999954223633,35.13681411743164,2898800,0.0,0.0259174789936571,1797630.0,88946731.57711029
2022-01-27,51.34000015258789,36.457645416259766,2606900,0.0,0.0375909585197926,1903150.0,97707721.29039764
2022-01-28,49.36000061035156,35.05160140991211,4686400,0.0,-0.038566410914522,2119500.0,104618521.29364014
2022-01-31,44.75,31.77794075012207,3442300,0.0,-0.0933954731229231,2279950.0,102027762.5
2022-02-01,43.7400016784668,31.06071853637696,3090600,0.0,-0.0225697948945967,2420990.0,105894106.66355132
2022-02-02,45.97999954223633,32.651390075683594,3903300,0.0,0.0512116547282228,2582235.0,118731164.11794662
2022-02-03,48.540000915527344,34.46929931640625,3997400,0.0,0.0556764114566692,2707225.0,131408703.97853851
2022-02-04,45.959999084472656,32.63718795776367,3515800,0.0,-0.0531520762750825,2790115.0,128233682.84557344
2022-02-07,46.060001373291016,32.70820236206055,2157200,0.0,0.0021758548914363,2852545.0,131388226.61737442
2022-02-08,46.040000915527344,32.69399642944336,2129900,0.0,-0.0004342261651617,2869525.0,132112933.6271286
2022-02-09,43.65999984741211,31.00390815734864,2954500,0.0,-0.0516942011465634,2974805.0,129879985.84608078
2022-02-10,44.959999084472656,31.92706680297852,5190700,0.0,0.0297755208796135,3188445.0,143352484.28089142
2022-02-11,46.16999816894531,32.786312103271484,3517200,0.0,0.0269127915727769,3276095.0,151257300.1512909
2022-02-14,46.5,33.02065658569336,2517300,0.0,0.0071475383180035,3301570.0,153523005.0
2022-02-15,44.0,31.24535179138184,2646400,0.0,-0.053763440860215,3342340.0,147062960.0
2022-02-16,45.31999969482422,32.182708740234375,2040600,0.0,0.0299999930641867,3357965.0,152182972.7752304
2022-02-17,48.34000015258789,34.32727813720703,3331900,0.0,0.0666372567983175,3418815.0,165265517.62166977
2022-02-18,50.59000015258789,35.925048828125,5101900,0.0,0.0465453039490639,3528235.0,178493409.18836594
2022-02-22,51.68999862670898,36.70618438720703,4065400,0.0,0.0217433973276006,3374130.0,174408775.0663376
2022-02-23,53.650001525878906,38.0980224609375,3012100,0.0,0.037918416545617,3340330.0,179208709.5969391
2022-02-24,49.54999923706055,35.1865234375,5695800,0.0,-0.0764212893235549,3480180.0,172442916.34483337
2022-02-25,48.0,34.08583450317383,2889800,0.0,-0.0312815188885258,3494325.0,167727600.0
2022-02-28,45.959999084472656,32.63718795776367,2709200,0.0,-0.0425000190734863,3395465.0,156055568.29135895
2022-03-01,47.459999084472656,33.702369689941406,3226300,0.0,0.0326370763681491,3384665.0,160636197.80124664
2022-03-02,47.869998931884766,33.9935188293457,2109100,0.0,0.0086388507231607,3335590.0,159674689.7372055
2022-03-03,50.959999084472656,36.18779373168945,2301700,0.0,0.0645498270636002,3255510.0,165900786.61949158
2022-03-04,53.459999084472656,37.96309661865234,2133800,0.0,0.0490580856537288,3162330.0,169058158.90480042
2022-03-07,55.25,39.23421859741211,2323600,0.0,0.0334829956262989,3102720.0,171425280.0
2022-03-08,54.70000076293945,38.84365081787109,2480900,0.0,-0.0099547373223628,3118905.0,170604105.87953568
2022-03-09,51.970001220703125,36.9050178527832,1948400,0.0,-0.0499085832570219,3109830.0,161617868.8961792
2022-03-10,53.68000030517578,38.11932373046875,1781400,0.0,0.03290357984043,3051175.0,163787074.9311447
2022-03-11,57.25,40.65446090698242,2081200,0.0,0.066505210032199,2895700.0,165778825.0
2022-03-14,60.61000061035156,43.040470123291016,3148100,0.0,0.0586899669930403,2877245.0,174389821.20613098
2022-03-15,58.16999816894531,41.30777359008789,2527000,0.0,-0.0402574231452741,2877730.0,167397548.830719
2022-03-16,52.27000045776367,37.1180534362793,5709900,0.0,-0.1014268161749989,3030905.0,158425405.7374382
2022-03-17,49.65999984741211,35.2646369934082,3232000,0.0,-0.0499330512242973,3090475.0,153472988.02843094
2022-03-18,47.369998931884766,33.638458251953125,4831900,0.0,-0.0461135908691848,3165475.0,149948547.36890793
2022-03-21,48.619998931884766,34.52610778808594,4420400,0.0,0.0263880098835853,3131400.0,152248664.65530396
2022-03-22,46.34000015258789,32.90703201293945,3962800,0.0,-0.0468942581115867,3126270.0,144871352.27703094
2022-03-23,47.16999816894531,33.49643325805664,4273400,0.0,0.0179110490639708,3189335.0,150440926.1101532
2022-03-24,46.630001068115234,33.11296844482422,3006300,0.0,-0.0114478931904132,3054860.0,142448125.0629425
2022-03-25,48.0099983215332,34.09293365478516,3713200,0.0,0.0295946219559832,3096030.0,148640395.10341644
2022-03-28,46.08000183105469,32.72240447998047,3450500,0.0,-0.0401998866476294,3133095.0,144373023.3368683
2022-03-29,43.09000015258789,30.59913825988769,4722500,0.0,-0.0648871866244533,3207905.0,138228626.93948746
2022-03-30,44.68999862670898,31.735332489013672,4847700,0.0,0.0371315495116097,3344835.0,149480671.55656815
2022-03-31,46.2599983215332,32.850223541259766,2928900,0.0,0.0351308960185536,3376195.0,156182775.0331688
2022-04-01,45.36000061035156,32.211116790771484,3592100,0.0,-0.0194552041469208,3449110.0,156451631.70516968
2022-04-04,43.38999938964844,30.81217384338379,2967700,0.0,-0.0434303614240594,3481315.0,151054255.72517395
2022-04-05,45.880001068115234,32.580379486083984,4225600,0.0,0.0573865340745047,3568550.0,163725077.81162262
2022-04-06,47.93999862670898,34.04322814941406,5627600,0.0,0.0448996841899675,3752510.0,179895324.24671173
2022-04-07,48.41999816894531,34.38408660888672,3622300,0.0,0.0100125063826952,3844555.0,186153346.06040955
2022-04-08,50.02999877929688,35.527381896972656,2960100,0.0,0.0332507367045742,3888500.0,194541650.2532959
2022-04-11,50.59999847412109,35.93214797973633,3204600,0.0,0.0113931582796698,3891325.0,196901039.06230927
2022-04-12,50.66999816894531,35.98185729980469,3263100,0.0,0.0013833932200615,3928130.0,199038339.90737915
2022-04-13,49.13999938964844,34.8953742980957,2356300,0.0,-0.0301953588826964,3760450.0,184788510.70480347
2022-04-14,51.290000915527344,36.42213821411133,2297900,0.0,0.0437525753476466,3713745.0,190477984.4500351
2022-04-18,52.59999847412109,37.35239410400391,1977100,0.0,0.0255409930826724,3571005.0,187834857.5510788
2022-04-19,50.400001525878906,35.790130615234375,2217800,0.0,-0.0418250382521317,3460875.0,174428105.28087616
2022-04-20,53.5,37.99150466918945,2812500,0.0,0.0615079043703865,3403360.0,182079760.0
2022-04-21,56.04999923706055,39.80231475830078,3891500,0.0,0.0476635371413185,3384265.0,189688050.6680107
2022-04-22,56.9900016784668,40.46982955932617,3473500,0.0,0.0167707841962772,3407625.0,194200554.46958545
2022-04-25,55.040000915527344,39.0850944519043,3719000,0.0,-0.0342165415951591,3407915.0,187571644.72003937
2022-04-26,58.709999084472656,41.69123840332031,3586900,0.0,0.0666787446929342,3414735.0,200479088.7237168
2022-04-27,59.959999084472656,42.578887939453125,3295400,0.0,0.0212910921392024,3343380.0,200469061.7390442
2022-04-28,60.83000183105469,43.19669723510742,3826800,0.0,0.0145097191438638,3292335.0,200272744.07844543
2022-04-29,62.79999923706055,44.59563446044922,3142600,0.0,0.0323852925646328,3303020.0,207429653.47999573
2022-05-02,58.97999954223633,41.88297271728516,3803200,0.0,-0.0608280213572024,3313575.0,195434651.9831657
2022-05-03,59.36000061035156,42.15281677246094,2759800,0.0,0.0064428801469065,3303180.0,196076766.81610107
2022-05-04,56.16999816894531,39.88752746582031,4060200,0.0,-0.053739932759535,3294910.0,185075088.6668396
2022-05-05,61.209999084472656,43.4665412902832,4379000,0.0,0.0897276318287974,3232480.0,197860097.84057617
2022-05-06,63.84999847412109,45.34126281738281,5980300,0.0,0.0431301981561069,3350380.0,213921757.88772583
2022-05-09,70.02999877929688,49.72981262207031,4926900,0.0,0.0967893571317872,3448720.0,241513857.39013672
2022-05-10,70.33999633789062,49.94994735717773,4890600,0.0,0.0044266394973206,3533020.0,248512613.8616944
2022-05-11,77.4000015258789,54.963409423828125,6465700,0.0,0.1003697121915432,3693150.0,285849815.6352997
2022-05-12,73.0,51.83887481689453,6639000,0.0,-0.0568475638131318,3907285.0,285231805.0
2022-05-13,64.26000213623047,45.63241195678711,6223400,0.0,-0.1197259981338292,4103560.0,263694774.3661499
2022-05-16,67.95999908447266,48.25986099243164,3716000,0.0,0.0575785375854522,4190505.0,284786715.9634781
2022-05-17,64.54000091552734,45.83124542236328,3793100,0.0,-0.0503236935700122,4269270.0,275538689.7086334
2022-05-18,67.26000213623047,47.76277923583984,4415600,0.0,0.0421444248856328,4349425.0,292542334.7913742
2022-05-19,64.30999755859375,45.66791534423828,4158500,0.0,-0.0438597157886151,4362775.0,280570049.59869385
2022-05-20,65.18000030517578,46.28572463989258,4358600,0.0,0.0135282658934849,4407030.0,287250216.7449188
2022-05-23,65.5999984741211,46.58397674560547,3075700,0.0,0.006443666262333,4374865.0,286991137.3244858
2022-05-24,70.11000061035156,49.78662490844727,4872200,0.0,0.0687500341636386,4439130.0,311227407.00942993
2022-05-25,67.04000091552734,47.60655212402344,3167600,0.0,-0.0437883278861495,4432740.0,297170893.6582947
2022-05-26,64.44999694824219,45.767333984375,2692000,0.0,-0.0386337102015951,4376000.0,282033186.6455078
2022-05-27,60.06999969482422,42.65700149536133,3653200,0.0,-0.0679596192523548,4401530.0,264399905.75675964
2022-05-31,61.869998931884766,43.93522262573242,4207400,0.0,0.0299650282371424,4421740.0,273573049.07707214
2022-06-01,64.20999908447266,45.59690475463867,4363500,0.0,0.0378212411990517,4501925.0,289068600.12836456
2022-06-02,59.470001220703125,42.23093032836914,4590400,0.0,-0.0738202449985047,4528435.0,269306034.9778748
2022-06-03,62.5099983215332,44.38969802856445,3349300,0.0,0.0511181610632247,4476950.0,279854136.9855881
2022-06-06,61.9900016784668,44.02043914794922,2165300,0.0,-0.0083186155339773,4286200.0,265701545.1942444
2022-06-07,60.150001525878906,42.71381378173828,2370100,0.0,-0.0296822084653539,4158360.0,250125360.3451538
2022-06-08,58.52000045776367,41.55631256103516,2944500,0.0,-0.0270989364383298,4061055.0,237652940.45900345
2022-06-09,62.13999938964844,44.12695693969727,3177900,0.0,0.0618591747021168,3896665.0,242138760.72166443
2022-06-10,66.4000015258789,47.152076721191406,5241800,0.0,0.06855491113732,3826805.0,254099857.83924103
2022-06-13,72.33999633789062,51.37019348144531,5604700,0.0,0.0894577511371992,3795870.0,274593221.8991089
2022-06-14,71.30000305175781,50.63166809082031,2927600,0.0,-0.0143764630741082,3756450.0,267834896.46377563
2022-06-15,66.83999633789062,47.46452331542969,4029600,0.0,-0.0625526861566835,3768275.0,251871487.2001648
2022-06-16,70.66000366210938,50.17719650268555,4248300,0.0,0.0571515190531697,3759910.0,265675254.3692017
2022-06-17,67.47000122070312,47.911903381347656,3206900,0.0,-0.0451458006804046,3712330.0,250470909.63165283
2022-06-21,64.47000122070312,45.78153991699219,3894300,0.0,-0.0444642055094473,3689115.0,237837248.5533142
2022-06-22,63.459999084472656,45.06431579589844,3497000,0.0,-0.0156662341725863,3710180.0,235448019.4032288
2022-06-23,58.880001068115234,41.81195831298828,4089500,0.0,-0.0721714163635727,3671045.0,216151133.5210991
2022-06-24,56.54999923706055,40.15737533569336,3095600,0.0,-0.0395720412497824,3667445.0,207394011.95196152
2022-06-27,57.68999862670898,40.96691131591797,3649800,0.0,0.0201591406724781,3715335.0,214337671.04776385
2022-06-28,61.08000183105469,43.37422561645508,4587300,0.0,0.0587624074370529,3762040.0,229785410.08850092
2022-06-29,62.09999847412109,44.09854888916016,4100600,0.0,0.0166993551488043,3756700.0,233291064.2677307
2022-06-30,64.41000366210938,45.73893356323242,4481600,0.0,0.0371981520893422,3762605.0,242349401.82907104
2022-07-01,62.40999984741211,44.31868743896485,3180000,0.0,-0.0310511364847788,3692085.0,230423024.2866325
2022-07-05,56.7400016784668,40.29230117797852,4381000,0.0,-0.0908507960712713,3743670.0,212415842.0836258
2022-07-06,57.83000183105469,41.06633377075195,2270000,0.0,0.0192104356775433,3748905.0,216799183.01445007
2022-07-07,54.09999847412109,38.41757583618164,3013100,0.0,-0.0644994507838764,3781055.0,204555069.730568
2022-07-08,54.0,38.34656524658203,3723200,0.0,-0.0018484006828378,3819990.0,206279460.0
2022-07-11,57.75,41.009521484375,3254000,0.0,0.0694444444444444,3823795.0,220824161.25
2022-07-12,56.900001525878906,40.40591812133789,3826600,0.0,-0.0147185882964691,3753035.0,213547697.2266769
2022-07-13,57.119998931884766,40.56214141845703,3448600,0.0,0.0038663866451005,3645230.0,208215533.7064743
2022-07-14,58.400001525878906,41.47110366821289,3562800,0.0,0.0224090094175339,3676990.0,214736221.61064148
2022-07-15,56.95000076293945,40.44142532348633,2324100,0.0,-0.0248287795385915,3591715.0,204548171.99026108
2022-07-18,57.15999984741211,40.59054946899414,3026500,0.0,0.0036874290019204,3530625.0,201810524.46126932
2022-07-19,54.81999969482422,38.92886352539063,2718600,0.0,-0.0409377214631646,3506210.0,192210431.1299896
2022-07-20,52.04999923706055,36.96182632446289,5533800,0.0,-0.0505290126447264,3588185.0,186765026.5124321
2022-07-21,51.09999847412109,36.28721237182617,3943700,0.0,-0.0182516960012371,3610520.0,184497566.4907837
2022-07-22,53.900001525878906,38.27555465698242,3757900,0.0,0.0547945819054345,3593940.0,193713371.48391724
2022-07-25,54.52000045776367,38.71582794189453,2308100,0.0,0.0115027627891084,3554565.0,193794885.4271508
2022-07-26,57.16999816894531,40.59764862060547,2499700,0.0,0.0486059737514965,3497060.0,199926913.7966919
2022-07-27,53.220001220703125,37.79267120361328,2808100,0.0,-0.0690921300464169,3408100.0,181379086.16027832
2022-07-28,53.59999847412109,38.06251525878906,3493900,0.0,0.0071401210954904,3377765.0,181048198.84593964
2022-07-29,54.79999923706055,38.9146614074707,2428800,0.0,0.0223880745727786,3275125.0,179476847.50127792
2022-08-01,54.08000183105469,38.40337753295898,2756900,0.0,-0.0131386389786468,3253970.0,175974703.55819702
2022-08-02,52.72999954223633,37.44470977783203,2334200,0.0,-0.0249630592290982,3151630.0,166185448.45729828
2022-08-03,49.47999954223633,35.13681411743164,3675800,0.0,-0.061634743565601,3221920.0,159420600.12512207
2022-08-04,49.02999877929688,34.8172607421875,3260700,0.0,-0.0090945991734565,3234300.0,158577725.05187988
2022-08-05,49.16999816894531,34.91667556762695,3930400,0.0,0.0028553822788908,3244660.0,159539926.2588501
2022-08-08,48.34999847412109,34.33437728881836,2608500,0.0,-0.0166768298832704,3212385.0,155318809.8482895
2022-08-09,51.0,36.21620178222656,2998700,0.0,0.0548087199485083,3170990.0,161720490.0
2022-08-10,47.29999923706055,33.588748931884766,4430200,0.0,-0.0725490345674402,3220070.0,152309308.54328156
2022-08-11,48.77000045776367,34.63262939453125,6338700,0.0,0.0310782504104429,3358865.0,163811847.58756638
2022-08-12,46.7599983215332,33.205284118652344,4059100,0.0,-0.0412139043954119,3445615.0,161116951.61664963
2022-08-15,46.54999923706055,33.05615997314453,2731500,0.0,-0.0044909985459933,3430865.0,159706763.13245773
2022-08-16,47.84999847412109,33.97931671142578,4386900,0.0,0.0279269443258241,3514280.0,168158292.63763428
2022-08-17,50.41999816894531,35.80432891845703,4220300,0.0,0.0537095042168949,3448605.0,173878657.78541565
2022-08-18,50.900001525878906,36.14518737792969,3408800,0.0,0.0095200986585761,3421860.0,174172679.221344
2022-08-19,53.93999862670898,38.303958892822266,4055000,0.0,0.0597248921355033,3436715.0,185376402.38039017
2022-08-22,55.18000030517578,39.18450927734375,4140900,0.0,0.0229885374496987,3528355.0,194694629.9767685
2022-08-23,55.4900016784668,39.40464782714844,3747100,0.0,0.0056180023844969,3590725.0,199249336.2769127
2022-08-24,54.13999938964844,38.44598388671875,2768500,0.0,-0.0243287483867969,3588745.0,194294652.10960388
2022-08-25,52.5099983215332,37.288482666015625,3091300,0.0,-0.0301071497320128,3568615.0,187387967.6601982
2022-08-26,55.93999862670898,39.72420120239258,4790400,0.0,0.0653208991585363,3686695.0,206233713.23709488
2022-08-29,56.86000061035156,40.37751388549805,4024500,0.0,0.0164462282128716,3750075.0,213229266.7888641
2022-08-30,57.11000061035156,40.5550422668457,4188300,0.0,0.0043967639345132,3842780.0,219461168.1454468
2022-08-31,57.13999938964844,40.57634735107422,3081900,0.0,0.000525280668469,3813085.0,217879674.5726776
2022-09-01,57.25,40.65446090698242,4231100,0.0,0.0019251069570624,3861605.0,221076886.25
2022-09-02,58.83000183105469,41.77645492553711,4295400,0.0,0.0275982852585972,3879855.0,228251876.75422668
2022-09-06,59.720001220703125,42.40846252441406,3809800,0.0,0.0151283250373559,3939920.0,235292027.20947263
2022-09-07,57.470001220703125,40.81068801879883,5571400,0.0,-0.037675819725536,4068555.0,233819860.8164978
2022-09-08,55.900001525878906,39.695796966552734,4217900,0.0,-0.0273185951187806,4057940.0,226838852.19192505
2022-09-09,53.38999938964844,37.91339111328125,4330200,0.0,-0.0449016470074417,3957515.0,211291723.4345245
2022-09-12,52.15999984741211,37.03994369506836,3680500,0.0,-0.0230380137909274,3938585.0,205436592.9990196
2022-09-13,55.619998931884766,39.49696350097656,5136400,0.0,0.0663343384699861,4058830.0,225752120.26470184
2022-09-14,54.130001068115234,38.43888092041016,4106300,0.0,-0.02678888695403,4044800.0,218945028.3203125
2022-09-15,52.91999816894531,37.57963180541992,5247700,0.0,-0.0223536463198531,4096170.0,216769308.89968872
2022-09-16,55.29999923706055,39.26972198486328,4409800,0.0,0.0449735667132331,4146220.0,229285962.8366852
2022-09-19,55.61000061035156,39.489864349365234,3198700,0.0,0.0056058115292569,4103405.0,228190354.55451965
2022-09-20,56.79999923706055,40.334903717041016,3380700,0.0,0.021399004021724,4065395.0,230914432.89834976
2022-09-21,58.310001373291016,41.407188415527344,4898000,0.0,0.0265845450090294,4122940.0,240408637.0619965
2022-09-22,60.810001373291016,43.18249130249024,3849200,0.0,0.0428742915644164,4176975.0,254001855.48620224
2022-09-23,62.09000015258789,44.09144973754883,4190700,0.0,0.021049148995071,4231945.0,262761465.6957436
2022-09-26,62.83000183105469,44.61693954467773,3713400,0.0,0.0119182102858466,4178095.0,262509716.50032043
2022-09-27,61.43000030517578,43.62276840209961,4335900,0.0,-0.0222823728327019,4193665.0,257616842.229805
2022-09-28,58.45000076293945,41.50660705566406,3929100,0.0,-0.0485104920630327,4180705.0,244362210.4396248
2022-09-29,61.619998931884766,43.7576904296875,3932000,0.0,0.0542343563313563,4223210.0,260234195.68912503
2022-09-30,61.869998931884766,43.93522262573242,4986500,0.0,0.0040571243806146,4260980.0,263626828.04878235
2022-10-03,61.45000076293945,43.63697052001953,3655800,0.0,-0.0067883978696638,4229000.0,259872053.2264709
2022-10-04,57.0,40.476932525634766,4847900,0.0,-0.0724166103773794,4280905.0,244011585.0
2022-10-05,57.93999862670898,41.14444351196289,3253200,0.0,0.0164912039773506,4164995.0,241319804.5802498
2022-10-06,57.720001220703125,40.98821640014648,2765200,0.0,-0.0037969867314502,4092360.0,236211024.19555664
2022-10-07,61.52000045776367,43.68667984008789,3005700,0.0,0.0658350512248007,4026135.0,247687827.0430184
2022-10-10,63.52999877929688,45.1140251159668,2700800,0.0,0.0326722741641258,3977150.0,252668334.64508057
2022-10-11,64.5,45.80284118652344,3436800,0.0,0.0152683966526256,3892170.0,251044965.0
2022-10-12,63.7599983215332,45.27735137939453,2564500,0.0,-0.0114728942397952,3815080.0,243249494.3965149
2022-10-13,63.88999938964844,45.369667053222656,4300000,0.0,0.002038912665268,3767695.0,240718031.25038147
2022-10-14,67.58000183105469,47.99001693725586,3229300,0.0,0.0577555560597502,3708670.0,250631925.3907776
2022-10-17,62.86000061035156,44.63824081420898,3801900,0.0,-0.069843165031318,3738830.0,235022856.0820008
2022-10-18,61.79999923706055,43.88551330566406,3708700,0.0,-0.0168628915526364,3755230.0,232073211.13498688
2022-10-19,64.30000305175781,45.66082000732422,2740100,0.0,0.0404531366595559,3647335.0,234523651.63078308
2022-10-20,64.66999816894531,45.923561096191406,3022500,0.0,0.0057542006162842,3606000.0,233200013.3972168
2022-10-21,63.58000183105469,45.149532318115234,3508700,0.0,-0.0168547451484859,3571900.0,227101408.54034424
2022-10-24,64.1500015258789,45.55430221557617,2745800,0.0,0.0089650783014889,3523520.0,226033813.37646484
2022-10-25,60.0,42.60729598999024,3965400,0.0,-0.0646921500727438,3504995.0,210299700.0
2022-10-26,59.83000183105469,42.486576080322266,5161200,0.0,-0.0028333028157552,3566600.0,213389684.53063965
2022-10-27,59.81999969482422,42.47947311401367,2840300,0.0,-0.0001671759305424,3512015.0,210088736.22821808
2022-10-28,58.27000045776367,41.3787841796875,3496400,0.0,-0.0259110539111998,3437510.0,200303709.2735672
2022-10-31,59.119998931884766,41.98238754272461,1971600,0.0,0.0145872398737529,3353300.0,198247092.4182892
2022-11-01,59.119998931884766,41.98238754272461,1958000,0.0,0.0,3208805.0,189704548.1726265
2022-11-02,61.9900016784668,44.02043914794922,3046400,0.0,0.0485453788639054,3198465.0,198272850.7185173
2022-11-03,62.45000076293945,44.34709548950195,2655400,0.0,0.0074205367320137,3192975.0,199401291.1860466
2022-11-04,64.12999725341797,45.54009628295898,2966400,0.0,0.0269014646910219,3191010.0,204639462.53562927
2022-11-07,64.68000030517578,45.9306640625,1466300,0.0,0.008576377285413,3129285.0,202402154.754982
2022-11-08,64.91000366210938,46.093994140625,3104100,0.0,0.003556019725547,3112650.0,202042122.89886475
2022-11-09,68.95999908447266,48.96998596191406,1965800,0.0,0.0623940100734801,3082715.0,212584023.5776901
2022-11-10,59.09000015258789,41.961082458496094,4633900,0.0,-0.1431264365272757,3099410.0,183144137.37293243
2022-11-11,54.130001068115234,38.43888092041016,5706200,0.0,-0.0839397372087403,3223255.0,174474796.59280777
2022-11-14,56.060001373291016,39.809417724609375,3786800,0.0,0.035654909792947,3222500.0,180653354.4254303
2022-11-15,54.63999938964844,38.80104064941406,4753300,0.0,-0.0253300383313782,3274730.0,178931245.20126343
2022-11-16,57.34999847412109,40.72547149658203,2668300,0.0,0.0495973483664802,3271140.0,187599874.00863647
2022-11-17,58.45000076293945,41.50660705566406,2588700,0.0,0.0191805112133478,3249450.0,189930354.9791336
2022-11-18,59.40999984741211,42.18832015991211,2463200,0.0,0.0164242783907941,3197175.0,189944166.2621498
2022-11-21,61.66999816894531,43.79319381713867,2503300,0.0,0.0380407057286273,3185050.0,196422027.66799927
2022-11-22,61.4900016784668,43.66537857055664,2103400,0.0,-0.0029187043266226,3091950.0,190124010.6897354
2022-11-23,59.70000076293945,42.39425659179688,2195400,0.0,-0.0291104385536906,2943660.0,175736504.24583435
2022-11-25,60.209999084472656,42.75642013549805,626600,0.0,0.0085426853436456,2832975.0,170573422.15633392
2022-11-28,62.0,44.02753829956055,1370400,0.0,0.0297292965079776,2726675.0,169053850.0
2022-11-29,62.400001525878906,44.31158828735352,1767800,0.0,0.0064516375141758,2716485.0,169508668.14502716
2022-11-30,57.5,40.83198928833008,2806500,0.0,-0.0785256635586258,2758910.0,158637325.0
2022-12-01,56.810001373291016,40.34200668334961,3851800,0.0,-0.011999976116678,2799180.0,159021419.64408875
2022-12-02,56.43000030517578,40.07216262817383,2492300,0.0,-0.0066889818505424,2791025.0,157497541.60175323
2022-12-05,59.400001525878906,42.18122100830078,2262600,0.0,0.0526316002949005,2755835.0,163696603.2050705
2022-12-06,62.0,44.02753829956055,2024500,0.0,0.0437710169584482,2783745.0,172592190.0
2022-12-07,62.5,44.382598876953125,2203300,0.0,0.0080645161290322,2738705.0,171169062.5
2022-12-08,61.06999969482422,43.36712265014648,1954700,0.0,-0.0228800048828125,2738150.0,167218819.66438293
2022-12-09,61.900001525878906,43.95652770996094,1306600,0.0,0.0135909912428742,2571785.0,159193495.42423248
2022-12-12,60.75,43.13988876342773,1521400,0.0,-0.018578376373676,2362545.0,143524608.75
2022-12-13,60.790000915527344,43.16828918457031,2952700,0.0,0.0006584512844007,2320840.0,141083865.72479248
2022-12-14,61.4900016784668,43.66537857055664,1995900,0.0,0.011515064194721,2182970.0,134230828.96404266
2022-12-15,64.4800033569336,45.78863906860352,1831400,0.0,0.0486258187811021,2141125.0,138059747.18761444
2022-12-16,64.44000244140625,45.76023483276367,1300100,0.0,-0.0006203615608689,2076695.0,133822230.87005617
2022-12-19,66.4000015258789,47.152076721191406,1287900,0.0,0.0304158753912964,2017930.0,133990555.07911682
2022-12-20,66.44999694824219,47.18757629394531,1152900,0.0,0.0007529430905779,1950410.0,129604738.54782104
2022-12-21,65.4800033569336,46.49876403808594,1136500,0.0,-0.0145973459120565,1902065.0,124547222.5851059
2022-12-22,67.7300033569336,48.09653854370117,1427700,0.0,0.0343616353795093,1863680.0,126227052.65625
2022-12-23,68.9000015258789,48.9273796081543,1399400,0.0,0.0172744442781065,1902320.0,131069850.90270996
2022-12-27,57.34999847412109,50.87730026245117,1901100,13.748,-0.1676342931200026,1928855.0,110619831.30680084
2022-12-28,57.61000061035156,51.10795974731445,1109100,0.0,0.004533603193517,1895920.0,109223952.35717772
2022-12-29,54.7400016784668,48.5618782043457,1764600,0.0,-0.0498177209074542,1843825.0,100930983.59479904
2022-12-30,54.5099983215332,48.35783386230469,1637000,0.0,-0.0042017418684894,1733085.0,94470460.44107436
2023-01-03,55.97999954223633,49.66192626953125,1523600,0.0,0.0269675521182768,1684650.0,94306706.22882845
2023-01-04,53.45000076293945,47.4174690246582,2335500,0.0,-0.045194690960796,1688295.0,90239369.03806686
2023-01-05,54.81999969482422,48.63284683227539,2036400,0.0,0.0256314108948465,1688890.0,92584949.28459167
2023-01-06,54.18000030517578,48.06507873535156,2139400,0.0,-0.0116745602555861,1685695.0,91330955.61443327
2023-01-09,51.56999969482422,45.74965286254883,2473900,0.0,-0.0481727684689996,1711655.0,88270047.82764435
2023-01-10,50.380001068115234,44.6939582824707,1948200,0.0,-0.0230754049592988,1743735.0,87849371.16250992
2023-01-11,48.70000076293945,43.20357131958008,1925500,0.0,-0.0333465714481501,1763940.0,85903879.34577942
2023-01-12,47.810001373291016,42.41401672363281,2458700,0.0,-0.0182751411849201,1739240.0,83153066.78848267
2023-01-13,47.09000015258789,41.7752799987793,1950300,0.0,-0.015059636059859,1736960.0,81793446.66503906
2023-01-17,45.880001068115234,40.70184326171875,1772100,0.0,-0.0256954572213174,1733995.0,79555692.45210648
2023-01-18,47.09999847412109,41.78414916992188,3957200,0.0,0.0265910500785431,1866850.0,87928632.15141296
2023-01-19,48.58000183105469,43.09711456298828,2055900,0.0,0.031422577598315,1905250.0,92557048.48861694
2023-01-20,46.27999877929688,41.05669784545898,2438900,0.0,-0.0473446472842151,1969550.0,91150771.59576416
2023-01-23,44.27999877929688,39.28242111206055,2045200,0.0,-0.0432152128944024,2014985.0,89223533.34030151
2023-01-24,44.970001220703125,39.89455032348633,1926300,0.0,0.0155827113917821,2039915.0,91734980.04013062
2023-01-25,45.0,39.92116165161133,2806600,0.0,0.0006670842446645,2110275.0,94962375.0
2023-01-26,44.02999877929688,39.060638427734375,1801400,0.0,-0.0215555826822916,2105290.0,92695916.13006592
2023-01-27,41.59000015258789,36.896026611328125,2391900,0.0,-0.0554167316456134,2169430.0,90226594.03102876
2023-01-30,43.470001220703125,38.5638427734375,2836200,0.0,0.0452031993560417,2223010.0,96634247.41363524
2023-01-31,41.93000030517578,37.19765090942383,3137600,0.0,-0.0354267511451988,2298040.0,96356817.90130617
2023-02-01,40.02999877929688,35.512088775634766,4130100,0.0,-0.0453136539959522,2428365.0,97207447.98568726
2023-02-02,37.459999084472656,33.232147216796875,8787800,0.0,-0.0642018429476795,2750980.0,103051708.2814026
2023-02-03,38.7400016784668,34.3676872253418,6507700,0.0,0.0341698511819961,2974545.0,115233878.29267502
2023-02-06,39.310001373291016,34.87335586547852,4220900,0.0,0.0147134659299987,3078620.0,121020556.4278412
2023-02-07,38.65999984741211,34.296714782714844,4408400,0.0,-0.0165352710040999,3175345.0,122758837.2154808
2023-02-08,39.72999954223633,35.245948791503906,2814600,0.0,0.0276771779370776,3218665.0,127877558.97661208
2023-02-09,40.93000030517578,36.31051635742188,4048400,0.0,0.0302038957152201,3324810.0,136084474.3146515
2023-02-10,42.27000045776367,37.4992790222168,4860500,0.0,0.0327388258635914,3444900.0,145615924.57695007
2023-02-13,41.560001373291016,36.86941146850586,2835700,0.0,-0.0167967607471897,3489170.0,145009909.9916458
2023-02-14,40.54999923706055,35.97340393066406,4146300,0.0,-0.0243022642650718,3607880.0,146299531.247406
2023-02-15,38.150001525878906,33.844276428222656,3940900,0.0,-0.0591861345582509,3607065.0,137609535.2539444
2023-02-16,39.220001220703125,34.79351043701172,5813400,0.0,0.0280471730544595,3794940.0,148837551.43249512
2023-02-17,39.40999984741211,34.962066650390625,5756700,0.0,0.0048444319427682,3960830.0,156096309.6956253
2023-02-21,41.810001373291016,37.0911979675293,4188400,0.0,0.0608982881291866,4067990.0,170082667.48653412
2023-02-22,40.84999847412109,36.23954391479492,5697700,0.0,-0.0229610826988202,4256560.0,173880469.50500488
2023-02-23,41.41999816894531,36.745208740234375,3623100,0.0,0.0139534814226571,4297385.0,177997678.83125305
2023-02-24,42.68999862670898,37.87187576293945,4955900,0.0,0.0306615285829696,4455110.0,190188639.78183743
2023-02-27,42.27000045776367,37.4992790222168,3230300,0.0,-0.0098383270662028,4497030.0,190089460.15857697
2023-02-28,41.45000076293945,36.77182769775391,2729200,0.0,-0.0193990935875093,4491680.0,186180139.42687988
2023-03-01,42.36000061035156,37.57912063598633,3239800,0.0,0.0219541575551849,4496790.0,190484027.1446228
2023-03-02,41.880001068115234,37.153297424316406,4370900,0.0,-0.011331433789428,4508830.0,188829805.21595
2023-03-03,40.560001373291016,35.982276916503906,2995800,0.0,-0.0315186165510674,4219230.0,171131974.59423065
2023-03-06,41.33000183105469,36.66537094116211,2170700,0.0,0.0189842315506114,4002380.0,165418372.72857666
2023-03-07,42.0,37.25975036621094,3581300,0.0,0.0162109397353542,3970400.0,166756800.0
2023-03-08,42.02999877929688,37.2863655090332,2652900,0.0,0.0007142566499256,3882625.0,163186724.01046753
2023-03-09,43.86000061035156,38.90982818603516,2786200,0.0,0.0435403731668939,3881205.0,170229653.66889954
2023-03-10,45.27999877929688,40.169559478759766,8781800,0.0,0.0323756987958221,4117875.0,186457374.97329712
2023-03-13,44.08000183105469,39.10499954223633,11053600,0.0,-0.0265017001014331,4427530.0,195165530.5070496
2023-03-14,43.20000076293945,38.324317932128906,3582100,0.0,-0.0199637257613557,4464850.0,192881523.40641025
2023-03-15,42.81999969482422,37.98720169067383,4716600,0.0,-0.0087963208658373,4493365.0,192405887.92873383
2023-03-16,41.52999877929688,36.8427963256836,3444700,0.0,-0.030126130890264,4468555.0,185579083.6952209
2023-03-17,42.11000061035156,37.35733795166016,2877300,0.0,0.0139658523501768,4321750.0,181988895.13778687
2023-03-20,42.560001373291016,37.75654983520508,3559300,0.0,0.0106863157543823,4211880.0,179257618.58413696
2023-03-21,40.20000076293945,35.66290664672852,4314000,0.0,-0.0554511403712643,4218160.0,169570035.21820068
2023-03-22,42.15999984741211,37.40169143676758,2641300,0.0,0.0487561952058366,4065340.0,171394733.77967834
2023-03-23,42.83000183105469,37.99607849121094,3369100,0.0,0.0158918877150733,4052640.0,173574578.62060547
2023-03-24,42.880001068115234,38.04043197631836,1932700,0.0,0.001167388160705,3901480.0,167295466.56723022
2023-03-27,42.90999984741211,38.06704711914063,1662400,0.0,0.000699598380355,3823085.0,164048576.76664352
2023-03-28,43.58000183105469,38.66143035888672,911700,0.0,0.0156141222564694,3732210.0,162649718.63388062
2023-03-29,41.84999847412109,37.12667846679688,3076700,0.0,-0.0396971841267984,3724055.0,155851696.06754303
2023-03-30,41.9900016784668,37.25088119506836,1520900,0.0,0.0033453574540098,3581555.0,150389500.46152115
2023-03-31,40.08000183105469,35.55644989013672,2429500,0.0,-0.0454870152670555,3553240.0,142413865.70617676
2023-04-03,40.7400016784668,36.14196014404297,1945200,0.0,0.0164670613088826,3541965.0,144299660.04507065
2023-04-04,40.95000076293945,36.3282585144043,1644500,0.0,0.0051546164904467,3445125.0,141077871.37842178
2023-04-05,42.43000030517578,37.64122009277344,1166300,0.0,0.0361416242896814,3370795.0,143022832.878685
2023-04-06,41.79999923706055,37.08232498168945,2216300,0.0,-0.0148480099831247,3342300.0,139708137.45002747
2023-04-10,41.88999938964844,37.16216659545898,1915800,0.0,0.0021531137375738,2999000.0,125628108.16955566
2023-04-11,41.58000183105469,36.88715362548828,1545700,0.0,-0.0074002760351042,2523605.0,104931500.52085876
2023-04-12,42.77999877929688,37.95171737670898,1966900,0.0,0.0288599541942768,2442845.0,104504906.11801147
2023-04-13,41.09999847412109,36.46132659912109,2294900,0.0,-0.0392706954912024,2321760.0,95424332.4572754
2023-04-14,41.45000076293945,36.77182769775391,1498600,0.0,0.0085158710903296,2224455.0,92203661.44712448
2023-04-17,41.34999847412109,36.68310928344727,1897500,0.0,-0.0024126004095944,2175465.0,89955474.43050385
2023-04-18,41.43000030517578,36.75408172607422,1339900,0.0,0.0019347481017382,2064495.0,85532028.48003387
2023-04-19,41.4900016784668,36.80731201171875,1638300,0.0,0.0014482590598368,1930710.0,80105161.14063263
2023-04-20,43.0099983215332,38.155757904052734,2408600,0.0,0.0366352514238454,1919075.0,82539412.52889633
2023-04-21,42.77000045776367,37.942848205566406,1382900,0.0,-0.0055800482012429,1819765.0,77831349.88302231
2023-04-24,43.34999847412109,38.4573860168457,1228200,0.0,0.0135608606534896,1784540.0,77359806.27700806
2023-04-25,44.7400016784668,39.69050979614258,1444600,0.0,0.0320646655887544,1773650.0,79353103.97701263
2023-04-26,45.65999984741211,40.50667190551758,1757000,0.0,0.0205632126604971,1815915.0,82914678.62291336
2023-04-27,45.040000915527344,39.95664978027344,2123100,0.0,-0.0135786012693099,1768235.0,79641306.0188675
2023-04-28,44.790000915527344,39.73486328125,2405500,0.0,-0.0055506215567996,1812465.0,81180309.00936127
2023-05-01,44.95000076293945,39.87680435180664,1918000,0.0,0.003572222463533,1786890.0,80320706.86328888
2023-05-02,45.9900016784668,40.79943084716797,1781400,0.0,0.0231368386624102,1778700.0,81802415.98548889
2023-05-03,46.27000045776367,41.04782485961914,1805600,0.0,0.0060882532958892,1786755.0,82673154.66791153
2023-05-04,45.0,39.92116165161133,2341300,0.0,-0.0274475998530183,1845505.0,83047725.0
2023-05-05,42.880001068115234,38.04043197631836,2018400,0.0,-0.0471110873752169,1835610.0,78710958.760643
2023-05-08,42.43000030517578,37.64122009277344,1326300,0.0,-0.0104944205160961,1806135.0,76634308.60118866
2023-05-09,41.959999084472656,37.224266052246094,1059100,0.0,-0.0110770968023252,1781805.0,74764536.1687088
2023-05-10,41.34999847412109,36.68310928344727,2110200,0.0,-0.0145376697726691,1788970.0,73973906.77024841
2023-05-11,41.2599983215332,36.60326766967773,1012900,0.0,-0.0021765454875219,1724870.0,71168133.30486298
2023-05-12,42.540000915527344,37.738807678222656,1280700,0.0,0.0310228464872748,1713975.0,72912498.06919098
2023-05-15,41.52999877929688,36.8427963256836,1203900,0.0,-0.0237424098376503,1679295.0,69741119.30007935
2023-05-16,42.5099983215332,37.712188720703125,1111800,0.0,0.0235973891413854,1667890.0,70902001.10050201
2023-05-17,41.47999954223633,36.798439025878906,1315500,0.0,-0.0242295652779439,1651750.0,68514589.24388885
2023-05-18,40.93999862670898,36.31938552856445,1265200,0.0,-0.0130183442981357,1594580.0,65282103.01017761
2023-05-19,41.369998931884766,36.70085525512695,1734700,0.0,0.0105031831851418,1612170.0,66695471.17801666
2023-05-22,39.380001068115234,34.935455322265625,2134500,0.0,-0.0481024393316045,1657485.0,65271761.07038498
2023-05-23,40.20000076293945,35.66290664672852,2527200,0.0,0.0208227443520347,1711615.0,68806924.30585861
2023-05-24,40.459999084472656,35.893558502197266,1469600,0.0,0.0064676198158906,1697245.0,68670531.1461258
2023-05-25,41.59000015258789,36.896026611328125,1476400,0.0,0.0279288456175199,1664910.0,69243607.1540451
2023-05-26,40.810001373291016,36.20405960083008,1641500,0.0,-0.0187544788755751,1626710.0,66386037.33394623
2023-05-30,40.09000015258789,35.5653190612793,1696700,0.0,-0.0176427639420356,1615645.0,64771208.29652786
2023-05-31,39.470001220703125,35.01529693603516,1420700,0.0,-0.0154651765907949,1597610.0,63057668.65020752
2023-06-01,38.81999969482422,34.438655853271484,1241300,0.0,-0.0164682418488997,1569395.0,60923913.421058655
2023-06-02,38.380001068115234,34.048316955566406,1521600,0.0,-0.0113343284432753,1528410.0,58660377.432518005
2023-06-05,37.9900016784668,33.702335357666016,1076200,0.0,-0.0101615262843866,1481300.0,56274589.48631287
2023-06-06,37.41999816894531,33.19666290283203,1567800,0.0,-0.0150040401247091,1493375.0,55882089.76554871
2023-06-07,37.79999923706055,33.533775329589844,2000600,0.0,0.0101550263685099,1540450.0,58229008.82472992
2023-06-08,37.41999816894531,33.19666290283203,1049000,0.0,-0.0100529385128311,1487390.0,55658131.07650757
2023-06-09,37.56999969482422,33.329734802246094,2276500,0.0,0.0040085925499426,1550570.0,58254914.42680359
2023-06-12,36.90999984741211,32.744224548339844,829200,0.0,-0.0175672039598934,1527995.0,56398295.21684647
2023-06-13,36.06999969482422,31.9990291595459,2220100,0.0,-0.0227580643744377,1578805.0,56947495.86818695
2023-06-14,36.2599983215332,32.16758346557617,2438300,0.0,0.005267497319559,1645130.0,59652411.03870392
2023-06-15,35.880001068115234,31.830474853515625,1709900,0.0,-0.0104797923609474,1664850.0,59734819.77825165
2023-06-16,36.02000045776367,31.954673767089844,1048600,0.0,0.0039018780791746,1654020.0,59577801.15715027
2023-06-20,36.13999938964844,32.061126708984375,1497200,0.0,0.0033314528139851,1642145.0,59347119.29771423
2023-06-21,37.43999862670898,33.21440505981445,1391300,0.0,0.035971202518418,1604985.0,60090636.19588852
2023-06-22,37.40999984741211,33.18779373168945,1160700,0.0,-0.0008012494764215,1536660.0,57486450.36552429
2023-06-23,37.880001068115234,33.6047477722168,1179800,0.0,0.0125635183806513,1522170.0,57659801.22585297
2023-06-26,38.15999984741211,33.853145599365234,1173100,0.0,0.0073917310296107,1507005.0,57507310.570049286
2023-06-27,36.880001068115234,32.71760940551758,975200,0.0,-0.0335429450842537,1473690.0,54349688.77407074
2023-06-28,36.13999938964844,32.061126708984375,1216800,0.0,-0.0200651208523572,1449695.0,52391976.41517639
2023-06-29,36.45000076293945,32.336143493652344,901300,0.0,0.008577791326134,1423725.0,51894777.33621597
2023-06-30,36.18000030517578,32.096614837646484,1092900,0.0,-0.0074074198110358,1416305.0,51241915.33222199
2023-07-03,35.43000030517578,31.43126106262207,666500,0.0,-0.0207296847339359,1373550.0,48664876.919174194
2023-07-05,35.52000045776367,31.511104583740234,906900,0.0,0.0025402244372756,1365085.0,48487819.82488632
2023-07-06,36.88999938964844,32.72648239135742,1106100,0.0,0.0385697892519403,1342000.0,49506379.1809082
2023-07-07,36.52000045776367,32.39824295043945,1165400,0.0,-0.0100297895908502,1300240.0,47484765.39520264
2023-07-10,35.130001068115234,31.16512107849121,1524200,0.0,-0.0380613190642209,1324000.0,46512121.41418457
2023-07-11,33.810001373291016,29.99410057067871,1883900,0.0,-0.0375747126299486,1304370.0,44100751.4912796
2023-07-12,33.52000045776367,29.73682975769043,1510100,0.0,-0.0085773707112722,1338415.0,44863671.412677765
2023-07-13,32.0,28.38838195800781,2687300,0.0,-0.0453460750896743,1361775.0,43576800.0
2023-07-14,32.720001220703125,29.0271224975586,1845100,0.0,0.0225000381469726,1332115.0,43586804.42611694
2023-07-17,31.989999771118164,28.3795108795166,1043800,0.0,-0.0223105569177993,1298810.0,41548931.60272598
2023-07-18,31.8700008392334,28.273054122924805,1020300,0.0,-0.0037511388791289,1297395.0,41347979.738817215
2023-07-19,31.38999938964844,27.847227096557617,1825800,0.0,-0.0150612311561052,1313825.0,41240965.94810486
2023-07-20,33.16999816894531,29.42633056640625,1885500,0.0,0.056705919525563,1338535.0,44399203.499069214
2023-07-21,33.060001373291016,29.32874870300293,1222600,0.0,-0.0033161532024827,1341630.0,44354289.642448425
2023-07-24,33.41999816894531,29.64811515808105,825000,0.0,0.0108891948185196,1323890.0,44244401.37588501
2023-07-25,33.54999923706055,29.763442993164062,667500,0.0,0.003889918469117,1298610.0,43568364.5092392
2023-07-26,32.84000015258789,29.13357734680176,1320000,0.0,-0.0211624173060596,1315850.0,43212514.200782776
2023-07-27,33.810001373291016,29.99410057067871,1458000,0.0,0.0295371868512821,1327910.0,44896638.92360687
2023-07-28,31.959999084472656,28.352895736694336,1985600,0.0,-0.0547176046635659,1382125.0,44172713.73462677
2023-07-31,31.299999237060547,27.76738548278809,1102100,0.0,-0.0206508093341204,1382585.0,43274909.44517136
2023-08-01,31.950000762939453,28.34402656555176,951800,0.0,0.0207668224192567,1396850.0,44629358.565711975
2023-08-02,33.7400016784668,29.9320011138916,1762100,0.0,0.0560250664408015,1439610.0,48572443.81633759
2023-08-03,34.11000061035156,30.26024055480957,1149600,0.0,0.0109661800082512,1441785.0,49179287.22999573
2023-08-04,34.689998626708984,30.774778366088867,1349600,0.0,0.0170037527405204,1450995.0,50335014.5573616
2023-08-07,34.869998931884766,30.93446350097656,982300,0.0,0.0051888242231636,1423900.0,49651391.47911072
2023-08-08,35.119998931884766,31.156248092651367,1057700,0.0,0.0071694868843659,1382590.0,48556559.32323456
2023-08-09,36.34999847412109,32.2474250793457,1304500,0.0,0.0350227670741651,1372310.0,49883466.40602112
2023-08-10,36.65999984741211,32.522438049316406,1882600,0.0,0.0085282362119414,1332075.0,48833869.296741486
2023-08-11,36.84000015258789,32.682125091552734,1211100,0.0,0.0049099919783137,1300375.0,47905815.19842148
2023-08-14,36.68000030517578,32.540184020996094,1018000,0.0,-0.0043431011604072,1299085.0,47650438.19644928
2023-08-15,37.34000015258789,33.125694274902344,830000,0.0,0.0179934526150749,1289570.0,48152543.996772766
2023-08-16,38.18999862670898,33.879756927490234,1017200,0.0,0.0227637512224858,1249140.0,47704654.88456726
2023-08-17,39.11000061035156,34.695926666259766,1712200,0.0,0.0240901287437897,1240475.0,48514978.007125854
2023-08-18,38.97999954223633,34.580596923828125,2131900,0.0,-0.0033239853256566,1285940.0,50125940.61134338
2023-08-21,38.31999969482422,33.995086669921875,1230400,0.0,-0.0169317561611814,1306210.0,50053966.80137634
2023-08-22,38.43000030517578,34.092674255371094,1136700,0.0,0.0028705796249373,1329670.0,51099218.50578308
2023-08-23,37.5099983215332,33.27650451660156,1022500,0.0,-0.0239396819239335,1314795.0,49317958.24316025
2023-08-24,38.91999816894531,34.527366638183594,1105400,0.0,0.037589973620518,1297165.0,50485659.42481995
2023-08-25,38.380001068115234,34.048316955566406,1421700,0.0,-0.0138745407562981,1268970.0,48703069.95540619
2023-08-28,38.31999969482422,33.995086669921875,687800,0.0,-0.0015633499640744,1248255.0,47833131.219062805
2023-08-29,36.25,32.158714294433594,1313900,0.0,-0.0540187816103716,1266360.0,45905550.0
2023-08-30,36.0099983215332,31.945798873901367,777000,0.0,-0.0066207359577047,1217105.0,43827949.00712967
2023-08-31,35.90999984741211,31.85708808898925,406500,0.0,-0.0027769641427974,1179950.0,42372004.31995392
2023-09-01,36.0,31.93692970275879,652200,0.0,0.0025062699239855,1145080.0,41222880.0
2023-09-05,35.7400016784668,31.706275939941406,501200,0.0,-0.0072221755981445,1121025.0,40065435.38160324
2023-09-06,35.59000015258789,31.573204040527344,792300,0.0,-0.0041970206724775,1107755.0,39425000.61903
2023-09-07,35.75,31.715145111083984,1184500,0.0,0.0044956405374017,1101755.0,39387741.25
2023-09-08,36.02999877929688,31.963542938232425,449100,0.0,0.0078321336866258,1030080.0,37113781.142578125
2023-09-11,35.29999923706055,31.315933227539062,774200,0.0,-0.0202608816810672,1008235.0,35590694.73077774
2023-09-12,35.72999954223633,31.69740295410156,535800,0.0,0.0121813120246283,984125.0,35162785.79950333
2023-09-13,36.220001220703125,32.13209915161133,584400,0.0,0.0137140130071249,971845.0,35200227.08633423
2023-09-14,36.09999847412109,32.02564239501953,491200,0.0,-0.0033131624113098,945545.0,34134173.05721283
2023-09-15,36.540000915527344,32.415985107421875,541200,0.0,0.0121884337951336,886995.0,32410798.112068176
2023-09-18,37.43999862670898,33.21440505981445,434700,0.0,0.0246304786160855,802135.0,30031933.29843521
2023-09-19,37.900001525878906,33.62248992919922,634300,0.0,0.0122864026720814,772330.0,29271308.178482056
2023-09-20,38.59999847412109,34.24348449707031,597700,0.0,0.0184695757271728,745380.0,28771666.86264038
2023-09-21,39.77000045776367,35.281436920166016,810500,0.0,0.0303109334169273,734780.0,29222200.93635559
2023-09-22,40.4900016784668,35.9201774597168,1022700,0.0,0.0181041290524444,730645.0,29583817.276363373
2023-09-25,40.5,35.929046630859375,765300,0.0,0.0002469330975236,697825.0,28261912.5
2023-09-26,40.900001525878906,36.28390121459961,1004400,0.0,0.0098765808858989,713655.0,29188490.58895111
2023-09-27,40.650001525878906,36.06211853027344,1175300,0.0,-0.0061124692096115,706725.0,28728372.32837677
2023-09-28,40.22999954223633,35.68951797485352,1056900,0.0,-0.0103321517312906,720720.0,28994565.270080566
2023-09-29,39.70000076293945,35.219337463378906,1087200,0.0,-0.0131742178803766,754755.0,29963774.075832367
2023-10-02,40.25,35.70726013183594,1110800,0.0,0.0138538847982587,777685.0,31301821.25
2023-10-03,41.40999984741211,36.7363395690918,1297400,0.0,0.028819871985394,817495.0,33852467.82526016
2023-10-04,40.83000183105469,36.2218017578125,1177000,0.0,-0.0140062308257571,836730.0,34163687.43209839
2023-10-05,40.83000183105469,36.2218017578125,758600,0.0,0.0,815435.0,33294212.54310608
2023-10-06,40.09999847412109,35.574188232421875,1244000,0.0,-0.0178790919469997,855180.0,34292716.69509888
2023-10-09,39.97999954223633,35.467735290527344,757200,0.0,-0.0029924921808216,854330.0,34156113.00891876
2023-10-10,39.150001525878906,34.73141098022461,756300,0.0,-0.0207603308119246,865355.0,33878649.57042694
2023-10-11,39.470001220703125,35.01529693603516,510800,0.0,0.0081736828187015,861675.0,34010313.301849365
2023-10-12,40.83000183105469,36.2218017578125,613000,0.0,0.0344565636759646,867765.0,35430846.53892517
2023-10-13,41.560001373291016,36.86941146850586,809600,0.0,0.0178789985182195,881185.0,36622049.81012344
2023-10-16,40.83000183105469,36.2218017578125,932500,0.0,-0.017564954718829,906075.0,36995043.90907288
2023-10-17,40.15999984741211,35.627418518066406,1265700,0.0,-0.0164095506636245,937645.0,37655823.05692673
2023-10-18,41.95000076293945,37.21539688110352,1136800,0.0,0.0445717361137563,964600.0,40464970.7359314
2023-10-19,42.869998931884766,38.03155899047852,1711400,0.0,0.0219308260360766,1009645.0,43283480.0715828
2023-10-20,43.560001373291016,38.64368438720703,1163700,0.0,0.0160952287986426,1016695.0,44287235.59621811
2023-10-23,43.5,38.590457916259766,1171700,0.0,-0.0013774419513173,1037015.0,45110152.5
2023-10-24,42.209999084472656,37.446048736572266,2757600,0.0,-0.0296551934603986,1124675.0,47472530.720329285
2023-10-25,44.40999984741211,39.39775085449219,1599100,0.0,0.0521203698331456,1145865.0,50887864.47515488
2023-10-26,44.970001220703125,39.89455032348633,1083400,0.0,0.0126098035400836,1147190.0,51589135.70037842
2023-10-27,45.84999847412109,40.67522811889648,1361400,0.0,0.0195685396826905,1160900.0,53227263.22860718
2023-10-30,45.63999938964844,40.48892974853516,992800,0.0,-0.0045801328563006,1155000.0,52714199.295043945
2023-10-31,44.650001525878906,39.61066436767578,990100,0.0,-0.0216914521693457,1139635.0,50884704.48894501
2023-11-01,44.31999969482422,39.317909240722656,1869500,0.0,-0.0073908582256916,1174260.0,52043202.84164429
2023-11-02,40.58000183105469,36.00001907348633,2426100,0.0,-0.0843862339693629,1257635.0,51034830.60279846
2023-11-03,38.34000015258789,34.0128288269043,2635400,0.0,-0.0551996445883004,1327205.0,50885039.90251541
2023-11-06,38.970001220703125,34.57172775268555,1419700,0.0,0.0164319526762628,1360330.0,53012061.76055908
2023-11-07,37.880001068115234,33.6047477722168,1023500,0.0,-0.0279702365523359,1373690.0,52035378.66725922
2023-11-08,38.38999938964844,34.057186126708984,1309400,0.0,0.0134635244760457,1413620.0,54268870.93719482
2023-11-09,39.56999969482422,35.104007720947266,1470200,0.0,0.0307371795763549,1456480.0,57632913.15551758
2023-11-10,38.959999084472656,34.5628547668457,1311000,0.0,-0.0154157345225188,1481550.0,57721186.643600464
2023-11-13,38.79999923706055,34.42091369628906,987400,0.0,-0.0041067723606769,1484295.0,57590644.867572784
2023-11-14,36.81999969482422,32.66438293457031,2411700,0.0,-0.0510309170404594,1541595.0,56761527.42954254
2023-11-15,35.91999816894531,31.86595726013184,1710100,0.0,-0.0244432790151657,1570260.0,56403736.32476807
2023-11-16,36.54999923706055,32.42485427856445,1149100,0.0,0.0175390061311278,1542145.0,56365398.57343674
2023-11-17,35.290000915527344,31.307064056396484,1191200,0.0,-0.0344732790105123,1543520.0,54470822.213134766
2023-11-20,34.36000061035156,30.48202514648437,1138400,0.0,-0.02635308248934,1541855.0,52978138.74107361
2023-11-21,35.130001068115234,31.16512107849121,1059200,0.0,0.0224097917370726,1456935.0,51182128.10617447
2023-11-22,34.779998779296875,30.85462188720703,920100,0.0,-0.009963059441408,1422985.0,49491416.56295776
2023-11-24,34.36000061035156,30.48202514648437,559100,0.0,-0.0120758534699926,1396770.0,47993018.05252075
2023-11-27,33.939998626708984,30.10942649841309,748900,0.0,-0.0122235732299738,1366145.0,46366959.42388535
2023-11-28,33.040000915527344,29.311004638671875,1433300,0.0,-0.0265173172539079,1388170.0,45865138.07090759
2023-11-29,32.91999816894531,29.204545974731445,2005800,0.0,-0.0036320442874332,1438955.0,47370395.9651947
2023-11-30,33.5099983215332,29.727956771850582,2463200,0.0,0.017922241354936,1468640.0,49214123.93493652
2023-12-01,31.76000022888184,28.17546844482422,3379900,0.0,-0.0522231626471564,1516330.0,48158641.1470604
2023-12-04,31.6299991607666,28.06014060974121,1709900,0.0,-0.0040932325937773,1470055.0,46497838.41628075
2023-12-05,31.89999961853028,28.29966735839844,1736000,0.0,0.0085362145092491,1485870.0,47399252.43318558
2023-12-06,32.060001373291016,28.441612243652344,1435400,0.0,0.0050157290493444,1506465.0,48297269.96881485
2023-12-07,31.90999984741211,28.30854034423828,1065400,0.0,-0.0046787747802117,1494265.0,47681995.921993256
2023-12-08,31.309999465942383,27.776256561279297,1457600,0.0,-0.0188028951532065,1493635.0,46765711.05231285
2023-12-11,31.729999542236328,28.148855209350582,746200,0.0,0.0134142473158072,1465395.0,46496982.67919541
2023-12-12,31.850000381469727,28.255311965942383,922600,0.0,0.0037819363682518,1462155.0,46569637.30776787
2023-12-13,30.65999984741211,27.19961738586425,2460500,0.0,-0.0373626536830422,1464595.0,44904482.47652054
2023-12-14,29.520000457763672,26.188282012939453,3736000,0.0,-0.0371819763640559,1565890.0,46225073.51680756
2023-12-15,30.059999465942383,26.667335510253903,1091900,0.0,0.0182926490448849,1563030.0,46984680.96525192
2023-12-18,30.07999992370605,26.68507957458496,1237900,0.0,0.0006653512348306,1565365.0,47086179.08057213
2023-12-19,28.8700008392334,25.611644744873047,1058300,0.0,-0.0402260334954008,1561360.0,45076464.51034546
2023-12-20,30.06999969482422,26.67620658874512,2206700,0.0,0.0415655982233316,1618735.0,48675360.95600128
2023-12-21,29.290000915527344,25.984241485595703,1939600,0.0,-0.0259394342272352,1669710.0,48905807.42866516
2023-12-22,28.920000076293945,25.6560001373291,1620900,0.0,-0.0126323259702341,1722800.0,49823376.13143921
2023-12-26,25.299999237060547,25.299999237060547,1824000,3.264,-0.1251729194219731,1776555.0,44946840.1445961
2023-12-27,25.07999992370605,25.07999992370605,1451500,0.0,-0.0086956252959971,1777465.0,44578822.06439018
2023-12-28,25.15999984741211,25.15999984741211,1624900,0.0,0.003189789631157,1758420.0,44241846.9316864
2023-12-29,25.959999084472656,25.959999084472656,1864100,0.0,0.031796472254066,1728465.0,44870949.81754303
2024-01-02,26.90999984741211,26.90999984741211,2673700,0.0,0.0365947918506543,1693155.0,45562800.79164505
2024-01-03,27.96999931335449,27.96999931335449,2637300,0.0,0.0393905415069826,1739525.0,48654513.05556297
2024-01-04,27.780000686645508,27.780000686645508,1847100,0.0,-0.0067929435600045,1745080.0,48478323.59825134
2024-01-05,27.790000915527344,27.790000915527344,1704800,0.0,0.0003599794324931,1758550.0,48870106.11000061
2024-01-08,26.989999771118164,26.989999771118164,1581400,0.0,-0.0287873738054534,1784350.0,48159606.091594696
2024-01-09,27.40999984741211,27.40999984741211,1360800,0.0,0.0155613219657519,1779510.0,48776368.82846832
2024-01-10,27.520000457763672,27.520000457763672,2502300,0.0,0.0040131561825582,1867315.0,51388509.65478897
2024-01-11,28.15999984741211,28.15999984741211,2127900,0.0,0.0232557913881823,1927580.0,54280652.50587464
2024-01-12,28.65999984741211,28.65999984741211,1714800,0.0,0.0177556819143929,1890295.0,54175854.41156387
2024-01-16,29.040000915527344,29.040000915527344,1459000,0.0,0.0132589347570966,1776445.0,51587964.42638397
2024-01-17,29.57999992370605,29.57999992370605,2011500,0.0,0.0185950065824542,1822425.0,53907331.36096001
2024-01-18,29.76000022888184,29.76000022888184,1645900,0.0,0.0060852030304274,1842825.0,54842472.42178917
2024-01-19,29.350000381469727,29.350000381469727,1814100,0.0,-0.0137768764871919,1880615.0,55196050.96739769
2024-01-22,28.670000076293945,28.670000076293945,2985200,0.0,-0.0231686642704476,1919540.0,55033211.94644928
2024-01-23,28.65999984741211,28.65999984741211,1030300,0.0,-0.0003488046339457,1874075.0,53710989.21403885
2024-01-24,29.3700008392334,29.3700008392334,1389700,0.0,0.0247732378088409,1862515.0,54702067.11308479
2024-01-25,29.63999938964844,29.63999938964844,1254100,0.0,0.0091930045182146,1834020.0,54360351.68060303
2024-01-26,29.6200008392334,29.6200008392334,1122400,0.0,-0.0006747149401772,1817565.0,53836276.82536125
2024-01-29,28.200000762939453,28.200000762939453,1796200,0.0,-0.047940581906165,1826130.0,51496867.39322662
2024-01-30,28.93000030517578,28.93000030517578,990900,0.0,0.0258865078895917,1782470.0,51566857.64396668
2024-01-31,29.86000061035156,29.86000061035156,2383500,0.0,0.0321465708733297,1767960.0,52791286.67907715
2024-02-01,29.459999084472656,29.459999084472656,2151300,0.0,-0.0133958981146248,1743660.0,51368222.00363159
2024-02-02,29.049999237060547,29.049999237060547,2275500,0.0,-0.0139171710846456,1765080.0,51275572.65335083
2024-02-05,29.96999931335449,29.96999931335449,1668800,0.0,0.0316695387420271,1763280.0,52845500.38925171
2024-02-06,28.989999771118164,28.989999771118164,1842800,0.0,-0.0326993515078142,1776350.0,51496386.09342575
2024-02-07,28.71999931335449,28.71999931335449,1215300,0.0,-0.0093135722626899,1769075.0,50807832.7852726
2024-02-08,27.959999084472656,27.959999084472656,1500500,0.0,-0.026462404145269,1718985.0,48062819.02622223
2024-02-09,27.270000457763672,27.270000457763672,2381100,0.0,-0.024678063279772,1731645.0,47221959.94268417
2024-02-12,26.670000076293945,26.670000076293945,1348600,0.0,-0.0220022138393073,1713335.0,45694644.58071709
2024-02-13,28.170000076293945,28.170000076293945,2733700,0.0,0.056242969467904,1777070.0,50060062.03557968
2024-02-14,26.6299991607666,26.6299991607666,2173500,0.0,-0.0546681189689917,1785170.0,47539075.601825714
2024-02-15,26.059999465942383,26.059999465942383,1715200,0.0,-0.0214044203074548,1788635.0,46611827.144765854
2024-02-16,26.700000762939453,26.700000762939453,1779000,0.0,0.0245587609406316,1786880.0,47709697.36328125
2024-02-20,27.59000015258789,28.170000076293945,1339206,,0.03333330952124114,,
