snapped_at,price,market_cap,total_volume
2018-07-03 00:00:00 UTC,2.9378659348183795,0.0,3172537.587626663
2018-07-04 00:00:00 UTC,2.0479850683251923,0.0,14265452.267055135
2018-07-05 00:00:00 UTC,1.969391918199654,1196384007.7402582,6492796.107564352
2018-07-06 00:00:00 UTC,1.5280326087828853,928263064.1262431,8681128.84694601
2018-07-07 00:00:00 UTC,1.7963043296002026,1091235194.532975,16175069.914253775
2018-07-08 00:00:00 UTC,1.8446403170813672,1120598777.2136958,5530661.826173929
2018-07-09 00:00:00 UTC,2.361796682322672,1434765601.5811815,12816121.674699372
2018-07-10 00:00:00 UTC,2.280764008544281,1385539140.2978814,7208444.790200332
2018-07-11 00:00:00 UTC,2.274072995496755,1381474423.198321,7607209.81813254
2018-07-12 00:00:00 UTC,2.1256143580967763,1291287427.9360414,6652788.392278725
2018-07-13 00:00:00 UTC,1.8816336143548984,1143071799.8978212,4769304.261739765
2018-07-14 00:00:00 UTC,1.995723772885436,1212380320.8910751,4724482.121363514
2018-07-15 00:00:00 UTC,2.001383994766957,1215818843.6537278,3369399.658102272
2018-07-16 00:00:00 UTC,2.2183920424369763,1347648854.42207,4152985.834801243
2018-07-17 00:00:00 UTC,2.3776087160008164,1444371238.7565773,4500944.967646651
2018-07-18 00:00:00 UTC,2.4802735787066057,1506739017.746114,4929210.837630468
2018-07-19 00:00:00 UTC,2.3549783792403733,1430623557.1804686,4083953.781390826
2018-07-20 00:00:00 UTC,2.2982548308258104,1396164623.1519887,3904003.433989827
2018-07-21 00:00:00 UTC,2.087353114850176,1268044141.968696,3351255.8303978974
2018-07-22 00:00:00 UTC,2.193720231404076,1332660999.59796,2460136.3480537008
2018-07-23 00:00:00 UTC,2.2268116759345165,1352763689.5010624,1950935.1274525626
2018-07-24 00:00:00 UTC,2.217565897883201,1347146980.65937,2756437.05628186
2018-07-25 00:00:00 UTC,2.1690898967114274,1317698341.1960142,3899186.0490582837
2018-07-26 00:00:00 UTC,2.1283874094084294,1292972026.2180011,4471167.373605118
2018-07-27 00:00:00 UTC,2.061315175328334,1252226379.0589564,2716146.9132117783
2018-07-28 00:00:00 UTC,2.113234767549601,1283766962.346565,1686747.8260521519
2018-07-29 00:00:00 UTC,2.1056845791181047,1279180305.6169462,1969379.7724779642
2018-07-30 00:00:00 UTC,2.1071373993487303,1280062877.9855945,1947369.091497335
2018-07-31 00:00:00 UTC,2.145322179882561,1303259713.6928866,3495254.8778819563
2018-08-01 00:00:00 UTC,1.9492356526373864,1184139297.303695,3540473.219351865
2018-08-02 00:00:00 UTC,1.889559669347092,1147886791.443942,2989715.1149536893
2018-08-03 00:00:00 UTC,1.7219960444651299,1046093725.6579152,3179158.994591886
2018-08-04 00:00:00 UTC,1.8457969482793728,1121301417.9909623,4165819.5883461633
2018-08-05 00:00:00 UTC,1.8902094323169143,1148281515.3273563,2817584.0511858864
2018-08-06 00:00:00 UTC,1.8550777640265623,1126939411.8489206,2108391.763593319
2018-08-07 00:00:00 UTC,1.8202343638613667,1105772428.0973868,2462618.802944884
2018-08-08 00:00:00 UTC,1.7816808682063898,1082351601.9947474,2947127.2468789644
2018-08-09 00:00:00 UTC,1.6050954176269354,975077875.9676816,2819415.909211263
2018-08-10 00:00:00 UTC,1.6772179191743457,1018891505.2672386,1814332.1720850675
2018-08-11 00:00:00 UTC,1.5767328597344032,957847932.87324,2702987.96454941
2018-08-12 00:00:00 UTC,1.5470979793524622,939845067.809865,2562617.241746469
2018-08-13 00:00:00 UTC,1.5260510057457406,927059261.9975656,2612457.9036883544
2018-08-14 00:00:00 UTC,1.3557057572422129,823576390.3452507,3087767.636962339
2018-08-15 00:00:00 UTC,1.3106130728782457,796183078.7648686,3435768.64655224
2018-08-16 00:00:00 UTC,1.4519993999048246,908709958.2157564,1700086.26551623
2018-08-17 00:00:00 UTC,1.377623261056174,838289104.7328513,2147404.50989942
2018-08-18 00:00:00 UTC,1.4816949338213148,900113434.4016691,2124219.5678563127
2018-08-19 00:00:00 UTC,1.3913692190827471,843638488.2421296,2091740.3618925228
2018-08-20 00:00:00 UTC,1.4022222065095822,853010867.9514424,1623730.9896443225
2018-08-21 00:00:00 UTC,1.4899290635936981,905115578.0005636,5756573.557720901
2018-08-22 00:00:00 UTC,1.3741221197859248,834764128.7656388,4800098.4270821065
2018-08-23 00:00:00 UTC,1.2987125739907055,788967892.0273077,2247798.3654885655
2018-08-24 00:00:00 UTC,1.3244913115692187,804577676.3806863,1958057.216304546
2018-08-25 00:00:00 UTC,1.381189366359941,839475395.968269,2055974.19340627
2018-08-26 00:00:00 UTC,1.3880104400109234,842758545.8505919,1272237.348081427
2018-08-27 00:00:00 UTC,1.3288575216015293,807266381.4233496,563624.8556573621
2018-08-28 00:00:00 UTC,1.4034241845465445,851546374.1859796,1740270.3425466963
2018-08-29 00:00:00 UTC,1.4235249998241248,865027396.2410809,2121932.354418986
2018-08-30 00:00:00 UTC,1.3875258796377432,843037932.6257639,1763894.4754730226
2018-08-31 00:00:00 UTC,1.3623489513228442,827612057.9464701,1836286.3033520484
2018-09-01 00:00:00 UTC,1.3968046611739269,848516260.8175138,1756488.8609470462
2018-09-02 00:00:00 UTC,1.4279491131981952,867629607.0521585,1889399.1425004918
2018-09-03 00:00:00 UTC,1.4213170311969217,863434520.2387853,1623619.584178314
2018-09-04 00:00:00 UTC,1.407521515769863,855053895.8019005,2413874.4977043425
2018-09-05 00:00:00 UTC,1.4233470078171269,864576344.2941308,2015615.9612160225
2018-09-06 00:00:00 UTC,1.3081790284422203,792012587.4129976,3185088.6062207944
2018-09-07 00:00:00 UTC,1.2373807225970432,751780425.3934947,2117196.8447359577
2018-09-08 00:00:00 UTC,1.2190890482470125,740583236.8131801,1908551.462615131
2018-09-09 00:00:00 UTC,1.1438535027402412,694878467.4241599,2138157.6551030013
2018-09-10 00:00:00 UTC,1.1896298174898572,722687076.9719182,1954088.860972878
2018-09-11 00:00:00 UTC,1.4047106738425272,853346340.1350605,3371023.721665985
2018-09-12 00:00:00 UTC,1.2919500707014229,784795585.2305362,2716544.953471961
2018-09-13 00:00:00 UTC,1.2413538745315087,755546117.4970286,1931460.7473388882
2018-09-14 00:00:00 UTC,1.334601248277874,810755632.4337286,1951285.4804811457
2018-09-15 00:00:00 UTC,1.5676682399729729,952971079.1103916,5522730.207810808
2018-09-16 00:00:00 UTC,1.6319469873816246,991734052.0151217,4815825.160713212
2018-09-17 00:00:00 UTC,1.6747791222996131,1017409962.8926136,2691630.749399841
2018-09-18 00:00:00 UTC,1.4931205882873366,907054394.2760304,4803009.161136536
2018-09-19 00:00:00 UTC,1.5317987243506388,930621008.596426,2578631.198512166
2018-09-20 00:00:00 UTC,1.5335800051417392,931633046.6203301,2427931.3456965564
2018-09-21 00:00:00 UTC,1.7069750862773851,1036968658.1735408,3378640.0862994394
2018-09-22 00:00:00 UTC,1.6726500185203792,1016116555.6795774,4142353.3522508033
2018-09-23 00:00:00 UTC,1.6747668572673724,1017402512.0199397,1844517.48200352
2018-09-24 00:00:00 UTC,1.7098776898631396,1038753828.2769072,1769883.0165620146
2018-09-25 00:00:00 UTC,1.6351031413186328,993458945.9385935,2075617.1627443824
2018-09-26 00:00:00 UTC,1.5216669463842574,925424178.2172539,1534963.197609314
2018-09-27 00:00:00 UTC,1.4729486613197915,894800169.7073944,1307209.7831096288
2018-09-28 00:00:00 UTC,1.4456258329890264,878201850.9273295,1764855.4326860148
2018-09-29 00:00:00 UTC,1.4521511863492549,882165931.5823213,1815371.583851255
2018-09-30 00:00:00 UTC,1.4777268772913812,899627286.1962422,1097202.361181329
2018-10-01 00:00:00 UTC,1.4560014420727845,884504919.7394125,1618583.0606363574
2018-10-02 00:00:00 UTC,1.3521599737989316,819097322.4071227,1210632.2639621214
2018-10-03 00:00:00 UTC,1.3652218856166385,829722090.5888232,1599960.7694705315
2018-10-04 00:00:00 UTC,1.3722328109809263,831655582.8526554,1477193.6413995712
2018-10-05 00:00:00 UTC,1.3583547585880655,825185629.6324508,1400779.3101214205
2018-10-06 00:00:00 UTC,1.324596928178458,804287100.3665521,553372.0327263611
2018-10-07 00:00:00 UTC,1.339538085405509,813752074.3335983,851647.1618528387
2018-10-08 00:00:00 UTC,1.309678245041183,795615181.0986313,363920.7234739828
2018-10-09 00:00:00 UTC,1.3482948968113475,819074373.8491198,1056619.8105316546
2018-10-10 00:00:00 UTC,1.4020778774744085,851829698.3281082,1284168.6714518813
2018-10-11 00:00:00 UTC,1.3776119644401534,833868513.6878495,1276731.0928922514
2018-10-12 00:00:00 UTC,1.2907640077909164,787360341.7111198,1588167.6991532668
2018-10-13 00:00:00 UTC,1.2511540094604496,766138588.3685937,1026598.0562615813
2018-10-14 00:00:00 UTC,1.2607458923362609,765859857.3545643,533027.7024072428
2018-10-15 00:00:00 UTC,1.2328492776606177,749468713.0966935,683843.9916233075
2018-10-16 00:00:00 UTC,1.3874232795917505,842844437.5802671,3767489.5222358317
2018-10-17 00:00:00 UTC,1.4799505886863686,899170405.8128846,5157431.414635136
2018-10-18 00:00:00 UTC,1.4291050059389896,867578428.0105523,3031531.4117007945
2018-10-19 00:00:00 UTC,1.3392680751880697,1033686699.1590676,2579580.849073446
2018-10-20 00:00:00 UTC,1.3164446650287147,1016440389.4659057,2131153.319578632
2018-10-21 00:00:00 UTC,1.3387560674681709,1033413029.8565962,1392382.0360951812
2018-10-22 00:00:00 UTC,1.3539455818118338,1045476278.6307068,1260703.946092322
2018-10-23 00:00:00 UTC,1.4227877301643481,1099412180.051941,2593058.967079835
2018-10-24 00:00:00 UTC,1.3807390512256807,1067514651.2192438,2495540.0945375226
2018-10-25 00:00:00 UTC,1.351544288879489,1044454804.1942848,1806482.6339804744
2018-10-26 00:00:00 UTC,1.3480125771462808,1041582999.040874,1721531.2392391432
2018-10-27 00:00:00 UTC,1.3554140627615914,1047450439.746597,2041527.286532516
2018-10-28 00:00:00 UTC,1.3462966239838356,1039923191.5799543,1015157.8614792321
2018-10-29 00:00:00 UTC,1.3461086273892438,1040629537.9767648,801779.6561169882
2018-10-30 00:00:00 UTC,1.285589496645876,993862218.1401511,2340692.8397930646
2018-10-31 00:00:00 UTC,1.291384842993642,998816780.0941244,1803367.6124864682
2018-11-01 00:00:00 UTC,1.2978713072467316,1003821284.5285133,2095801.390047304
2018-11-02 00:00:00 UTC,1.3089038020611068,1012721961.7407148,2313560.1566477832
2018-11-03 00:00:00 UTC,1.3150707392184573,1017423624.4796457,2321192.7958704173
2018-11-04 00:00:00 UTC,1.3189968006147632,1020494479.5588003,1256251.354116301
2018-11-05 00:00:00 UTC,1.3068087705890854,1011127733.0484221,1614511.5209765634
2018-11-06 00:00:00 UTC,1.3085248732902004,1012870616.7634033,3643163.226375877
2018-11-07 00:00:00 UTC,1.3298624908811476,1030016405.4844301,3103873.032958165
2018-11-08 00:00:00 UTC,1.334379538810331,1032716257.3355279,3038564.185469636
2018-11-09 00:00:00 UTC,1.3236906745000734,1025168610.5751604,2952165.252601198
2018-11-10 00:00:00 UTC,1.298285363259368,1005269907.023168,2731323.491947969
2018-11-11 00:00:00 UTC,1.3117734737958566,1012020456.0488137,2212162.6141813537
2018-11-12 00:00:00 UTC,1.3254190894936921,1025350554.2822804,2173309.1124873348
2018-11-13 00:00:00 UTC,1.272450724129316,985367143.6763564,3231247.8997393814
2018-11-14 00:00:00 UTC,1.2627554075028475,978131155.4208263,2508258.2411013655
2018-11-15 00:00:00 UTC,1.1335470543705246,876729085.2003263,3787589.577209006
2018-11-16 00:00:00 UTC,1.1164989135166412,865260769.6538826,3286644.8484688182
2018-11-17 00:00:00 UTC,1.1162811135403967,865346001.1714343,2547758.936609715
2018-11-18 00:00:00 UTC,1.1037667608267068,855739141.5592778,1654106.5290330863
2018-11-19 00:00:00 UTC,1.08881609784426,844155878.339016,1592887.2289708243
2018-11-20 00:00:00 UTC,0.8347307918819051,649691566.8571488,4476312.559717107
2018-11-21 00:00:00 UTC,0.7173412917890623,551914079.460944,5558302.1435519885
2018-11-22 00:00:00 UTC,0.7258649904450178,562992693.6456071,3183243.4068498183
2018-11-23 00:00:00 UTC,0.6798583747913878,530515120.76700467,1691854.307970293
2018-11-24 00:00:00 UTC,0.6381480438248671,495295875.0494577,2532337.1564256432
2018-11-25 00:00:00 UTC,0.5701376980027053,443084011.6593104,1473839.6847945359
2018-11-26 00:00:00 UTC,0.5900078984237432,457786297.5379506,3074305.058066728
2018-11-27 00:00:00 UTC,0.5743241322691065,447941765.8415794,2165418.0110953064
2018-11-28 00:00:00 UTC,0.5673467841671985,439651983.6123425,1534871.3231211517
2018-11-29 00:00:00 UTC,0.5828041087886564,453995313.5652637,3247303.3408309817
2018-11-30 00:00:00 UTC,0.5645595176112268,438148667.43394935,4034553.079903965
2018-12-01 00:00:00 UTC,0.4975805987228446,386438612.4953874,2431216.933764572
2018-12-02 00:00:00 UTC,0.5106298083360227,397513253.03576577,2136053.290605333
2018-12-03 00:00:00 UTC,0.49120657893977904,380886105.7180836,1522333.1836697531
2018-12-04 00:00:00 UTC,0.4395882623351544,341465393.74318564,1725127.6996815973
2018-12-05 00:00:00 UTC,0.4349797914859019,337886357.5147308,1896237.9816526484
2018-12-06 00:00:00 UTC,0.39126001818992345,303913401.140284,1953063.331982757
2018-12-07 00:00:00 UTC,0.3504759947749136,271759026.85836995,3192612.770969718
2018-12-08 00:00:00 UTC,0.3740583256553204,290714939.9765521,2248942.7112091486
2018-12-09 00:00:00 UTC,0.3871685698649013,300191177.0425916,1613899.2016557697
2018-12-10 00:00:00 UTC,0.3983097685418119,309750537.59580183,1727874.6010510854
2018-12-11 00:00:00 UTC,0.3549421250090232,275865957.9987292,1457716.3762327398
2018-12-12 00:00:00 UTC,0.3643306903682015,283290711.9583857,1316110.8712128487
2018-12-13 00:00:00 UTC,0.41174339549319583,320078631.89147264,2179140.513517331
2018-12-14 00:00:00 UTC,0.3747814587654921,291416142.3193996,1985940.289997001
2018-12-15 00:00:00 UTC,0.37537827425442094,291088392.1429434,1148400.6634782644
2018-12-16 00:00:00 UTC,0.3886355136542824,302315792.4436239,1112470.5573407349
2018-12-17 00:00:00 UTC,0.3927953414212335,306140818.56063664,1134062.7860876943
2018-12-18 00:00:00 UTC,0.4158681519757108,325418695.3616352,1235961.3807438791
2018-12-19 00:00:00 UTC,0.4349002951066999,339366639.04095066,1707610.2782943037
2018-12-20 00:00:00 UTC,0.4428693331174359,345116508.9675368,2073285.9398711424
2018-12-21 00:00:00 UTC,0.4707626879366807,366590085.71487033,2215448.774077598
2018-12-22 00:00:00 UTC,0.4581749658467144,356713690.5052471,1552309.8268399432
2018-12-23 00:00:00 UTC,0.4646660476524823,361956866.74216825,1398686.275444882
2018-12-24 00:00:00 UTC,0.5116588238851796,398061367.5226703,1530583.125383542
2018-12-25 00:00:00 UTC,0.5279199883848263,411547743.66845685,1634871.9485634316
2018-12-26 00:00:00 UTC,0.4868749541218259,376513756.2202575,923776.306141925
2018-12-27 00:00:00 UTC,0.5099849489021092,397411043.2146716,971101.2269492176
2018-12-28 00:00:00 UTC,0.46137560447447,361744342.562716,1009406.7873385162
2018-12-29 00:00:00 UTC,0.4989711485572063,388736216.2149319,872885.4939433227
2018-12-30 00:00:00 UTC,0.5013777485918537,391756512.58598834,771879.8963262895
2018-12-31 00:00:00 UTC,0.4917134784327682,383269586.969433,692211.193436276
2019-01-01 00:00:00 UTC,0.4564826629068875,355824276.81852835,927920.0278873008
2019-01-02 00:00:00 UTC,0.4738207974207781,369955275.0540381,609363.9772715998
2019-01-03 00:00:00 UTC,0.4785084823416017,373055799.5564701,925456.9933667182
2019-01-04 00:00:00 UTC,0.4664525026415181,363751948.5413966,555119.825273119
2019-01-05 00:00:00 UTC,0.4780984293435562,372849808.04245967,333033.4626419957
2019-01-06 00:00:00 UTC,0.4793617955169871,373849689.6045848,355503.2418989089
2019-01-07 00:00:00 UTC,0.4810270983296338,375318623.71913385,510006.55958013906
2019-01-08 00:00:00 UTC,0.4701737747032939,367088312.9868327,834118.0494210249
2019-01-09 00:00:00 UTC,0.4833664624422737,377650018.11238384,764985.3908764791
2019-01-10 00:00:00 UTC,0.4960155259160476,389277973.3671762,850859.0231690481
2019-01-11 00:00:00 UTC,0.44743487089924106,348816220.47129536,750496.26752528
2019-01-12 00:00:00 UTC,0.4437371302335116,345614307.98703974,542033.0113049564
2019-01-13 00:00:00 UTC,0.41894659597760014,327162914.4061793,643196.7114215357
2019-01-14 00:00:00 UTC,0.3891031086592738,303845897.40678036,671653.2518805782
2019-01-15 00:00:00 UTC,0.4147584766380771,324583831.37092215,478568.1328481977
2019-01-16 00:00:00 UTC,0.3968779716448705,309834732.37009245,537698.0344153893
2019-01-17 00:00:00 UTC,0.4185400887707202,327289734.9040886,504192.6553243897
2019-01-18 00:00:00 UTC,0.4187939028864423,327703836.23109585,467167.7599256393
2019-01-19 00:00:00 UTC,0.4260099190196947,337196705.29385906,461056.2842996111
2019-01-20 00:00:00 UTC,0.4238084063387136,331184339.3882195,572561.0033329233
2019-01-21 00:00:00 UTC,0.4214255085866707,329582420.13344574,585673.794554818
2019-01-22 00:00:00 UTC,0.416650023955003,325745955.37183183,1107418.7641831522
2019-01-23 00:00:00 UTC,0.4174984446572359,326427879.87658256,929750.4711709758
2019-01-24 00:00:00 UTC,0.4138847137084156,323727249.06815124,817052.2099956463
2019-01-25 00:00:00 UTC,0.4159837244323436,325369023.5816938,1026364.6603861208
2019-01-26 00:00:00 UTC,0.4099239265309689,320663845.30869204,1367294.3550494623
2019-01-27 00:00:00 UTC,0.40588093566332856,317595198.69636065,1343063.7902162557
2019-01-28 00:00:00 UTC,0.3976589645123009,310962595.36698925,1620094.0826755778
2019-01-29 00:00:00 UTC,0.3757770230577351,294039374.05982494,2614430.8476020843
2019-01-30 00:00:00 UTC,0.3701719602413057,288765060.1021688,2238746.762988099
2019-01-31 00:00:00 UTC,0.3761655372819191,294518813.5025121,2877275.502267361
2019-02-01 00:00:00 UTC,0.3761078953939494,294417866.93602234,2479100.9668886946
2019-02-02 00:00:00 UTC,0.38006483372911337,297636441.33009696,3356311.7748846626
2019-02-03 00:00:00 UTC,0.3822016721607837,297649481.89152855,3054178.4632806457
2019-02-04 00:00:00 UTC,0.37235373972377545,291586451.60289204,3496806.4652249413
2019-02-05 00:00:00 UTC,0.3700472409032988,289891461.27328634,9192333.400663676
2019-02-06 00:00:00 UTC,0.3719153389322838,291529339.2428768,2148529.4717516443
2019-02-07 00:00:00 UTC,0.3671961066399347,287609744.33720094,5171297.457850938
2019-02-08 00:00:00 UTC,0.3625209681160612,284110781.49807656,441080.60696978896
2019-02-09 00:00:00 UTC,0.3873459581382662,303534490.0174663,2737149.8472441286
2019-02-10 00:00:00 UTC,0.3794285735504952,297669179.2105795,1643038.8166770374
2019-02-11 00:00:00 UTC,0.3787600790796386,296085921.13171786,2739056.4908008925
2019-02-12 00:00:00 UTC,0.3823719934526884,299784077.4202125,2666051.423247939
2019-02-13 00:00:00 UTC,0.3885009088702425,304639461.580146,2424080.77304346
2019-02-14 00:00:00 UTC,0.39355046182453135,308462045.03734946,1879829.734498314
2019-02-15 00:00:00 UTC,0.412146595532434,323257376.354755,2431399.2775929417
2019-02-16 00:00:00 UTC,0.4491535478224397,352282896.8309024,2603547.3573540784
2019-02-17 00:00:00 UTC,0.4332918796490727,339980586.36202824,2268141.566464169
2019-02-18 00:00:00 UTC,0.4377665262923491,343435664.267184,1875684.892160774
2019-02-19 00:00:00 UTC,0.4522248135485058,354836224.7835978,2829245.1505017523
2019-02-20 00:00:00 UTC,0.4474971910798723,351254695.0902217,2560769.9029740696
2019-02-21 00:00:00 UTC,0.4606894023305078,361634533.7625041,1911538.1775957188
2019-02-22 00:00:00 UTC,0.4359997161248143,342253484.30976814,2256409.507853983
2019-02-23 00:00:00 UTC,0.4430291370248398,347916530.23149246,3505946.0204766146
2019-02-24 00:00:00 UTC,0.4483194550044893,352071082.9263103,3972016.298461244
2019-02-25 00:00:00 UTC,0.4203996343847096,329224221.49791265,3401623.509092553
2019-02-26 00:00:00 UTC,0.4234288959237982,332663920.3489592,3335193.347924346
2019-02-27 00:00:00 UTC,0.4038215196700201,317259521.44773614,4220230.082073473
2019-02-28 00:00:00 UTC,0.40783965126766,321147099.70618784,5050386.212624674
2019-03-01 00:00:00 UTC,0.4068833055507812,319848582.36431134,3271560.463638038
2019-03-02 00:00:00 UTC,0.4073196905899947,320262547.4911895,5079765.434201341
2019-03-03 00:00:00 UTC,0.401077477641824,315362135.77703536,3272905.118932361
2019-03-04 00:00:00 UTC,0.4014980708846602,315349318.71584636,4844003.1185432905
2019-03-05 00:00:00 UTC,0.4026303235550315,316583113.34725666,4822357.812817326
2019-03-06 00:00:00 UTC,0.41584516254109705,327107722.45517725,4391374.201378483
2019-03-07 00:00:00 UTC,0.41649277590700295,327132943.27245337,4760800.056924632
2019-03-08 00:00:00 UTC,0.4158935193832524,326946326.95630085,5119155.555293366
2019-03-09 00:00:00 UTC,0.4061992937657432,319664680.2449573,5063967.380322511
2019-03-10 00:00:00 UTC,0.4157059589169959,327289737.65637887,4661569.546823553
2019-03-11 00:00:00 UTC,0.4506963816694877,354161965.70042205,6445286.256146005
2019-03-12 00:00:00 UTC,0.4497946018434894,353300923.23064417,5413178.055806818
2019-03-13 00:00:00 UTC,0.4557089550301981,358644651.9772477,5156253.244381979
2019-03-14 00:00:00 UTC,0.4501160261561941,354191877.0744569,4702963.812264315
2019-03-15 00:00:00 UTC,0.4439106098183641,349506531.18726134,5523463.202696825
2019-03-16 00:00:00 UTC,0.4487555737667457,352801880.70515376,4990350.3536142735
2019-03-17 00:00:00 UTC,0.500241515031558,393959610.0509061,6811864.715650905
2019-03-18 00:00:00 UTC,0.4895597919085029,386702909.206088,5371343.797465503
2019-03-19 00:00:00 UTC,0.4895838364705194,386087705.8851821,5444596.042667418
2019-03-20 00:00:00 UTC,0.5775365518732657,454976762.9430747,7919791.054146802
2019-03-21 00:00:00 UTC,0.6260042847863063,493427130.3567375,6579933.316908381
2019-03-22 00:00:00 UTC,0.8232581140581692,649028934.635205,12000350.103635324
2019-03-23 00:00:00 UTC,0.7625132088203581,601028994.9792324,6518149.61719922
2019-03-24 00:00:00 UTC,0.722671635229032,569947570.7896168,3754931.165472429
2019-03-25 00:00:00 UTC,0.6684920246988145,527153696.1987034,3267620.0106201507
2019-03-26 00:00:00 UTC,0.6894388740980738,544678786.4970863,3885450.6929367054
2019-03-27 00:00:00 UTC,0.6662526376895944,525848317.7608204,2712858.5397236897
2019-03-28 00:00:00 UTC,0.7179486392212743,566118727.231683,2946041.7630571043
2019-03-29 00:00:00 UTC,0.7859802948993408,620024189.0952544,4944214.876072995
2019-03-30 00:00:00 UTC,0.9053301907034004,715261439.8571912,8001203.956249097
2019-03-31 00:00:00 UTC,0.9455146079591418,744521052.6898729,4492896.94540478
2019-04-01 00:00:00 UTC,1.0615062816400067,836641079.2550242,9038573.755196968
2019-04-02 00:00:00 UTC,0.9830992057854152,775713281.4647242,6742847.086108242
2019-04-03 00:00:00 UTC,1.0169834779368327,806487378.9856397,9214837.273597533
2019-04-04 00:00:00 UTC,0.9416760572293992,743603096.4925491,8176898.087162808
2019-04-05 00:00:00 UTC,0.8649173039806346,682032049.3247207,8261201.508446689
2019-04-06 00:00:00 UTC,1.0178836988276172,802306870.3611977,8646599.176693957
2019-04-07 00:00:00 UTC,0.9582880653094557,757812711.3292499,6587733.38616881
2019-04-08 00:00:00 UTC,0.9732509436179346,767933774.9668063,5999747.148857581
2019-04-09 00:00:00 UTC,0.935401126113798,738650052.8213116,7635886.096912247
2019-04-10 00:00:00 UTC,0.9294527050296106,737354556.6367747,5032202.765267213
2019-04-11 00:00:00 UTC,1.0218861705105051,807867974.104324,4817246.479947565
2019-04-12 00:00:00 UTC,0.934177224983586,740473835.130233,3668845.8236744967
2019-04-13 00:00:00 UTC,0.9724014360327,769163538.3061311,3143605.0641333205
2019-04-14 00:00:00 UTC,0.9777734937054742,773056052.453013,3031203.0351217226
2019-04-15 00:00:00 UTC,1.1404180131407131,901063457.6792004,6521126.419305561
2019-04-16 00:00:00 UTC,1.0666914129405252,843311596.8280244,7304244.591944452
2019-04-17 00:00:00 UTC,1.149938075715826,908909162.4861293,5391659.0029399935
2019-04-18 00:00:00 UTC,1.261541229975667,996379662.428327,7291065.800883404
2019-04-19 00:00:00 UTC,1.3744551172967754,1087120542.4067783,12005947.031350968
2019-04-20 00:00:00 UTC,1.3438695370116844,1062243276.9312537,8658874.45404676
2019-04-21 00:00:00 UTC,1.3449306302306543,1064545726.3008896,6449454.914537705
2019-04-22 00:00:00 UTC,1.3224743131570702,1047201579.5711104,4795392.471914931
2019-04-23 00:00:00 UTC,1.3454458382501115,1065337854.390673,5294223.368121819
2019-04-24 00:00:00 UTC,1.4546892251318475,1154131464.882215,9204970.368681736
2019-04-25 00:00:00 UTC,1.234914914805609,976117571.6429797,9645022.290266413
2019-04-26 00:00:00 UTC,1.124193873530149,892180532.3483889,6826482.697982866
2019-04-27 00:00:00 UTC,1.1563996077231633,909773258.3984828,9052389.678133326
2019-04-28 00:00:00 UTC,1.2195765883988232,967385227.3659176,5917267.002588972
2019-04-29 00:00:00 UTC,1.1691504808215216,924000375.1275779,4895760.5557575915
2019-04-30 00:00:00 UTC,1.1240448956111082,890842198.1612169,4686911.4559028335
2019-05-01 00:00:00 UTC,1.2064250600449156,956523885.3470813,4896804.762140919
2019-05-02 00:00:00 UTC,1.1874427100865856,939513396.0124668,4018158.659035105
2019-05-03 00:00:00 UTC,1.286077499992755,1019903047.0929996,5575468.519163328
2019-05-04 00:00:00 UTC,1.3005708690536033,1029380342.1523608,5567936.456864557
2019-05-05 00:00:00 UTC,1.2003590307277825,951506783.457359,5184104.223578638
2019-05-06 00:00:00 UTC,1.15583306350495,918020925.606102,3851891.483810346
2019-05-07 00:00:00 UTC,1.2358783326009513,982460588.7889646,2635619.530859627
2019-05-08 00:00:00 UTC,1.2009001466452414,955853062.8771863,4612406.825478903
2019-05-09 00:00:00 UTC,1.1661947408085116,926826900.1861,5420744.428508576
2019-05-10 00:00:00 UTC,1.1031329315264562,876625981.4500582,5230653.175105373
2019-05-11 00:00:00 UTC,1.1136991812775692,882333026.7099438,5549231.1554832235
2019-05-12 00:00:00 UTC,1.277475398882945,1018387464.9099436,9121920.426521944
2019-05-13 00:00:00 UTC,1.2242736413288762,969283253.765164,7115277.897287016
2019-05-14 00:00:00 UTC,1.3281900115681275,1054585472.7133293,9724874.855505085
2019-05-15 00:00:00 UTC,1.4754585262197732,1163097591.7824187,10051566.5714091
2019-05-16 00:00:00 UTC,1.7627831767104416,1398284556.842628,14343098.53211428
2019-05-17 00:00:00 UTC,1.7092187469387283,1361102407.856105,13574054.865341695
2019-05-18 00:00:00 UTC,1.6809957379643774,1330738605.0741804,14006410.108028665
2019-05-19 00:00:00 UTC,1.6540368845694913,1314457391.567834,5709832.654765546
2019-05-20 00:00:00 UTC,1.8426058494386524,1464144148.8436654,8627777.384448152
2019-05-21 00:00:00 UTC,1.6746629560738404,1328258128.8569446,10978453.633552168
2019-05-22 00:00:00 UTC,1.6643786335492323,1323518531.4999108,5464192.925731427
2019-05-23 00:00:00 UTC,1.5606559340229416,1238525287.3284886,6980861.7081072
2019-05-24 00:00:00 UTC,1.6384756222364874,1298782187.6284106,7749244.675129482
2019-05-25 00:00:00 UTC,1.5844161792988285,1260059680.3345394,5969903.2671706835
2019-05-26 00:00:00 UTC,1.565181388542603,1243868330.5098796,4118146.92393181
2019-05-27 00:00:00 UTC,1.6560567712269532,1320100463.3832955,5853776.875611915
2019-05-28 00:00:00 UTC,1.6457187180752295,1313109745.5879278,5531064.8757188115
2019-05-29 00:00:00 UTC,1.5841570776713934,1258636077.3300858,6415090.505874325
2019-05-30 00:00:00 UTC,1.5886948203253006,1263975038.9345686,7990364.720473505
2019-05-31 00:00:00 UTC,1.4873508980945342,1183566704.2136562,13549653.53724298
2019-06-01 00:00:00 UTC,1.5068628621157545,1199277317.7733874,8275196.280238944
2019-06-02 00:00:00 UTC,1.4770864138608903,1176507059.5096807,5844952.020867593
2019-06-03 00:00:00 UTC,1.5216059932273418,1211862850.9620047,5932422.616167853
2019-06-04 00:00:00 UTC,1.3800793100387134,1103397681.9925244,6483876.963773092
2019-06-05 00:00:00 UTC,1.213541675312216,964698738.8860763,11893721.250175433
2019-06-06 00:00:00 UTC,1.1854861945811612,945188284.371708,10607241.940079473
2019-06-07 00:00:00 UTC,1.3271834843093293,1059068080.9316367,10179701.468747433
2019-06-08 00:00:00 UTC,1.3201758092698936,1051805146.8317666,6796301.074217385
2019-06-09 00:00:00 UTC,1.2619873018972256,1005674680.519732,5332572.977444299
2019-06-10 00:00:00 UTC,1.2206986492523424,970355914.2132473,5224469.360379283
2019-06-11 00:00:00 UTC,1.3003273014104375,1039208057.7786404,5456991.394539309
2019-06-12 00:00:00 UTC,1.2868825519944944,1025924690.6346562,5717267.63043073
2019-06-13 00:00:00 UTC,1.2712273147724826,1009406922.7109984,5405277.560430022
2019-06-14 00:00:00 UTC,1.275743759582656,1017493042.6949898,5698675.6207510475
2019-06-15 00:00:00 UTC,1.2277947923114687,978949701.2301227,6138648.900749378
2019-06-16 00:00:00 UTC,1.241696042616356,990265209.0625986,5348326.689877871
2019-06-17 00:00:00 UTC,1.2905549951319728,1032478537.0784649,5927040.722895658
2019-06-18 00:00:00 UTC,1.3214722984214855,1053380750.2432928,6639950.156238398
2019-06-19 00:00:00 UTC,1.230831558992619,981744617.8824762,6728901.658795818
2019-06-20 00:00:00 UTC,1.200052680137174,958054296.6259297,6637215.194662676
2019-06-21 00:00:00 UTC,1.13198379751942,903184175.4175466,9923747.286966106
2019-06-22 00:00:00 UTC,1.1715067085462416,935241920.786308,6804895.984655676
2019-06-23 00:00:00 UTC,1.22977848960546,981000037.1596963,10550495.65543546
2019-06-24 00:00:00 UTC,1.1958982992374465,954715988.2318428,5172250.254488173
2019-06-25 00:00:00 UTC,1.1627052522156318,928458523.434759,5736326.532091529
2019-06-26 00:00:00 UTC,1.1006671082495634,878465737.6213279,9096386.486198263
2019-06-27 00:00:00 UTC,1.0869967921485053,876665436.7055392,11625313.033291824
2019-06-28 00:00:00 UTC,0.9764406671871944,780122380.8254473,9833346.271312127
2019-06-29 00:00:00 UTC,1.0086417376052497,805566534.8497671,11990713.759432733
2019-06-30 00:00:00 UTC,1.0337342227504056,826183118.9404259,13637355.78998356
2019-07-01 00:00:00 UTC,0.9353306166897096,748471861.3410723,11043607.499238672
2019-07-02 00:00:00 UTC,0.9222598694587332,735992407.6538968,11281601.469763136
2019-07-03 00:00:00 UTC,1.0104938043700529,807246836.0011381,13814966.535577668
2019-07-04 00:00:00 UTC,1.2399730003767586,991277709.9249207,23190841.15553233
2019-07-05 00:00:00 UTC,1.2126086580486928,965798420.251042,19965457.269114804
2019-07-06 00:00:00 UTC,1.2528999677127828,1002189335.1786693,17927698.38814386
2019-07-07 00:00:00 UTC,1.2214395249208865,977791653.9179537,14867215.259603504
2019-07-08 00:00:00 UTC,1.1945282856663502,957957711.9101954,13975290.384376826
2019-07-09 00:00:00 UTC,1.2223842264161418,977978707.0084534,13562287.55287238
2019-07-10 00:00:00 UTC,1.2161794839609164,973990320.8000454,15209925.661395758
2019-07-11 00:00:00 UTC,1.1765857886780693,942843377.2135034,14887609.604427312
2019-07-12 00:00:00 UTC,1.0196123376737936,816829719.7041602,13283572.883939287
2019-07-13 00:00:00 UTC,1.0760737386071384,861663182.121784,13895233.263371892
2019-07-14 00:00:00 UTC,0.9970529719592538,798055600.5409628,14051720.924012678
2019-07-15 00:00:00 UTC,0.9234953915368016,736686920.4407251,10284483.044135457
2019-07-16 00:00:00 UTC,0.9683657032458244,789233440.6104107,13681899.124141674
2019-07-17 00:00:00 UTC,0.8613793935736879,689073554.6086947,14432220.21444142
2019-07-18 00:00:00 UTC,0.9188435215756372,734861131.9144872,12855701.509178607
2019-07-19 00:00:00 UTC,0.9706849155947704,780802342.1372237,12977007.882159855
2019-07-20 00:00:00 UTC,0.9790739417547454,785687210.6446849,12799191.231654245
2019-07-21 00:00:00 UTC,1.0393509541415082,833032887.9241427,12808584.35167013
2019-07-22 00:00:00 UTC,1.0792869257082895,865062622.2512878,18302302.455934174
2019-07-23 00:00:00 UTC,1.1202964650823162,898437832.1642748,15168124.666782515
2019-07-24 00:00:00 UTC,1.0705060152062456,857280453.4384903,14518573.928389275
2019-07-25 00:00:00 UTC,1.0077218788361086,807754350.5229279,17102888.321973827
2019-07-26 00:00:00 UTC,1.02872411776458,825405481.3410512,12424487.207612764
2019-07-27 00:00:00 UTC,1.0354548456369237,830355311.9911338,14098770.626708684
2019-07-28 00:00:00 UTC,1.0111976928339643,808875749.0692853,12975832.234296465
2019-07-29 00:00:00 UTC,1.013881032131133,813527398.3241028,12989785.647966854
2019-07-30 00:00:00 UTC,1.012351437264642,808983972.1547331,12576238.430205666
2019-07-31 00:00:00 UTC,1.2205037870574733,980323838.5530947,23911300.810024604
2019-08-01 00:00:00 UTC,1.2771893519861321,1024604378.8334016,21961824.976591986
2019-08-02 00:00:00 UTC,1.3969884034080329,1121409923.3789117,23815144.109157186
2019-08-03 00:00:00 UTC,1.430641596606797,1148199847.7227461,23441049.617633536
2019-08-04 00:00:00 UTC,1.4241398965423746,1143365064.9991527,19161554.66830124
2019-08-05 00:00:00 UTC,1.433553524157084,1150821371.7470472,18692018.3214369
2019-08-06 00:00:00 UTC,1.4538423984617388,1167611291.4207304,20201311.2419888
2019-08-07 00:00:00 UTC,1.471680024941369,1180866541.2699099,28250501.167980485
2019-08-08 00:00:00 UTC,1.3543969312675015,1085088908.4056282,19430865.20990124
2019-08-09 00:00:00 UTC,1.5501508339819787,1244347130.0160472,48260278.58670917
2019-08-10 00:00:00 UTC,1.4290253143364602,1148202239.7267225,31660674.952989146
2019-08-11 00:00:00 UTC,1.3922348009212682,1117815740.473614,17920036.860990185
2019-08-12 00:00:00 UTC,1.3867147564615354,1113323059.9452446,13908397.8746364
2019-08-13 00:00:00 UTC,1.362912213051106,1096030082.1537592,13183268.940547815
2019-08-14 00:00:00 UTC,1.2589771994734469,1014862749.4909424,15610657.339294415
2019-08-15 00:00:00 UTC,1.150798502865572,924947566.4694726,26724761.73031584
2019-08-16 00:00:00 UTC,1.222653107010518,981847799.9797052,21179116.057595216
2019-08-17 00:00:00 UTC,1.216781658476645,977252201.7243252,12941042.05638021
2019-08-18 00:00:00 UTC,1.1903872307693228,957224987.5311797,9681121.970137162
2019-08-19 00:00:00 UTC,1.1995925999184494,965172926.7134104,10178580.00452185
2019-08-20 00:00:00 UTC,1.212050989546546,975172523.2049383,10995344.677006893
2019-08-21 00:00:00 UTC,1.1579887411049845,931657506.5212584,11437995.020096513
2019-08-22 00:00:00 UTC,1.127342497298358,906395442.6665614,12908129.854370264
2019-08-23 00:00:00 UTC,1.1415039274596008,918843917.796622,9951072.120390184
2019-08-24 00:00:00 UTC,1.1713186325255325,943993573.224886,9428511.05940186
2019-08-25 00:00:00 UTC,1.1446218244274688,922297735.2860123,8248314.2397599425
2019-08-26 00:00:00 UTC,1.1319725778225156,911756072.2786707,6751624.472454907
2019-08-27 00:00:00 UTC,1.1619805631731492,935899881.5179213,8450512.256450072
2019-08-28 00:00:00 UTC,1.1262451393024322,907392946.3670434,8850100.364990657
2019-08-29 00:00:00 UTC,1.0519580261137205,847782024.5563022,10841217.414318807
2019-08-30 00:00:00 UTC,0.9944368287331801,802652030.3413153,15845309.55985313
2019-08-31 00:00:00 UTC,1.0636405701556932,856632836.2006757,10714641.305513212
2019-09-01 00:00:00 UTC,1.0369408581907535,835518713.7007314,6392606.19971538
2019-09-02 00:00:00 UTC,1.0285242601507931,828987685.8881664,8511437.426272199
2019-09-03 00:00:00 UTC,1.0552514632840528,850725469.2726313,10313819.322194314
2019-09-04 00:00:00 UTC,1.038706243739184,837271728.0959567,10397206.354454126
2019-09-05 00:00:00 UTC,1.0309353698381196,831074308.6012383,8896768.728115246
2019-09-06 00:00:00 UTC,1.0138567711294173,817483912.5351387,9410969.69087931
2019-09-07 00:00:00 UTC,0.9946834250588416,802319713.9174081,11142908.596130658
2019-09-08 00:00:00 UTC,1.0266947856655946,828249683.8432881,14100380.674290225
2019-09-09 00:00:00 UTC,1.0627755563623549,854485073.8972515,10769316.64014759
2019-09-10 00:00:00 UTC,1.039503228120179,838605411.4422463,13948707.873395752
2019-09-11 00:00:00 UTC,1.0219872141681718,823986082.2424105,10656043.352420187
2019-09-12 00:00:00 UTC,1.0032224700638002,809467762.9621786,10127616.185831835
2019-09-13 00:00:00 UTC,1.009827266482597,814909225.6951027,9830372.296686737
2019-09-14 00:00:00 UTC,0.97613623695285,788714843.9817723,10782018.166054348
2019-09-15 00:00:00 UTC,1.0012092827226795,808622392.6931418,9218401.378694158
2019-09-16 00:00:00 UTC,0.9984886613357548,806140559.788314,10798991.320196943
2019-09-17 00:00:00 UTC,1.0013218122837646,808243553.8464067,8374015.264548482
2019-09-18 00:00:00 UTC,1.100636303196007,889281488.988407,11961936.96479117
2019-09-19 00:00:00 UTC,1.0897212060600847,880208853.2868668,14735460.832653005
2019-09-20 00:00:00 UTC,1.1019953398800415,889586296.0003494,16557887.48035984
2019-09-21 00:00:00 UTC,1.0612322194203003,857275434.0009716,16774858.605312696
2019-09-22 00:00:00 UTC,1.0680980910480675,864794822.3295164,16454762.89307012
2019-09-23 00:00:00 UTC,1.0530006836335848,851158670.6564815,12022647.364139488
2019-09-24 00:00:00 UTC,1.050127250533479,848589058.8092746,23981619.993321266
2019-09-25 00:00:00 UTC,0.8839552328509551,714870453.8110424,28091253.51500341
2019-09-26 00:00:00 UTC,0.8510340187020254,688110374.6052293,28182018.37381026
2019-09-27 00:00:00 UTC,0.8464457368484395,680992245.4776338,16479165.288274065
2019-09-28 00:00:00 UTC,0.8860768494939414,716614978.0903723,19133533.851232152
2019-09-29 00:00:00 UTC,0.8948455384155288,722950424.7185711,11157139.98616975
2019-09-30 00:00:00 UTC,0.8810309466322153,712062198.7222036,14040470.06895718
2019-10-01 00:00:00 UTC,0.9022908689217536,728255541.479233,18095639.824061245
2019-10-02 00:00:00 UTC,0.9408367966453252,760348761.5611751,20138159.329547785
2019-10-03 00:00:00 UTC,0.9408367966453252,760348761.5611751,20138159.329547785
2019-10-04 00:00:00 UTC,0.9181823606489184,743277401.899875,17921165.22399322
2019-10-05 00:00:00 UTC,0.9193674942045498,744607225.7707996,17489066.58390483
2019-10-06 00:00:00 UTC,0.9069565249506072,733979099.3574822,15472246.005960844
2019-10-07 00:00:00 UTC,0.8659128621533543,701335155.2000878,15308399.058884712
2019-10-08 00:00:00 UTC,0.8973285497022875,727358322.5879318,17048582.400727544
2019-10-09 00:00:00 UTC,0.8957265487060833,725746279.9620093,20694307.668642607
2019-10-10 00:00:00 UTC,0.9423483001620382,763490792.2092204,19155321.81025255
2019-10-11 00:00:00 UTC,0.9142489856281576,740776411.6102066,27197745.428170826
2019-10-12 00:00:00 UTC,0.9027213314703568,731110399.4350388,20833180.773296393
2019-10-13 00:00:00 UTC,0.8897164598855983,721207531.633407,21854633.24207211
2019-10-14 00:00:00 UTC,0.9045259566196951,733517372.2022351,22585558.64170083
2019-10-15 00:00:00 UTC,0.9373223654832956,760141855.6262058,18687716.209118206
2019-10-16 00:00:00 UTC,0.9042166866135812,733233831.5945129,19831913.98345974
2019-10-17 00:00:00 UTC,0.8722327491422429,705714442.1769137,15596732.355682667
2019-10-18 00:00:00 UTC,0.8891314242332218,723821154.4190173,13673160.638108155
2019-10-19 00:00:00 UTC,0.8783707668943563,711102461.7987285,13236367.246718632
2019-10-20 00:00:00 UTC,0.8604950971745615,697817270.07495,12637001.049916895
2019-10-21 00:00:00 UTC,0.8745955418887562,708257596.5120151,11891111.553668825
2019-10-22 00:00:00 UTC,0.8677999710871812,701996109.8286316,13267822.10417746
2019-10-23 00:00:00 UTC,0.832779101114507,675300120.5761229,13696535.38489039
2019-10-24 00:00:00 UTC,0.7549576064659326,614359418.1667192,15778608.680485765
2019-10-25 00:00:00 UTC,0.7640677411475522,619604908.9898696,16464471.117850125
2019-10-26 00:00:00 UTC,0.8350179800723329,677084667.7844497,20071623.774058733
2019-10-27 00:00:00 UTC,0.8293296747340668,672067598.7814884,24086517.24386664
2019-10-28 00:00:00 UTC,0.8708570027246457,706182195.0383563,26461273.19994023
2019-10-29 00:00:00 UTC,0.8673863941361336,706212899.439541,27539025.71047781
2019-10-30 00:00:00 UTC,0.8771451079850286,711236178.6742585,23778335.73741181
2019-10-31 00:00:00 UTC,0.8809896332772168,715028727.3047839,17486794.188922342
2019-11-01 00:00:00 UTC,0.8855137685808715,718444767.5808232,19713930.36472736
2019-11-02 00:00:00 UTC,0.8749178950611619,709406979.3633572,18431193.79350526
2019-11-03 00:00:00 UTC,0.8626964373750525,699557194.4909378,13436522.965218848
2019-11-04 00:00:00 UTC,0.8628956355702612,699815783.6102034,14632819.27669812
2019-11-05 00:00:00 UTC,0.8855613613834707,717924740.2233387,20034737.368468296
2019-11-06 00:00:00 UTC,0.923377355126994,748771205.2060858,15935799.149238907
2019-11-07 00:00:00 UTC,1.0107953060205983,819352723.945822,27556796.46176645
2019-11-08 00:00:00 UTC,1.2084411653642573,979819571.5604707,95136024.69018874
2019-11-09 00:00:00 UTC,1.1634191575382142,943422274.666816,49423081.74636234
2019-11-10 00:00:00 UTC,1.2413916802783156,1007168441.6510904,39083836.69587499
2019-11-11 00:00:00 UTC,1.230320478299064,998451241.2838168,35215188.200288884
2019-11-12 00:00:00 UTC,1.1727563867667536,951291405.2318993,27103353.73362588
2019-11-13 00:00:00 UTC,1.1687168601475242,807398543.1319777,27669845.950865604
2019-11-14 00:00:00 UTC,1.1256824732788973,776802667.4436357,25386099.213108066
2019-11-15 00:00:00 UTC,1.2172590528409812,840606101.0338732,47042612.38996133
2019-11-16 00:00:00 UTC,1.1699426686552743,808862825.3753607,29455660.68098393
2019-11-17 00:00:00 UTC,1.1579392354223623,799356287.6001675,31572038.64847369
2019-11-18 00:00:00 UTC,1.1561020023766335,798333778.3159512,27141289.32434659
2019-11-19 00:00:00 UTC,1.2063446652125362,823587537.1902509,42319501.26265922
2019-11-20 00:00:00 UTC,1.215428570408337,839876589.3611362,40192509.94290431
2019-11-21 00:00:00 UTC,1.2071338684841249,833686683.6047523,38149874.20683668
2019-11-22 00:00:00 UTC,1.2125800287085404,841287358.6066003,57490163.95398333
2019-11-23 00:00:00 UTC,1.2131854247142402,843485844.7025981,71052992.03366636
2019-11-24 00:00:00 UTC,1.374961286856997,946929286.4674443,100432970.87550816
2019-11-25 00:00:00 UTC,1.3117402043427029,907745658.8763953,51086992.93036572
2019-11-26 00:00:00 UTC,1.2402828212819803,858654619.1456794,67396439.81080535
2019-11-27 00:00:00 UTC,1.2348805500253237,856332011.1760311,37614380.354709305
2019-11-28 00:00:00 UTC,1.2475045120263863,867043532.0662428,51034554.95949062
2019-11-29 00:00:00 UTC,1.277074091849106,884796545.6537746,47700720.14325079
2019-11-30 00:00:00 UTC,1.3058828639246087,904680736.7011756,36306745.42949823
2019-12-01 00:00:00 UTC,1.3287832310307854,920110343.3581897,31856948.426422544
2019-12-02 00:00:00 UTC,1.2544463083790074,871096367.6147625,26675665.28636547
2019-12-03 00:00:00 UTC,1.2386458209169713,857663739.5541973,27368235.31046371
2019-12-04 00:00:00 UTC,1.2868251790035286,890983078.2794676,43933917.51351042
2019-12-05 00:00:00 UTC,1.2423031600365584,862437576.0333942,49636348.4768276
2019-12-06 00:00:00 UTC,1.2866343701489658,889296886.2405901,34977572.89591669
2019-12-07 00:00:00 UTC,1.3788561723226915,954906999.6916976,40701749.75977167
2019-12-08 00:00:00 UTC,1.4435974134298022,1002710711.5098883,51676416.80607344
2019-12-09 00:00:00 UTC,1.5982939210586729,1108890820.082822,70005183.19938774
2019-12-10 00:00:00 UTC,1.5528760009402307,1079162037.013604,65858274.91604339
2019-12-11 00:00:00 UTC,1.4754071325873237,1024341025.831384,68665786.7639552
2019-12-12 00:00:00 UTC,1.5755444632990134,1095698863.2269456,79406078.49737234
2019-12-13 00:00:00 UTC,1.7737917916872925,1226733519.4391627,106910531.84144846
2019-12-14 00:00:00 UTC,1.7689998760961618,1230176708.5970845,148654943.47317764
2019-12-15 00:00:00 UTC,1.6729776810280608,1158740717.147702,95614063.28981702
2019-12-16 00:00:00 UTC,1.6683963382514315,1164789397.3068929,78611340.02242991
2019-12-17 00:00:00 UTC,1.6683640802497317,1158541217.7607398,79629434.29811779
2019-12-18 00:00:00 UTC,1.5350450978459331,1068845115.8865457,111167664.23639986
2019-12-19 00:00:00 UTC,1.5937713876573512,1105739757.1958222,104685049.48995976
2019-12-20 00:00:00 UTC,1.5016832325682472,1040851928.9297283,75245245.65755464
2019-12-21 00:00:00 UTC,1.5865233979128253,1101301690.7746608,75848634.84720545
2019-12-22 00:00:00 UTC,1.4707102431593213,1021196197.4831592,63863683.71415094
2019-12-23 00:00:00 UTC,1.4671611865954233,1018941902.2906297,72099477.26555908
2019-12-24 00:00:00 UTC,1.5137662445092486,1052287800.3265986,70724807.49587749
2019-12-25 00:00:00 UTC,1.484887629604578,1031217562.6173408,51214246.04253367
2019-12-26 00:00:00 UTC,1.4009866014457857,975137902.8351454,55902238.058453
2019-12-27 00:00:00 UTC,1.3629012021002946,947992612.3961984,66799304.86946696
2019-12-28 00:00:00 UTC,1.3749806020001134,951038621.6805606,50486603.60035426
2019-12-29 00:00:00 UTC,1.3259864168996525,922470328.2669137,63665053.62141285
2019-12-30 00:00:00 UTC,1.3029332208832591,905907104.3463839,65398977.30861237
2019-12-31 00:00:00 UTC,1.3219895699331885,921331823.804176,54036317.81192934
2020-01-01 00:00:00 UTC,1.3518504519805006,939165939.936816,57847509.20699499
2020-01-02 00:00:00 UTC,1.371278285546721,954113654.9104588,55638827.00187047
2020-01-03 00:00:00 UTC,1.2385140853034429,859898147.4077394,48686736.91434643
2020-01-04 00:00:00 UTC,1.2756569273030824,888054445.0200033,62720237.11245047
2020-01-05 00:00:00 UTC,1.2502835212778285,869640338.4073818,53339711.62780242
2020-01-06 00:00:00 UTC,1.2504643218563425,870026463.2840824,54504458.06460732
2020-01-07 00:00:00 UTC,1.2985669961558015,904347414.7702688,49745688.25010441
2020-01-08 00:00:00 UTC,1.2994297870659293,905971648.0738344,71970196.68096556
2020-01-09 00:00:00 UTC,1.3244151424864763,923504731.0697321,64184824.706289
2020-01-10 00:00:00 UTC,1.2811152750258292,888705423.8009713,61309868.70429966
2020-01-11 00:00:00 UTC,1.3031230292315763,907024988.9554783,64762132.28190794
2020-01-12 00:00:00 UTC,1.2992177767042894,908248428.1638321,61624011.87489314
2020-01-13 00:00:00 UTC,1.3037669809994197,908498581.3688004,53034065.86300904
2020-01-14 00:00:00 UTC,1.2713225735767688,887291305.0852143,53526205.95013192
2020-01-15 00:00:00 UTC,1.3289225270907872,925656924.0383039,73530337.71466848
2020-01-16 00:00:00 UTC,1.3434822125428214,932570145.8225523,84147292.41262576
2020-01-17 00:00:00 UTC,1.4914644626881093,1032747353.3976632,84472575.60676551
2020-01-18 00:00:00 UTC,1.4678017052603909,1028517825.1406534,81551243.54621677
2020-01-19 00:00:00 UTC,1.481213754503549,1035869970.456324,63826246.15262536
2020-01-20 00:00:00 UTC,1.4193156738937858,992145170.0461664,72767899.83583885
2020-01-21 00:00:00 UTC,1.5855248289276316,1104188610.895641,88030187.62055579
2020-01-22 00:00:00 UTC,1.5315952238482549,1068843483.4576881,63192839.12716851
2020-01-23 00:00:00 UTC,1.5847127838476236,1111370366.708453,72128837.93968268
2020-01-24 00:00:00 UTC,1.5541301909236889,1079481741.8660665,81976556.59477758
2020-01-25 00:00:00 UTC,1.5111740531042666,1056040654.4987279,53056843.09691093
2020-01-26 00:00:00 UTC,1.4958746119715416,1043675277.6077732,59246523.52731695
2020-01-27 00:00:00 UTC,1.5236465047914869,1063829322.5854057,52368554.98626477
2020-01-28 00:00:00 UTC,1.520721038667915,1064238857.1122758,59917812.42664132
2020-01-29 00:00:00 UTC,1.5442419247432426,1078948465.4664934,71986192.34692043
2020-01-30 00:00:00 UTC,1.5609431531752864,1093918345.302034,76906938.70075889
2020-01-31 00:00:00 UTC,1.6782081877164683,1171709558.6662974,79679459.31057915
2020-02-01 00:00:00 UTC,1.6511331601467585,1161343413.7211087,65287318.73834057
2020-02-02 00:00:00 UTC,1.738378834176183,1213324483.8123643,51176658.6929801
2020-02-03 00:00:00 UTC,1.8975839215425525,1317836021.4216733,114873302.43052559
2020-02-04 00:00:00 UTC,2.0185690911295526,1415465280.3725517,148325902.62457782
2020-02-05 00:00:00 UTC,1.926408643256688,1346236477.763762,94915970.70608124
2020-02-06 00:00:00 UTC,2.1333129786960368,1493438904.4444902,127357597.79581422
2020-02-07 00:00:00 UTC,2.1587817696511515,1510343643.6361756,97091255.68226434
2020-02-08 00:00:00 UTC,2.2004468908595958,1541404032.0071766,99070345.93712498
2020-02-09 00:00:00 UTC,2.2848611211513705,1598637352.4717484,97424049.65787956
2020-02-10 00:00:00 UTC,2.6573832582772408,1864315228.2014728,212974278.78255987
2020-02-11 00:00:00 UTC,2.6298175588062205,1842043229.0343149,157154666.13849783
2020-02-12 00:00:00 UTC,2.9055659645916583,2026593853.5355754,188594773.68168724
2020-02-13 00:00:00 UTC,3.3131913931746517,2310893879.904177,388246552.64010066
2020-02-14 00:00:00 UTC,3.1259556823696486,2195264996.492281,286812192.07337075
2020-02-15 00:00:00 UTC,3.4658486612114774,2420168502.954693,265502436.65531343
2020-02-16 00:00:00 UTC,3.183120704201783,2216541538.4716268,240670980.44480595
2020-02-17 00:00:00 UTC,3.2436079058858422,2275761561.0038853,288674157.0311137
2020-02-18 00:00:00 UTC,3.1569309808370147,2196086716.5678926,291787690.46046853
2020-02-19 00:00:00 UTC,3.458501243364299,2435236544.4937754,271426134.169463
2020-02-20 00:00:00 UTC,3.5407082254877937,2521613481.828155,350316318.85653293
2020-02-21 00:00:00 UTC,3.62018028456785,2522100047.427713,369259030.21782446
2020-02-22 00:00:00 UTC,3.4861608696278537,2445402383.278677,219571370.296982
2020-02-23 00:00:00 UTC,3.3075467343286538,2316560511.1796875,254529866.90459853
2020-02-24 00:00:00 UTC,3.511814754482745,2461074798.3267765,269278086.88344586
2020-02-25 00:00:00 UTC,3.1798428393814464,2225102806.187819,313037692.46432257
2020-02-26 00:00:00 UTC,2.8313902417165133,1984054889.5964246,266062833.01316664
2020-02-27 00:00:00 UTC,2.766610559725584,1942600817.9954321,376405174.8114053
2020-02-28 00:00:00 UTC,2.789181164970312,1945488407.6943407,363784500.2023233
2020-02-29 00:00:00 UTC,2.7767998482043623,1967376114.904,232521318.28456905
2020-03-01 00:00:00 UTC,2.7359276347821013,1924923899.631188,199938716.55967847
2020-03-02 00:00:00 UTC,2.622853112198903,1841030605.9598038,155985675.31032693
2020-03-03 00:00:00 UTC,2.790932766484956,1956978386.2256184,193685247.4644352
2020-03-04 00:00:00 UTC,2.7544565602790083,1935693904.5549657,165675803.74199367
2020-03-05 00:00:00 UTC,2.975662478401058,2089374902.1313267,177067455.90367353
2020-03-06 00:00:00 UTC,3.067364044969095,2146896298.273544,311903031.9702416
2020-03-07 00:00:00 UTC,3.1696129988799173,2228772996.5084352,195555936.64146933
2020-03-08 00:00:00 UTC,3.002322494073866,2107869843.61701,201078329.20496002
2020-03-09 00:00:00 UTC,2.582978888441668,1819390643.7557445,243048438.65130705
2020-03-10 00:00:00 UTC,2.530765522769773,1751664141.3595707,288682209.87499785
2020-03-11 00:00:00 UTC,2.5827156904664514,1827523913.996811,231668227.7088399
2020-03-12 00:00:00 UTC,2.5196111660589,1775506600.2119586,186745368.88506585
2020-03-13 00:00:00 UTC,1.348087012198147,969397700.6505326,329251634.5379799
2020-03-14 00:00:00 UTC,1.7745784877462385,1230177119.1625676,529423167.6498451
2020-03-15 00:00:00 UTC,1.5833598056454286,1117730030.9273946,187973217.33003208
2020-03-16 00:00:00 UTC,1.5633440390042683,1103220289.766276,168078046.50569314
2020-03-17 00:00:00 UTC,1.3214119185665247,926198848.0941386,238084769.2387517
2020-03-18 00:00:00 UTC,1.3895779015294372,993612314.0088294,176396022.1147731
2020-03-19 00:00:00 UTC,1.3935392178858037,977204752.068278,145616087.56655777
2020-03-20 00:00:00 UTC,1.635689135424627,1155195817.8291528,195663728.15483025
2020-03-21 00:00:00 UTC,1.677161682033289,1175198273.3388846,224722508.97270083
2020-03-22 00:00:00 UTC,1.6496005904340456,1162694691.681248,154940565.04409888
2020-03-23 00:00:00 UTC,1.476318595827775,1045640893.4335848,134240075.4075843
2020-03-24 00:00:00 UTC,1.6810735574072868,1175960645.0153687,180960301.45208392
2020-03-25 00:00:00 UTC,1.7649188382313163,1243055544.3798895,176495349.1150153
2020-03-26 00:00:00 UTC,1.7148341300917742,1205671635.5949018,129866332.47320594
2020-03-27 00:00:00 UTC,1.7518479570775305,1236561570.3011599,91858769.36243989
2020-03-28 00:00:00 UTC,1.5793822559005943,1107743480.9278667,93752630.18657497
2020-03-29 00:00:00 UTC,1.5685131067032858,1103964046.3969526,110249920.07700422
2020-03-30 00:00:00 UTC,1.478479309127274,1044926130.1051264,67375183.21119775
2020-03-31 00:00:00 UTC,1.6091643166505518,1134174650.6896446,138341349.8057921
2020-04-01 00:00:00 UTC,1.6117917181295685,1136396974.0776153,125158886.7644009
2020-04-02 00:00:00 UTC,1.6187444294748867,1138207524.8691318,115523916.51075932
2020-04-03 00:00:00 UTC,1.6668714922175079,1174833710.838677,199453587.05378088
2020-04-04 00:00:00 UTC,1.6758853906929556,1182157972.1993062,131441790.94636367
2020-04-05 00:00:00 UTC,1.7012806139511891,1198651022.7602735,149719071.38487113
2020-04-06 00:00:00 UTC,1.6718464683626566,1180274919.840383,112405608.79700948
2020-04-07 00:00:00 UTC,1.890019990166331,1328299304.2170727,163558622.26008263
2020-04-08 00:00:00 UTC,1.9521079752776127,1373250620.5240302,284315076.86634254
2020-04-09 00:00:00 UTC,2.1440765754665967,1518495462.4207265,205775803.78268296
2020-04-10 00:00:00 UTC,2.111209273058128,1493326344.5006196,196159288.98422945
2020-04-11 00:00:00 UTC,1.9019498268995672,1344907136.7275612,215475665.3508392
2020-04-12 00:00:00 UTC,1.9714404417317304,1391734719.192588,185051510.1805624
2020-04-13 00:00:00 UTC,1.9965167638413264,1431473187.2053525,231886707.4240425
2020-04-14 00:00:00 UTC,1.9410760546973385,1373728374.4483538,166560344.44415486
2020-04-15 00:00:00 UTC,1.9486548621531192,1378123549.5764525,157013837.0471334
2020-04-16 00:00:00 UTC,1.9012232641652744,1343076945.5941234,108033941.1634315
2020-04-17 00:00:00 UTC,2.0994985641896102,1488438482.973718,173855914.97669482
2020-04-18 00:00:00 UTC,2.0854637722613263,1485888302.113062,201520175.97372332
2020-04-19 00:00:00 UTC,2.330689471399,1654262857.9236386,192390425.9004806
2020-04-20 00:00:00 UTC,2.248641292861024,1585425737.4061813,240564958.24404573
2020-04-21 00:00:00 UTC,2.137385320939805,1513275287.6583455,260324604.96605647
2020-04-22 00:00:00 UTC,2.1391255163982104,1513400359.1894176,218000756.0100218
2020-04-23 00:00:00 UTC,2.3334772760491385,1651443469.7078214,169960077.62796375
2020-04-24 00:00:00 UTC,2.462808140756543,1739991565.0505698,284930536.27597326
2020-04-25 00:00:00 UTC,2.7113213385353627,1923388327.55192,278099189.6178893
2020-04-26 00:00:00 UTC,2.8579359190704934,2023302571.9498007,222356626.357758
2020-04-27 00:00:00 UTC,2.7674202806070696,1964277227.0542746,190463961.7364109
2020-04-28 00:00:00 UTC,2.7434831660493244,1938865025.3058138,222549656.28090844
2020-04-29 00:00:00 UTC,2.7496010694816078,1948602665.7810824,281558524.6214104
2020-04-30 00:00:00 UTC,2.9383964292239444,2079750572.1331284,336208606.4307514
2020-05-01 00:00:00 UTC,2.7460934447862924,1949795564.1728845,324889160.1920692
2020-05-02 00:00:00 UTC,2.8079666167390958,1997678977.5471683,283049082.9691333
2020-05-03 00:00:00 UTC,2.8386119973753665,2015228238.5034962,236394287.29609108
2020-05-04 00:00:00 UTC,2.7403740638088925,1946123496.6364765,125420169.45171157
2020-05-05 00:00:00 UTC,2.7796716306531284,1969735472.669643,237510047.79653105
2020-05-06 00:00:00 UTC,2.7524164234875332,1944443757.7186253,170790130.88578025
2020-05-07 00:00:00 UTC,2.6353666312621544,1894966246.000706,160777822.74383542
2020-05-08 00:00:00 UTC,2.7186518473281085,1941223761.5381844,219717058.2036982
2020-05-09 00:00:00 UTC,2.7482905334568755,1956157761.6416216,167481573.73546898
2020-05-10 00:00:00 UTC,2.81685446263515,2001434486.8393266,221277499.58288407
2020-05-11 00:00:00 UTC,2.5571683667396616,1811581831.5572367,235717047.07692096
2020-05-12 00:00:00 UTC,2.429212911800115,1723473797.888825,253649633.70459667
2020-05-13 00:00:00 UTC,2.5027880281020543,1777105113.5020432,152541202.7183155
2020-05-14 00:00:00 UTC,2.56779839293846,1821589618.7084079,121993669.2410998
2020-05-15 00:00:00 UTC,2.547399911938029,1805687019.3213754,138198900.57273072
2020-05-16 00:00:00 UTC,2.4829192738693293,1758637033.9747705,114011610.36153726
2020-05-17 00:00:00 UTC,2.6296932127667625,1868747141.9150941,123193657.01205932
2020-05-18 00:00:00 UTC,2.6184463128229813,1861831173.1091106,115676621.04560605
2020-05-19 00:00:00 UTC,2.748363980540958,1951811871.674218,135960229.57824287
2020-05-20 00:00:00 UTC,2.831982901750078,2013461056.5635128,131638066.31975935
2020-05-21 00:00:00 UTC,2.80943110405819,1998067006.421884,126150278.04564267
2020-05-22 00:00:00 UTC,2.6344999860927016,1878016448.7778273,100830565.70990106
2020-05-23 00:00:00 UTC,2.772017131927585,1972044734.2592878,95624541.50458264
2020-05-24 00:00:00 UTC,2.7595223672958955,1958765192.237596,75153567.94320682
2020-05-25 00:00:00 UTC,2.6440170050774547,1891390878.576545,88851391.26436985
2020-05-26 00:00:00 UTC,2.737913809510576,1939622209.2440093,81740503.84567171
2020-05-27 00:00:00 UTC,2.691375036840892,1915919227.153048,76207322.91041677
2020-05-28 00:00:00 UTC,2.703415855204504,1926390976.744889,70125979.87180643
2020-05-29 00:00:00 UTC,2.8357152252220468,2015609631.789156,81106502.7956994
2020-05-30 00:00:00 UTC,2.8752373139985,2042279552.689777,89197697.9528718
2020-05-31 00:00:00 UTC,2.9153734789534527,2079110919.618558,112237232.74309516
2020-06-01 00:00:00 UTC,2.804772075322507,1979417350.9474227,98829483.36896013
2020-06-02 00:00:00 UTC,2.970072009814529,2116349009.5102105,117259355.91684166
2020-06-03 00:00:00 UTC,2.8978663199483616,2059863146.0046337,155806644.98508793
2020-06-04 00:00:00 UTC,3.033473311655378,2156274749.150578,91066239.72737159
2020-06-05 00:00:00 UTC,3.00921263364659,2143418003.0250387,90813058.23408748
2020-06-06 00:00:00 UTC,2.9290898422620155,2096311804.769049,76844206.8555695
2020-06-07 00:00:00 UTC,2.9241265523692737,2085264281.0103965,52529900.06519186
2020-06-08 00:00:00 UTC,2.8829933793553875,2055063236.4295442,72445130.73165154
2020-06-09 00:00:00 UTC,2.943808357122885,2102915173.239053,60909054.51555443
2020-06-10 00:00:00 UTC,2.9021794014851117,2069512331.605902,74049403.76159513
2020-06-11 00:00:00 UTC,2.8884238722748266,2059216502.434948,76525724.26642618
2020-06-12 00:00:00 UTC,2.6240420121146517,1868290172.8247707,121528242.57915428
2020-06-13 00:00:00 UTC,2.6689355321181383,1905289409.9867687,104591022.32773028
2020-06-14 00:00:00 UTC,2.6961525558567403,1921528811.9898953,69206749.91422604
2020-06-15 00:00:00 UTC,2.588224581192538,1851063613.8035266,65118788.06209221
2020-06-16 00:00:00 UTC,2.624194657208786,1873742433.2992551,111568586.27788714
2020-06-17 00:00:00 UTC,2.6128168639228053,1864421445.2126448,74530671.67448984
2020-06-18 00:00:00 UTC,2.67425367105118,1914652577.9821925,80186210.8181426
2020-06-19 00:00:00 UTC,2.665943012737539,1911225986.3748288,136562551.38100922
2020-06-20 00:00:00 UTC,2.6262731650451747,1871422145.253837,102430560.34373002
2020-06-21 00:00:00 UTC,2.6155046076312227,1866891443.229354,83845684.35316737
2020-06-22 00:00:00 UTC,2.5802562922928165,1844737031.491057,60478782.00995846
2020-06-23 00:00:00 UTC,2.680132551372414,1916176352.1790602,79290273.78283912
2020-06-24 00:00:00 UTC,2.7812494210802656,1985730409.0918176,122529388.04107755
2020-06-25 00:00:00 UTC,2.626836755270073,1881609489.6887386,127235425.40574804
2020-06-26 00:00:00 UTC,2.584673790245706,1848443853.2482245,95451383.9983744
2020-06-27 00:00:00 UTC,2.4821075020219285,1776999515.6829958,117013192.78820084
2020-06-28 00:00:00 UTC,2.324311390378567,1664082690.0177085,97123688.13266116
2020-06-29 00:00:00 UTC,2.36535215253462,1692415561.2190216,71446433.56457971
2020-06-30 00:00:00 UTC,2.411152927734695,1725464529.496413,65026856.6961254
2020-07-01 00:00:00 UTC,2.3591851850568006,1688514375.7808352,52392998.14488076
2020-07-02 00:00:00 UTC,2.3975439630356923,1716237638.0358765,61529765.11774444
2020-07-03 00:00:00 UTC,2.3327402462886773,1671574104.2097332,57798676.30594493
2020-07-04 00:00:00 UTC,2.2786383583825223,1634223011.5416913,58581081.48029622
2020-07-05 00:00:00 UTC,2.324618014354041,1663893640.8150804,49522548.7119193
2020-07-06 00:00:00 UTC,2.284030474883826,1632565982.3747573,55107077.32020626
2020-07-07 00:00:00 UTC,2.4405756302638486,1748421678.2868838,84238827.10347867
2020-07-08 00:00:00 UTC,2.5083346152215,1797335376.9830694,121452303.5598897
2020-07-09 00:00:00 UTC,2.6493790075589434,1898608417.7335546,134884443.71538764
2020-07-10 00:00:00 UTC,2.5286408950652257,1812369928.8032246,125984331.79052363
2020-07-11 00:00:00 UTC,2.540265043694283,1821449401.1942198,98896632.33511268
2020-07-12 00:00:00 UTC,2.690608622645249,1931842440.1117392,159549188.65930918
2020-07-13 00:00:00 UTC,2.817359214770077,2019823910.1142964,185251921.646793
2020-07-14 00:00:00 UTC,2.898892408133816,2079050688.5770628,473245899.5945333
2020-07-15 00:00:00 UTC,2.9666378698136358,2127972353.7492926,278168118.86827534
2020-07-16 00:00:00 UTC,3.1784808628183243,2265596667.575265,277459633.33175933
2020-07-17 00:00:00 UTC,3.087491856471197,2222216384.330262,430670957.48700994
2020-07-18 00:00:00 UTC,3.1742855754208823,2279021089.175442,193759590.95345533
2020-07-19 00:00:00 UTC,3.0085784647486395,2159415863.126212,171162377.66304168
2020-07-20 00:00:00 UTC,2.9796899912096886,2139019263.0311508,120295496.07959972
2020-07-21 00:00:00 UTC,2.7681113674034643,1986938228.0187821,135208065.59608132
2020-07-22 00:00:00 UTC,3.010536513782533,2153849097.5033326,158847532.75854957
2020-07-23 00:00:00 UTC,3.1057812130269093,2230591914.728702,113145259.69528128
2020-07-24 00:00:00 UTC,3.166258109763062,2273299508.986404,170515442.57206038
2020-07-25 00:00:00 UTC,3.0329422629386538,2169221870.056661,141217087.32042417
2020-07-26 00:00:00 UTC,3.0605120427345005,2198979995.964584,128340811.73488183
2020-07-27 00:00:00 UTC,2.9831066890343534,2143478257.7715304,153897670.52366477
2020-07-28 00:00:00 UTC,2.816309767907384,2024621192.8375413,275530024.93561053
2020-07-29 00:00:00 UTC,2.8347414666052857,2037852527.245404,162023653.3031336
2020-07-30 00:00:00 UTC,2.77640188774958,1992679030.778097,132231159.2995406
2020-07-31 00:00:00 UTC,2.807974966350112,2022888196.9171934,98022790.58946906
2020-08-01 00:00:00 UTC,2.835769838295453,2035409549.9085267,112365374.76567017
2020-08-02 00:00:00 UTC,3.044397384815073,2193289730.139639,176951980.14604208
2020-08-03 00:00:00 UTC,2.877215739525276,2065944463.1899285,258813937.76197642
2020-08-04 00:00:00 UTC,3.065314751037421,2193675065.7119274,191258975.2678206
2020-08-05 00:00:00 UTC,3.2426338104128654,2323152771.00575,305498415.7261937
2020-08-06 00:00:00 UTC,3.1107292366131287,2239050752.0808773,144322548.7245821
2020-08-07 00:00:00 UTC,3.2449625922031142,2341308845.936802,224673970.21506184
2020-08-08 00:00:00 UTC,3.081214278013582,2226107320.8501353,213649382.31793112
2020-08-09 00:00:00 UTC,3.38889702261124,2434508263.964271,239813261.5938648
2020-08-10 00:00:00 UTC,3.6856328631241935,2654507036.2554345,375177626.3891832
2020-08-11 00:00:00 UTC,4.219648940300373,3035491270.774409,560280943.3906815
2020-08-12 00:00:00 UTC,4.0105292222855935,2902633099.024109,588526873.0313281
2020-08-13 00:00:00 UTC,4.392701986235046,3140592165.486799,563297855.9725263
2020-08-14 00:00:00 UTC,4.0846787886522735,2976980602.3911066,454197744.7532952
2020-08-15 00:00:00 UTC,4.111422761729625,2963476693.443769,286897037.39677984
2020-08-16 00:00:00 UTC,4.077192049226108,2939950141.092545,350377661.64237696
2020-08-17 00:00:00 UTC,4.249673648823784,3064002423.0922647,299412453.4591161
2020-08-18 00:00:00 UTC,4.05115814418846,2927109597.220989,240729406.60325584
2020-08-19 00:00:00 UTC,3.8268348664663527,2758738644.255935,253310847.87087
2020-08-20 00:00:00 UTC,3.6393496816060655,2630800680.935114,322205370.1925916
2020-08-21 00:00:00 UTC,3.864288343130648,2788900991.138039,261160638.9650573
2020-08-22 00:00:00 UTC,3.3762202069253227,2434240781.5340447,286919930.09299123
2020-08-23 00:00:00 UTC,3.5872453781446905,2588789223.606388,225337848.2683306
2020-08-24 00:00:00 UTC,3.5349872972780685,2554497609.657158,175889572.24706176
2020-08-25 00:00:00 UTC,3.6955595597730975,2670643462.015227,238336978.51408628
2020-08-26 00:00:00 UTC,3.448239780308304,2489615316.023418,242669445.13441363
2020-08-27 00:00:00 UTC,3.369467629647428,2434784147.3892922,203339113.704212
2020-08-28 00:00:00 UTC,3.2177668444660585,2317918193.775074,239002383.86838683
2020-08-29 00:00:00 UTC,3.2668007131204133,2358624738.824864,159941282.735988
2020-08-30 00:00:00 UTC,3.3576449819752177,2428024283.5675483,169931942.22768068
2020-08-31 00:00:00 UTC,3.3861088512086006,2444850809.5110397,161216374.58208793
2020-09-01 00:00:00 UTC,3.254892328606364,2357652324.511304,157727923.12496185
2020-09-02 00:00:00 UTC,3.440686856545332,2500983950.820893,220927970.1543105
2020-09-03 00:00:00 UTC,3.157616409717041,2283385326.889628,273502930.83449733
2020-09-04 00:00:00 UTC,2.566301217030674,1848444129.7062173,296850682.19197434
2020-09-05 00:00:00 UTC,2.7515062887045683,1991882837.521398,293281736.56833565
2020-09-06 00:00:00 UTC,2.480068811943648,1793603359.7281704,327465632.91195095
2020-09-07 00:00:00 UTC,2.5565194632695407,1849176856.44904,213847094.3073352
2020-09-08 00:00:00 UTC,2.548544975481435,1839262676.4168527,190264180.2915289
2020-09-09 00:00:00 UTC,2.5061947533610343,1811709146.209554,189540870.0740368
2020-09-10 00:00:00 UTC,2.528642751217984,1830231996.2268875,137362742.10876098
2020-09-11 00:00:00 UTC,2.5733005368670483,1861143597.228299,143567722.3882542
2020-09-12 00:00:00 UTC,2.5606554142751468,1857301802.841912,128509288.948369
2020-09-13 00:00:00 UTC,2.602259898830908,1881060516.018386,122916124.37925036
2020-09-14 00:00:00 UTC,2.6200743179839487,1890467662.4088407,165507409.13685688
2020-09-15 00:00:00 UTC,2.6197800989083344,1893029139.0846355,128085148.69195372
2020-09-16 00:00:00 UTC,2.5108561404581926,1818265381.0356407,136026802.69667187
2020-09-17 00:00:00 UTC,2.474784536077704,1791564594.1843946,132769604.80272724
2020-09-18 00:00:00 UTC,2.4754652192665225,1793629163.0059168,109424208.94045152
2020-09-19 00:00:00 UTC,2.358634621064471,1706585310.8410823,114462680.53896531
2020-09-20 00:00:00 UTC,2.317736311784912,1681528642.7559135,109166942.99800734
2020-09-21 00:00:00 UTC,2.218382430091945,1605939724.0813837,124034840.45135704
2020-09-22 00:00:00 UTC,1.9769134408541729,1444400274.278305,189869842.51943192
2020-09-23 00:00:00 UTC,2.1117227055126486,1524581760.88825,136867596.62139258
2020-09-24 00:00:00 UTC,1.9502795301209523,1415527799.903451,122097659.11387092
2020-09-25 00:00:00 UTC,2.1518490667188384,1562319154.3013859,110735054.3765166
2020-09-26 00:00:00 UTC,2.20525522338239,1597617296.7668624,102840337.37679088
2020-09-27 00:00:00 UTC,2.169719737376364,1577005808.2684586,90507387.20002252
2020-09-28 00:00:00 UTC,2.176855400196311,1578139085.1226356,82682553.14567399
2020-09-29 00:00:00 UTC,2.252846286981536,1623010031.1839404,111380366.23381814
2020-09-30 00:00:00 UTC,2.226514237091828,1616249255.4034634,91085135.33465669
2020-10-01 00:00:00 UTC,2.1986708711902945,1596467813.618669,77520852.96747553
2020-10-02 00:00:00 UTC,2.192612754917551,1591088248.4813695,91217059.16715723
2020-10-03 00:00:00 UTC,2.0898171386484283,1516475875.1051447,103649570.50110658
2020-10-04 00:00:00 UTC,2.113728325222916,1540862563.3996909,65670464.23625699
2020-10-05 00:00:00 UTC,2.115364616065431,1537409816.4656305,65952283.67974832
2020-10-06 00:00:00 UTC,2.14309430996923,1558367761.166532,60039208.750112
2020-10-07 00:00:00 UTC,2.063481508192917,1496341048.320057,105843804.04014143
2020-10-08 00:00:00 UTC,2.064760196210268,1501560165.8126755,89497823.25360909
2020-10-09 00:00:00 UTC,2.112766577616348,1526909965.241897,91684371.69554695
2020-10-10 00:00:00 UTC,2.1984056702192154,1598188261.4276495,100923606.49974452
2020-10-11 00:00:00 UTC,2.2113340031086928,1609546916.6255386,99252752.2158466
2020-10-12 00:00:00 UTC,2.2501872424781126,1636633797.3105233,88310409.8233248
2020-10-13 00:00:00 UTC,2.3444496425991757,1707060052.8512313,113577727.12226903
2020-10-14 00:00:00 UTC,2.3983923184009703,1743902395.5281086,121506136.84258036
2020-10-15 00:00:00 UTC,2.286037671356125,1662902561.4877715,101112848.9588122
2020-10-16 00:00:00 UTC,2.233376908908174,1625490228.0424256,81319520.77846491
2020-10-17 00:00:00 UTC,2.165868331308656,1582401847.1724596,74234189.57191092
2020-10-18 00:00:00 UTC,2.185566237282747,1590071954.4733539,50746585.53675898
2020-10-19 00:00:00 UTC,2.2280928187831006,1621143811.2726538,50787378.38556273
2020-10-20 00:00:00 UTC,2.191710164186787,1593745978.7561345,77209854.43763456
2020-10-21 00:00:00 UTC,2.054159566882144,1492386987.2171032,98772208.7783173
2020-10-22 00:00:00 UTC,2.126119987626069,1541392027.0499492,99604399.83140726
2020-10-23 00:00:00 UTC,2.182838487089146,1590092137.7945688,101943737.67689665
2020-10-24 00:00:00 UTC,2.217931647471253,1614618917.596055,90780079.63618259
2020-10-25 00:00:00 UTC,2.21872561386724,1617037877.9126265,63905360.10316233
2020-10-26 00:00:00 UTC,2.163919847023061,1577644534.5464373,71646289.58307572
2020-10-27 00:00:00 UTC,2.0929771587707178,1526103138.9656408,86221227.93889439
2020-10-28 00:00:00 UTC,2.08319999351668,1557878736.4865909,91732270.24023144
2020-10-29 00:00:00 UTC,2.0020101589867645,1494548427.0742323,96798443.45153692
2020-10-30 00:00:00 UTC,1.933748968530617,1449608394.0486946,78497144.41154976
2020-10-31 00:00:00 UTC,1.9002304321508816,1422135444.265825,94082859.2897747
2020-11-01 00:00:00 UTC,1.9765533926704808,1479204817.876501,82805558.238435
2020-11-02 00:00:00 UTC,1.9864830771341764,1485107272.9305177,64466557.23255295
2020-11-03 00:00:00 UTC,1.90004542228334,1424864367.4136176,68186616.53033483
2020-11-04 00:00:00 UTC,1.8673227461970616,1400140490.8233955,81924443.17106967
2020-11-05 00:00:00 UTC,1.875678717940686,1403887061.944091,89178580.3507963
2020-11-06 00:00:00 UTC,1.885144654163736,1414249072.786062,128290619.52759098
2020-11-07 00:00:00 UTC,2.0869117353886977,1565816456.9491699,193887101.74160329
2020-11-08 00:00:00 UTC,2.024486013170064,1516738680.697803,208030294.33028105
2020-11-09 00:00:00 UTC,2.0917534917347687,1569614759.8098993,112436062.1512933
2020-11-10 00:00:00 UTC,2.092290667413292,1563719976.7433481,93435670.12318283
2020-11-11 00:00:00 UTC,2.1481383217416505,1610505143.5443633,108665315.12154788
2020-11-12 00:00:00 UTC,2.1230633304404947,1588520352.1629426,95777761.1756682
2020-11-13 00:00:00 UTC,2.0685934857001578,1562771703.8384824,96863837.0957276
2020-11-14 00:00:00 UTC,2.1492049380902336,1605982250.5141575,83688292.20580243
2020-11-15 00:00:00 UTC,2.100576771183952,1576634034.3475368,78666895.66464393
2020-11-16 00:00:00 UTC,2.0153347709030403,1511380694.367273,82636785.32112612
2020-11-17 00:00:00 UTC,2.080394990369101,1558540302.007192,85716765.05515632
2020-11-18 00:00:00 UTC,2.139281142287572,1604812778.014851,103438376.99610388
2020-11-19 00:00:00 UTC,2.087573544200837,1563950007.5763724,118232802.81698547
2020-11-20 00:00:00 UTC,2.077638323271076,1557472208.995098,84220902.94720294
2020-11-21 00:00:00 UTC,2.0988685761724004,1574198304.6637511,124664181.98020232
2020-11-22 00:00:00 UTC,2.3790743323832206,1781068011.8895407,301470071.74924153
2020-11-23 00:00:00 UTC,2.2736875687369182,1711412366.659153,222742765.48729828
2020-11-24 00:00:00 UTC,2.6178841198364555,1949419578.5894442,296062458.62099355
2020-11-25 00:00:00 UTC,2.659412901439615,1996893279.7618527,353145590.22196347
2020-11-26 00:00:00 UTC,2.6086231137583997,1943215098.38568,328753786.06346124
2020-11-27 00:00:00 UTC,2.242258144337232,1679951579.8928714,382056534.7101653
2020-11-28 00:00:00 UTC,2.2509875615386563,1688496653.9587018,173351595.47042355
2020-11-29 00:00:00 UTC,2.32251281526384,1748955694.6587873,135180103.1223276
2020-11-30 00:00:00 UTC,2.3576806039738374,1767263563.2449515,120087868.31914036
2020-12-01 00:00:00 UTC,2.4710028710027614,1869000040.4339828,145626400.3988446
2020-12-02 00:00:00 UTC,2.3314919293142715,1754504978.0738099,190579447.49666104
2020-12-03 00:00:00 UTC,2.3978058281075363,1806106377.265111,105160029.71473336
2020-12-04 00:00:00 UTC,2.4059528321622508,1812240500.124379,93165153.51701511
2020-12-05 00:00:00 UTC,2.2842538544109576,1703730798.258327,113564156.2863734
2020-12-06 00:00:00 UTC,2.3199513492793904,1746308745.6164458,81196153.82280862
2020-12-07 00:00:00 UTC,2.322268815276081,1745650862.3648686,82668606.46790998
2020-12-08 00:00:00 UTC,2.276358142033252,1710587750.8949633,86996134.56845589
2020-12-09 00:00:00 UTC,2.152771999528809,1627705602.0688484,127799007.55973352
2020-12-10 00:00:00 UTC,2.1811031879472624,1643899379.5186088,126064579.80560024
2020-12-11 00:00:00 UTC,2.108492330965324,1591975550.515817,70908856.77921359
2020-12-12 00:00:00 UTC,2.0856678637104924,1570997146.1719408,80138469.05658853
2020-12-13 00:00:00 UTC,2.132610969141969,1608008226.3743956,74159431.30664752
2020-12-14 00:00:00 UTC,2.226696333435332,1672289320.7419002,103414856.65318283
2020-12-15 00:00:00 UTC,2.222351396081997,1675846154.6455092,83899525.89409275
2020-12-16 00:00:00 UTC,2.23214531561279,1681027304.174169,70154490.0951386
2020-12-17 00:00:00 UTC,2.360532130690257,1776456468.5268774,124999063.06177412
2020-12-18 00:00:00 UTC,2.298666690652368,1730812782.4174304,174690330.16498995
2020-12-19 00:00:00 UTC,2.323728092804498,1744323174.3963232,101108094.09009326
2020-12-20 00:00:00 UTC,2.327574231871444,1754852664.9567478,102673742.6203907
2020-12-21 00:00:00 UTC,2.268962499004899,1709322187.0914776,98166144.1747786
2020-12-22 00:00:00 UTC,2.1890882724059466,1650864666.7411222,130836097.3044686
2020-12-23 00:00:00 UTC,2.188145029278132,1647308672.5530355,125968880.60971215
2020-12-24 00:00:00 UTC,1.8283269901797583,1402058456.1627774,167181060.5348013
2020-12-25 00:00:00 UTC,2.0600134775618804,1548373750.453402,143184689.9389892
2020-12-26 00:00:00 UTC,2.0287842975173542,1533603579.423372,107254306.87007768
2020-12-27 00:00:00 UTC,1.980001472696876,1489489797.771751,94301022.25545076
2020-12-28 00:00:00 UTC,2.013742064492955,1521682892.7660782,157249507.67246044
2020-12-29 00:00:00 UTC,2.121961491508916,1596704990.3514733,129211582.20851526
2020-12-30 00:00:00 UTC,2.0554045994256684,1544957384.378722,144100420.99000707
2020-12-31 00:00:00 UTC,1.9895967819070648,1500487079.5317678,105406492.96575916
2021-01-01 00:00:00 UTC,2.017079935212876,1516578271.896524,105883113.63602877
2021-01-02 00:00:00 UTC,2.0088636540830387,1523146524.4121106,124879432.92739516
2021-01-03 00:00:00 UTC,2.0024487498268826,1512714316.1082716,156980074.83653188
2021-01-04 00:00:00 UTC,2.130992266734892,1632071259.7526774,205143459.26062492
2021-01-05 00:00:00 UTC,2.267126787840954,1709257083.582633,237536060.48687842
2021-01-06 00:00:00 UTC,2.3804644730706106,1790258329.7533894,263488663.57308725
2021-01-07 00:00:00 UTC,2.6089093996320107,1976358572.5458887,314909012.44445354
2021-01-08 00:00:00 UTC,2.5519901326720658,1905714405.6054986,305476402.31436366
2021-01-09 00:00:00 UTC,2.4563153498569625,1853714935.5614915,273880205.28825617
2021-01-10 00:00:00 UTC,2.6433694018480307,2008366587.0960104,224096425.36076087
2021-01-11 00:00:00 UTC,2.7794302927967114,2101853610.624836,406930396.1660224
2021-01-12 00:00:00 UTC,2.3349262044748924,1763337784.9620879,376322794.96214753
2021-01-13 00:00:00 UTC,2.290594249728469,1730643026.145927,226098664.96070325
2021-01-14 00:00:00 UTC,2.4871935528636717,1874185793.0909293,195946558.0242464
2021-01-15 00:00:00 UTC,2.5403209112582066,1903925041.8475864,222775739.17385745
2021-01-16 00:00:00 UTC,2.7283576178724647,2076893308.7488663,438093033.52234316
2021-01-17 00:00:00 UTC,2.8849303055303843,2194313704.74685,542142321.1937717
2021-01-18 00:00:00 UTC,2.964515921163982,2279077536.5866394,352202049.0887398
2021-01-19 00:00:00 UTC,3.01882995397156,2270934056.977745,274645559.7151668
2021-01-20 00:00:00 UTC,2.900198635333346,2204583732.3587933,309410806.63511294
2021-01-21 00:00:00 UTC,2.908790050227364,2200799736.863482,267580962.17544267
2021-01-22 00:00:00 UTC,2.4702533780005766,1881348767.445071,244992908.16309425
2021-01-23 00:00:00 UTC,2.9387365379620385,2217756943.161972,545028070.0830699
2021-01-24 00:00:00 UTC,3.1658829874016465,2386580431.092816,718044525.9525228
2021-01-25 00:00:00 UTC,3.0426407569512923,2311183914.301752,389175466.4728623
2021-01-26 00:00:00 UTC,2.9345749149204976,2236352457.68508,281495976.5934834
2021-01-27 00:00:00 UTC,2.9110120036385143,2223657890.4190373,230347584.68906125
2021-01-28 00:00:00 UTC,2.806445003069661,2108739945.6427352,259441164.00271085
2021-01-29 00:00:00 UTC,3.0360750194684494,2286111445.2575607,344821475.56900334
2021-01-30 00:00:00 UTC,2.9049993382342514,2208162565.999345,311550294.58074963
2021-01-31 00:00:00 UTC,2.882529947641705,2182555470.33977,245205457.1890653
2021-02-01 00:00:00 UTC,2.833799114228397,2147668478.160957,230466175.4958745
2021-02-02 00:00:00 UTC,2.9048198140128534,2193843844.316525,223306611.69575933
2021-02-03 00:00:00 UTC,2.9055449237627684,2213380101.625526,200602380.2694638
2021-02-04 00:00:00 UTC,3.0546380539580738,2312097663.8411593,310507954.36120963
2021-02-05 00:00:00 UTC,2.95084674397108,2248575857.0423284,341648256.0782644
2021-02-06 00:00:00 UTC,3.4461809706072013,2618654531.402276,496817592.79749686
2021-02-07 00:00:00 UTC,3.1755235184475774,2397337486.2789717,381427954.91104096
2021-02-08 00:00:00 UTC,3.3111197509246644,2511770841.461724,454710212.58714473
2021-02-09 00:00:00 UTC,3.4119803381039824,2578993607.451485,361248658.9469787
2021-02-10 00:00:00 UTC,3.7664131429843617,2855996017.010144,658915682.7448412
2021-02-11 00:00:00 UTC,3.8070484352763128,2899895399.3714185,604989177.3105781
2021-02-12 00:00:00 UTC,4.111953754112434,3124741586.0129857,642383902.7533673
2021-02-13 00:00:00 UTC,5.002380614484605,3798611133.9632797,1091591587.0178523
2021-02-14 00:00:00 UTC,5.300487435497738,4006098683.0208726,993216028.0555967
2021-02-15 00:00:00 UTC,4.899082381035012,3729650712.3005314,720367369.6951113
2021-02-16 00:00:00 UTC,4.51335335811717,3417324525.254806,822390427.6201812
2021-02-17 00:00:00 UTC,4.5108806263382375,3422503115.6084948,490256267.1245905
2021-02-18 00:00:00 UTC,4.599713662426408,3483649036.30718,490475954.562817
2021-02-19 00:00:00 UTC,4.855462332812241,3686868640.4534774,550261621.9314847
2021-02-20 00:00:00 UTC,4.9799722031296625,3783935133.746002,543521045.4107137
2021-02-21 00:00:00 UTC,4.687210450014555,3524653936.336333,629356311.6834322
2021-02-22 00:00:00 UTC,4.700975087167085,3576294633.0896273,443691505.1827495
2021-02-23 00:00:00 UTC,4.302012017266234,3275737365.469639,707838269.0377039
2021-02-24 00:00:00 UTC,3.529451344253531,2681234472.617243,747865873.3505805
2021-02-25 00:00:00 UTC,3.5467738701891816,2692106873.650325,516145330.59455985
2021-02-26 00:00:00 UTC,3.3354209652771605,2592264789.204739,526036856.51304185
2021-02-27 00:00:00 UTC,3.4750541048371693,2654039454.144459,537464939.6053778
2021-02-28 00:00:00 UTC,3.678158387717987,2773855938.735741,505816643.1368954
2021-03-01 00:00:00 UTC,3.4062486940007743,2608055243.904446,442643725.11051285
2021-03-02 00:00:00 UTC,3.6539942837680535,2779364113.264725,352459808.53147215
2021-03-03 00:00:00 UTC,3.690405400696469,2817148012.41006,446732040.6898727
2021-03-04 00:00:00 UTC,3.865603908301413,2962520217.473525,492361659.4311702
2021-03-05 00:00:00 UTC,3.6827258452035054,2810315226.152902,482155455.48296624
2021-03-06 00:00:00 UTC,3.781667666824757,2872944190.582261,450955194.55974007
2021-03-07 00:00:00 UTC,3.872420682679928,2945781421.515544,365472240.4492622
2021-03-08 00:00:00 UTC,4.2067117048390665,3200798370.9297857,448147259.6548535
2021-03-09 00:00:00 UTC,4.395730713472027,3356062648.257592,610222682.5783824
2021-03-10 00:00:00 UTC,4.475118090913019,3407207659.88944,460070070.6840693
2021-03-11 00:00:00 UTC,4.157908038155466,3178618294.745718,421598291.76565343
2021-03-12 00:00:00 UTC,4.118128057022113,3134511093.5110197,322829680.4044681
2021-03-13 00:00:00 UTC,3.9836162317356734,3049586973.3137865,373354328.2540565
2021-03-14 00:00:00 UTC,4.1751395049450695,3192598491.6065288,346939477.00824994
2021-03-15 00:00:00 UTC,4.002418807183686,3045827485.423561,307263027.75745183
2021-03-16 00:00:00 UTC,3.8422310779527935,2971247288.634555,383740202.6767083
2021-03-17 00:00:00 UTC,4.044837798875282,3081035817.748267,360222209.01577663
2021-03-18 00:00:00 UTC,4.3978653492061826,3338922501.2844753,515328358.36754835
2021-03-19 00:00:00 UTC,4.287957353166072,3268655398.110452,432347451.75973684
2021-03-20 00:00:00 UTC,4.245892494288015,3241393141.644029,265469053.00524515
2021-03-21 00:00:00 UTC,4.384321028342279,3347761135.539491,350238696.8832629
2021-03-22 00:00:00 UTC,4.178614291719098,3191814961.652752,297718255.59782004
2021-03-23 00:00:00 UTC,4.079178170314248,3143232138.097742,366394250.5855037
2021-03-24 00:00:00 UTC,4.1320026308022015,3149429998.7377753,340822897.66080457
2021-03-25 00:00:00 UTC,4.013219328136062,3089734437.587358,452772809.9941248
2021-03-26 00:00:00 UTC,3.9182456459907553,2991699680.783849,373270272.1785477
2021-03-27 00:00:00 UTC,4.200465250253238,3203703116.5228553,236477775.4493512
2021-03-28 00:00:00 UTC,4.104547964842599,3145409204.930594,178011673.19293848
2021-03-29 00:00:00 UTC,4.226836973474674,3227780391.6267104,237698733.7136056
2021-03-30 00:00:00 UTC,4.57092411068831,3490514730.50276,347236115.9287189
2021-03-31 00:00:00 UTC,4.557137677922938,3487151969.054101,288010064.24617326
2021-04-01 00:00:00 UTC,4.800897614784021,3680545418.709184,403688417.687047
2021-04-02 00:00:00 UTC,5.1010017927986535,3896074729.808557,658846458.5603006
2021-04-03 00:00:00 UTC,5.286493150363683,4042177218.3685455,420287355.1228726
2021-04-04 00:00:00 UTC,4.7668836101968095,3675303556.7439437,359692486.64286834
2021-04-05 00:00:00 UTC,5.125662991260828,3914782026.6203756,257977491.5867397
2021-04-06 00:00:00 UTC,6.048341865130769,4623762900.219779,1018445884.0444902
2021-04-07 00:00:00 UTC,6.208070531400591,4736901036.382875,1076877923.3315477
2021-04-08 00:00:00 UTC,5.5505932952744805,4289408981.460624,801174026.4185921
2021-04-09 00:00:00 UTC,6.1471692783755785,4720815263.153376,528030511.3513199
2021-04-10 00:00:00 UTC,6.72703935658223,5119093875.572361,805914152.4730184
2021-04-11 00:00:00 UTC,6.567661194801801,5021252937.950762,882066083.7873428
2021-04-12 00:00:00 UTC,6.449973047362115,4933964577.146044,474378021.97103584
2021-04-13 00:00:00 UTC,6.282093339551048,4810053307.083481,455601098.5717647
2021-04-14 00:00:00 UTC,6.5561646082863945,5015194474.645073,544035386.2384077
2021-04-15 00:00:00 UTC,6.5720461836441135,5047888940.230207,683316447.8440652
2021-04-16 00:00:00 UTC,6.814261897947693,5223489305.148417,616853654.2560424
2021-04-17 00:00:00 UTC,7.232065575246018,5568469301.9605465,1172755480.223524
2021-04-18 00:00:00 UTC,7.074653917344338,5469125203.405236,612770219.6528085
2021-04-19 00:00:00 UTC,6.163786672310157,4768481315.668057,1003033318.8913713
2021-04-20 00:00:00 UTC,5.483260443597826,4233741813.19852,617670722.0554514
2021-04-21 00:00:00 UTC,5.665682387518578,4343227516.206218,676604051.8279886
2021-04-22 00:00:00 UTC,5.371587800410148,4149869354.038053,422411243.02593195
2021-04-23 00:00:00 UTC,4.977189875325221,3845180465.0116453,531452071.07587457
2021-04-24 00:00:00 UTC,4.821423475859852,3690568522.213692,725653226.7284645
2021-04-25 00:00:00 UTC,4.470759903695479,3461104962.595385,275360681.4625678
2021-04-26 00:00:00 UTC,4.438241709722154,3406931804.678619,231794299.6751615
2021-04-27 00:00:00 UTC,5.218161119594764,4004942014.987612,375736910.48956186
2021-04-28 00:00:00 UTC,5.416634297311857,4163819856.425281,294609162.44855064
2021-04-29 00:00:00 UTC,5.239668230677626,4014548965.3873158,273992974.28123856
2021-04-30 00:00:00 UTC,5.233309636337316,4023154582.086261,211503208.24378327
2021-05-01 00:00:00 UTC,5.613054470723549,4315199508.621249,244599247.77491587
2021-05-02 00:00:00 UTC,5.818843426018478,4479240824.48296,203736278.5999532
2021-05-03 00:00:00 UTC,5.595541194358809,4285938809.38731,186504074.38614205
2021-05-04 00:00:00 UTC,6.017768725503976,4626272121.731739,293954184.46953773
2021-05-05 00:00:00 UTC,5.4908312782130135,4274077926.5131407,421764081.8187384
2021-05-06 00:00:00 UTC,6.625113390683462,5113574435.614565,591357930.9360647
2021-05-07 00:00:00 UTC,7.541138036868234,5797268378.471247,1223735427.2827241
2021-05-08 00:00:00 UTC,7.110856028927191,5455713014.458504,967440560.6903275
2021-05-09 00:00:00 UTC,6.981656148840081,5350727632.729703,445194502.6496325
2021-05-10 00:00:00 UTC,7.079112968382571,5427859519.363965,326943475.4168313
2021-05-11 00:00:00 UTC,6.2131411009265705,4791815185.987233,414214203.09923977
2021-05-12 00:00:00 UTC,7.093875465687186,5454964789.110393,642622020.4672147
2021-05-13 00:00:00 UTC,6.001139668029343,5138727955.47835,662410159.6100829
2021-05-14 00:00:00 UTC,6.149747425886736,5056125099.168759,594535809.9281971
2021-05-15 00:00:00 UTC,6.478836152458656,5380972421.224087,306223924.89341515
2021-05-16 00:00:00 UTC,5.753168013309625,4796903507.966864,318788201.8324473
2021-05-17 00:00:00 UTC,5.690904721896339,4690519409.269572,357114130.7473416
2021-05-18 00:00:00 UTC,5.179652750066151,4354528015.670237,357646623.05384177
2021-05-19 00:00:00 UTC,5.723557371617932,4714919723.288247,420163741.5237537
2021-05-20 00:00:00 UTC,3.6832300870888206,3118107056.627002,707180182.0275477
2021-05-21 00:00:00 UTC,4.113030225535561,3433808326.0047827,452007351.33546734
2021-05-22 00:00:00 UTC,3.644271362255608,3014107163.4073143,341869771.9128954
2021-05-23 00:00:00 UTC,3.436556379938017,2867147909.3498263,227098155.94262087
2021-05-24 00:00:00 UTC,2.939956326714582,2421342907.8700275,301503605.85675913
2021-05-25 00:00:00 UTC,3.5191174642319045,2919720879.4407363,257440741.94674745
2021-05-26 00:00:00 UTC,3.642754482152169,3037158977.890644,239370200.9366004
2021-05-27 00:00:00 UTC,3.917213562204779,3254863833.991725,236466322.40034282
2021-05-28 00:00:00 UTC,3.8530902589161653,3218965972.9011307,227197992.12365627
2021-05-29 00:00:00 UTC,3.4023999550187582,2835555073.901648,247291550.22007543
2021-05-30 00:00:00 UTC,3.2167952185626465,2695353136.418641,180418559.59614933
2021-05-31 00:00:00 UTC,3.283133814347241,2734975921.5089912,138285585.5170368
2021-06-01 00:00:00 UTC,3.6002993268851453,3000615303.904316,154167310.6634796
2021-06-02 00:00:00 UTC,3.6826905437808413,3076599378.7965164,179496391.25699788
2021-06-03 00:00:00 UTC,3.817528871766741,3177617908.4483123,149288873.43278882
2021-06-04 00:00:00 UTC,3.880111180561432,3248603335.957989,122805804.48086476
2021-06-05 00:00:00 UTC,3.5619825912883454,2973106646.995445,152484820.69549298
2021-06-06 00:00:00 UTC,3.4151279347895245,2822994537.768249,110200394.96180172
2021-06-07 00:00:00 UTC,3.8586403722993774,3214159901.71882,193297889.32149208
2021-06-08 00:00:00 UTC,3.4694279173438303,2941462671.621593,300115864.6752997
2021-06-09 00:00:00 UTC,3.4668217114378304,2894946712.5591464,266929626.35188743
2021-06-10 00:00:00 UTC,3.505548301195544,2928839230.0065413,178622930.02421632
2021-06-11 00:00:00 UTC,3.2690874476678777,2742688715.980956,120190454.18011494
2021-06-12 00:00:00 UTC,3.128944006459161,2600639816.505974,93698050.91695791
2021-06-13 00:00:00 UTC,3.164327215529226,2660335681.6686115,108978661.98876692
2021-06-14 00:00:00 UTC,3.3136532960054907,2748154953.139378,108401032.4386817
2021-06-15 00:00:00 UTC,3.3543131348367674,2797400069.7524467,101619603.87267956
2021-06-16 00:00:00 UTC,3.2916392763390463,2752867784.9330764,80464853.68514286
2021-06-17 00:00:00 UTC,3.1091094473740823,2591399752.004091,72918980.34332542
2021-06-18 00:00:00 UTC,3.3685946683618013,2798727371.240877,180056575.40800136
2021-06-19 00:00:00 UTC,3.0905444135860614,2586573589.218377,117255753.13997547
2021-06-20 00:00:00 UTC,3.034796600028382,2535402711.714129,74092665.40224545
2021-06-21 00:00:00 UTC,3.0852163887106308,2577825787.8284965,82487871.59383719
2021-06-22 00:00:00 UTC,2.5108328205756987,2117343676.0155199,129315689.17441736
2021-06-23 00:00:00 UTC,2.3586986609968226,1960924835.3167074,188167360.2786033
2021-06-24 00:00:00 UTC,2.6851148983684863,2238074573.7986197,122823667.5473806
2021-06-25 00:00:00 UTC,2.807341450970148,2348383777.703493,80523307.34138437
2021-06-26 00:00:00 UTC,2.564526324159838,2147658635.4292336,96259230.61369915
2021-06-27 00:00:00 UTC,2.5268021141706467,2109950829.392268,74247200.73433705
2021-06-28 00:00:00 UTC,2.624038760178379,2193964877.5846934,66600071.24242329
2021-06-29 00:00:00 UTC,2.7062097103316267,2262292631.884972,60467462.30030584
2021-06-30 00:00:00 UTC,2.9717379925829506,2490621653.6227627,110746695.95371014
2021-07-01 00:00:00 UTC,3.0285439013255084,2533193743.428576,98668483.8240398
2021-07-02 00:00:00 UTC,2.9528448705194803,2465068135.402017,80960373.45886402
2021-07-03 00:00:00 UTC,2.965939751034525,2473677881.520177,71795986.75455849
2021-07-04 00:00:00 UTC,3.0035248900470126,2507587073.613914,54192124.55314215
2021-07-05 00:00:00 UTC,3.0516350388959705,2556922800.34254,64706530.66843966
2021-07-06 00:00:00 UTC,2.8470450561792697,2383107370.27492,83522030.66289917
2021-07-07 00:00:00 UTC,2.864623480159685,2394988736.234735,73941036.83241615
2021-07-08 00:00:00 UTC,2.883807078336317,2412021027.709311,79483809.07228251
2021-07-09 00:00:00 UTC,2.709627916640297,2269237017.316244,84671616.97332011
2021-07-10 00:00:00 UTC,2.76719426898703,2317729374.032515,62924177.35034612
2021-07-11 00:00:00 UTC,2.801912370773381,2347961549.671452,56728654.8778455
2021-07-12 00:00:00 UTC,2.847995886398754,2386850720.617825,68590852.1420601
2021-07-13 00:00:00 UTC,2.8239994742133416,2360572393.665095,81089988.76939575
2021-07-14 00:00:00 UTC,2.7904385112605787,2344840801.996708,91690130.73275667
2021-07-15 00:00:00 UTC,2.7188136524895428,2277552600.299723,101059574.71495578
2021-07-16 00:00:00 UTC,2.562964798076264,2159617168.0758605,66202385.34330423
2021-07-17 00:00:00 UTC,2.4120317544572183,2022551045.758129,79518145.49553953
2021-07-18 00:00:00 UTC,2.4114608816168213,2026680057.169231,66988623.31772876
2021-07-19 00:00:00 UTC,2.4535819510025334,2044668819.81398,53031910.61649873
2021-07-20 00:00:00 UTC,2.323186869967108,1950368858.7637415,66626071.75604253
2021-07-21 00:00:00 UTC,2.1651229023341565,1814434517.349864,72233280.09228806
2021-07-22 00:00:00 UTC,2.4076094761491955,2012100322.6427548,82383198.92243041
2021-07-23 00:00:00 UTC,2.5106677610341794,2105300869.6348464,67535511.01797076
2021-07-24 00:00:00 UTC,2.6842481212167955,2251163140.4871507,97344531.50291902
2021-07-25 00:00:00 UTC,2.8174667752221003,2364325678.6575193,94636957.3131726
2021-07-26 00:00:00 UTC,2.916054568587088,2449399933.852817,103460137.99803588
2021-07-27 00:00:00 UTC,2.8378369805062063,2388374841.125783,196892704.048515
2021-07-28 00:00:00 UTC,2.8480146072719617,2386500901.8722205,108302167.59542245
2021-07-29 00:00:00 UTC,2.7981277649240903,2343356903.773399,88674600.93469518
2021-07-30 00:00:00 UTC,2.842497329419506,2395473344.303154,72627515.32281636
2021-07-31 00:00:00 UTC,2.9624130073614734,2486025137.878297,100941038.48967724
2021-08-01 00:00:00 UTC,3.0548077196871604,2568815227.9907136,109611302.4410444
2021-08-02 00:00:00 UTC,2.9499414724779527,2474530743.7359834,140861867.29610965
2021-08-03 00:00:00 UTC,3.152587434548708,2648535685.7271643,212741374.62677625
2021-08-04 00:00:00 UTC,3.0677100751804067,2578294888.640534,119316236.4131251
2021-08-05 00:00:00 UTC,3.1817794826875083,2675143182.129905,84988509.51651137
2021-08-06 00:00:00 UTC,3.2301025441705717,2716392722.3285484,153289755.50961888
2021-08-07 00:00:00 UTC,3.3579092372733705,2822514548.8367505,130076519.22387722
2021-08-08 00:00:00 UTC,3.4132310680426907,2866104176.194002,178070910.05178732
2021-08-09 00:00:00 UTC,3.1794158439026385,2676968848.247981,121307281.31106496
2021-08-10 00:00:00 UTC,3.277410434677757,2720275438.195968,125401516.6298768
2021-08-11 00:00:00 UTC,3.2697275664500536,2748592426.120435,155266836.98631218
2021-08-12 00:00:00 UTC,3.462409491687907,2912584860.387359,230839887.3161877
2021-08-13 00:00:00 UTC,3.352745497502004,2819301585.1781173,203586813.21154845
2021-08-14 00:00:00 UTC,3.5896629819401173,3016593575.609752,189927756.6840469
2021-08-15 00:00:00 UTC,3.6955641539452566,3116958229.53012,231605930.23146328
2021-08-16 00:00:00 UTC,3.733550402440166,3135376728.1307936,158875253.15314943
2021-08-17 00:00:00 UTC,3.6447089861897504,3120693980.1491733,193208902.1544736
2021-08-18 00:00:00 UTC,3.4062618023818403,2877597786.5127487,168634532.34106195
2021-08-19 00:00:00 UTC,3.3774926101511373,2847416099.050925,141409127.68880382
2021-08-20 00:00:00 UTC,3.59905959378501,2982409211.2386928,187563417.10559267
2021-08-21 00:00:00 UTC,3.7113377712177233,3122250442.3796268,148175399.59407616
2021-08-22 00:00:00 UTC,3.687156212536844,3108149440.454372,175435229.25077978
2021-08-23 00:00:00 UTC,3.784732333029052,3190081358.0078287,168172458.67867774
2021-08-24 00:00:00 UTC,4.307103107238585,3630092552.689301,537555507.3021914
2021-08-25 00:00:00 UTC,3.9678123323514622,3351732160.10574,456448406.9697316
2021-08-26 00:00:00 UTC,5.025524698872199,4234314682.895525,1282647658.2093046
2021-08-27 00:00:00 UTC,4.492379932236366,3789872053.56892,736320172.3842787
2021-08-28 00:00:00 UTC,5.218353331719647,4408367389.079286,1008213114.86295
2021-08-29 00:00:00 UTC,5.6389128602504,4628259595.508536,590445818.8264482
2021-08-30 00:00:00 UTC,5.912578647909966,4992384478.890071,1059008469.9500852
2021-08-31 00:00:00 UTC,5.379827448926365,4495092953.799811,754164962.984281
2021-09-01 00:00:00 UTC,5.1952058211902825,4378882660.996366,469465306.13670164
2021-09-02 00:00:00 UTC,5.419560874346176,4564939034.644636,301152186.45743936
2021-09-03 00:00:00 UTC,5.299673949682594,4468519975.1373625,193928022.75093243
2021-09-04 00:00:00 UTC,5.3068801656285896,4468161422.358643,246930469.54282632
2021-09-05 00:00:00 UTC,5.419352076781863,4571844371.456082,257672293.93548632
2021-09-06 00:00:00 UTC,5.5415062979254746,4665155084.953132,284682455.80532813
2021-09-07 00:00:00 UTC,5.615922771105306,4744974151.388845,390315569.50961536
2021-09-08 00:00:00 UTC,4.412167726343004,3716879864.374772,534725343.8629481
2021-09-09 00:00:00 UTC,4.366948337821362,3687699368.182199,327661392.23626536
2021-09-10 00:00:00 UTC,5.544916680567487,4680233103.279368,790775475.3519626
2021-09-11 00:00:00 UTC,6.2216697981563795,5256180438.250961,2669357033.570037
2021-09-12 00:00:00 UTC,6.10496673032843,5153183683.019854,1021914190.3006152
2021-09-13 00:00:00 UTC,7.084283336745076,5902498453.242764,1255125580.8820784
2021-09-14 00:00:00 UTC,7.155904048542667,6039407593.128854,2029106083.6457484
2021-09-15 00:00:00 UTC,7.1118765074055625,5994495051.912384,1233992943.5935836
2021-09-16 00:00:00 UTC,6.9191078103198,5796035687.842726,1000613102.8993312
2021-09-17 00:00:00 UTC,6.997875289906353,5900406875.559447,735196818.1983117
2021-09-18 00:00:00 UTC,6.116856157642638,5176982603.27516,537035054.8745837
2021-09-19 00:00:00 UTC,6.429752116571952,5425387813.133558,531900515.54274666
2021-09-20 00:00:00 UTC,6.55474141374614,5550784068.511783,620128337.8200449
2021-09-21 00:00:00 UTC,5.30272816611977,4426624213.80125,774229840.8471035
2021-09-22 00:00:00 UTC,4.600347574768684,3874127826.698653,562283271.5788723
2021-09-23 00:00:00 UTC,5.5636001324947175,4690630288.222461,477479624.1691879
2021-09-24 00:00:00 UTC,6.265739133456205,5357664017.553318,1058769732.4564334
2021-09-25 00:00:00 UTC,6.924687369493411,6218706397.467961,1477031627.8139439
2021-09-26 00:00:00 UTC,6.900852165803809,5962029600.189922,1077049673.1521382
2021-09-27 00:00:00 UTC,6.531672916559407,5775602735.652932,741322134.6941541
2021-09-28 00:00:00 UTC,6.059994630572483,5218201264.937196,523334788.2817415
2021-09-29 00:00:00 UTC,5.518814821437267,4774848545.549342,583994971.7932324
2021-09-30 00:00:00 UTC,5.633425096237928,4839611479.85286,480922488.3967992
2021-10-01 00:00:00 UTC,5.990525942150535,5145548099.985734,436361440.368963
2021-10-02 00:00:00 UTC,6.620266078272063,5692872997.705191,649282839.2446282
2021-10-03 00:00:00 UTC,7.3074957593127055,6292023922.430194,845290725.2329668
2021-10-04 00:00:00 UTC,8.552075627779084,7384409406.175531,1603586755.090018
2021-10-05 00:00:00 UTC,8.353070356899979,7275867989.055213,1375450597.5918822
2021-10-06 00:00:00 UTC,7.983251447364732,6880460484.40613,828911321.4352046
2021-10-07 00:00:00 UTC,7.812109164866137,6746435032.695334,995222838.0921168
2021-10-08 00:00:00 UTC,7.602232447169177,6541945746.79023,577394449.7289633
2021-10-09 00:00:00 UTC,7.299589812195162,6290191509.211432,596683334.0612503
2021-10-10 00:00:00 UTC,7.5839428896068775,6499507713.564775,306667494.0028087
2021-10-11 00:00:00 UTC,6.982602156395402,6026462645.546703,551044603.5153055
2021-10-12 00:00:00 UTC,6.910465915764709,5931972293.184657,399597884.5677887
2021-10-13 00:00:00 UTC,7.0685057301683125,6096032049.756032,525585006.832527
2021-10-14 00:00:00 UTC,7.308849639322327,6297895155.801598,349006182.68598217
2021-10-15 00:00:00 UTC,7.126165285267567,6139289778.77704,269809669.87767285
2021-10-16 00:00:00 UTC,6.8758853674054325,5940229048.060466,333237311.0275187
2021-10-17 00:00:00 UTC,6.927911124535923,5973221175.960471,222755875.9537964
2021-10-18 00:00:00 UTC,6.640455148709122,5725600387.841279,228145174.604844
2021-10-19 00:00:00 UTC,6.544494693584747,5670347829.841454,223613782.6470481
2021-10-20 00:00:00 UTC,6.7618655635302405,5854856291.066257,288055871.69455314
2021-10-21 00:00:00 UTC,7.0502056445412125,6096121529.729907,267337366.8248825
2021-10-22 00:00:00 UTC,6.6798492796486295,5785446536.096016,277332454.6719526
2021-10-23 00:00:00 UTC,6.7344933930265976,5819215413.873754,194237730.0296308
2021-10-24 00:00:00 UTC,6.764413391942446,5837475353.882059,128092884.37041338
2021-10-25 00:00:00 UTC,6.4953973466163655,5597688248.894304,180872087.60586056
2021-10-26 00:00:00 UTC,6.6376344397191485,5736008736.855064,199749199.7656493
2021-10-27 00:00:00 UTC,6.821305432000173,5901527738.057989,365452367.3010949
2021-10-29 00:00:00 UTC,6.142396110481112,5302391487.70661,304955710.64589006
2021-10-30 00:00:00 UTC,6.540381327380923,5623817834.787835,270081073.485694
2021-10-31 00:00:00 UTC,6.300351290749713,5431268700.615119,320628138.9358657
2021-11-01 00:00:00 UTC,6.334930560262992,5496853748.390037,279365222.37009984
2021-10-28 00:00:00 UTC,5.892478546861154,5111272703.808078,515811041.97555214
2021-11-02 00:00:00 UTC,6.26019273652055,5416364350.635425,205374108.58630082
2021-11-03 00:00:00 UTC,6.252876433694893,5394441886.45234,210796141.77963272
2021-11-04 00:00:00 UTC,6.320465333517567,5463858343.100997,297269790.31677604
2021-11-05 00:00:00 UTC,6.340912151601994,5399944598.498257,181105082.20408377
2021-11-06 00:00:00 UTC,6.495774450442505,5621988503.679664,365930847.36842984
2021-11-07 00:00:00 UTC,6.4342807619987985,5575395787.211444,197260508.61009324
2021-11-08 00:00:00 UTC,6.382027273784567,5515600098.856056,132345847.65725166
2021-11-09 00:00:00 UTC,6.497373834432592,5624871849.470029,248632911.01973408
2021-11-10 00:00:00 UTC,6.3168701869612525,5475947727.296867,247075553.60284325
2021-11-11 00:00:00 UTC,5.804507927486642,4978439714.156367,362747903.80344737
2021-11-12 00:00:00 UTC,5.90118435820426,5119365275.4570465,221869379.73888192
2021-11-13 00:00:00 UTC,5.771667501241281,4984562276.904343,198838600.11356002
2021-11-14 00:00:00 UTC,5.96534548103692,5175513416.977343,191129543.80334285
2021-11-15 00:00:00 UTC,5.866364999431188,5057459816.422018,130533605.41635536
2021-11-16 00:00:00 UTC,5.742621816650956,4976535636.159161,124884679.52772462
